acc,gene,aa,pos,n_all,n_exp,nsg,l3,p3,f3,l4,p4,f4
Q2M2I8,AAK1,T,389,11,0,1,-2.3218,0.0019091,0.141901,0.083665,0.49697,1.0
Q2M2I8,AAK1,T,640,11,0,1,-0.34943,0.19229,1.0,-0.2999,0.368,1.0
Q2M2I8,AAK1,T,653,11,0,1,-0.089076,0.39824,1.0,-0.41837,0.25016,1.0
Q2M2I8,AAK1,S,678,11,0,1,-0.14138,0.34652,1.0,-0.49021,0.28795,1.0
Q2M2I8,AAK1,S,731,11,0,2,0.5519,0.07005,0.870635,0.012406,0.48108,1.0
Q9BTE6,AARSD1,S,174,4,0,1,0.10183,0.42848,0.975125,-0.40243,0.3499,1.0
P33527,ABCC1,S,289,18,0,2,-0.96889,0.17259,1.0,-0.53069,0.28112,1.0
Q8NE71,ABCF1,S,22,16,0,2,0.141,0.50152,0.993279,-1.0985,0.11015,1.0
Q8NE71,ABCF1,T,108,16,0,1,0.55183,0.06243,0.870635,1.3708,0.17964,0.959974
Q8NE71,ABCF1,S,109,16,0,1,0.17447,0.23261,0.903314,0.82873,0.31322,1.0
Q8NE71,ABCF1,S,140,16,0,1,-1.4712,0.062094,0.814084,-0.20742,0.45058,1.0
Q8NE71,ABCF1,S,228,16,0,3,0.1498,0.26855,0.903314,-0.14455,0.51702,1.0
Q9UG63,ABCF2,S,349,16,0,1,0.22636,0.17464,0.88222,1.0199,0.24746,0.959974
Q9NUQ8,ABCF3,S,83,16,0,1,0.85828,0.06243,0.870635,-0.094526,0.40427,1.0
P42684,ABL2,S,783,18,0,1,-0.052733,0.44809,1.0,0.35306,0.40108,1.0
P42684,ABL2,S,817,18,0,1,0.378,0.24469,0.903314,1.1543,0.12563,0.959974
P42684,ABL2,S,866,18,0,1,0.32099,0.084311,0.870635,0.20679,0.491,1.0
P42684,ABL2,S,1054,18,0,1,0.46073,0.16663,0.88222,0.11816,0.491,1.0
Q6H8Q1,ABLIM2,S,364,16,0,2,0.55687,0.027554,0.870635,0.57964,0.27011,0.976758
Q9BR61,ACBD6,S,108,7,0,1,0.33971,0.24072,0.903314,0.54527,0.32103,1.0
P53396,ACLY,T,447,27,8,1,0.2607,0.30043,0.90802,-0.45588,0.4003,1.0
P53396,ACLY,S,455,27,8,3,0.067588,0.52938,1.0,0.45501,0.26697,0.970407
P53396,ACLY,S,481,27,8,1,-0.0045671,0.48787,1.0,-0.65346,0.28003,1.0
Q15067,ACOX1,S,26,3,0,1,-0.5451,0.2561,1.0,0.99097,0.11774,0.959974
P24666,ACP1,Y,143,3,0,1,0.44066,0.20452,0.887649,2.5869,0.032105,0.883805
Q9NR19,ACSS2,S,30,18,0,1,0.82395,0.1243,0.8792,-0.85255,0.27204,1.0
O43707,ACTN4,S,656,3,0,2,0.44623,0.071326,0.870635,-0.15525,0.13206,1.0
Q13443,ADAM9,S,798,4,0,2,-0.18284,0.44217,1.0,0.63371,0.15693,0.959974
P55265,ADAR,S,35,4,0,1,0.17851,0.4386,0.975125,-0.52314,0.40825,1.0
P55265,ADAR,S,605,4,0,2,-0.087153,0.66812,1.0,0.055525,0.40384,1.0
P55265,ADAR,T,808,4,0,1,0.76731,0.034368,0.870635,0.67395,0.29717,1.0
Q9BUB4,ADAT1,T,50,10,0,1,0.25953,0.24071,0.903314,-0.70514,0.1644,1.0
Q96EY9,ADAT3,S,34,4,0,1,0.58048,0.064436,0.870635,2.7506,0.034124,0.883805
P51828,ADCY7,S,269,20,0,1,-0.271,0.24219,1.0,-0.30695,0.35386,1.0
Q8NDL9,AGBL5,S,539,4,0,1,-0.25512,0.3745,1.0,-0.79431,0.28204,1.0
P35573,AGL,Y,584,3,0,2,-0.22925,0.20911,1.0,0.54234,0.25986,0.961678
O00116,AGPS,T,82,27,0,1,-0.012259,0.47395,1.0,1.0262,0.21165,0.959974
O43865,AHCYL1,S,2,15,10,1,0.70821,0.024195,0.870635,0.99452,0.23142,0.959974
P31749,AKT1,S,126,22,11,1,0.33165,0.090389,0.870635,1.0013,0.25924,0.961678
P31749,AKT1,S,477,22,11,2,0.2531,0.52356,1.0,0.84475,0.093823,0.926185
P31749,AKT1,T,479,22,11,2,-0.46536,0.35761,1.0,-0.98757,0.27011,1.0
P31751,AKT2,T,309,13,2,1,-0.39642,0.22222,1.0,-2.0408,0.0059512,0.638681
P31751,AKT2,S,474,13,2,2,-1.9254,2.45e-05,0.002644,-1.1199,0.027913,1.0
P04075,ALDOA,S,36,8,0,1,0.48534,0.19464,0.887649,0.61709,0.27911,0.994523
P09972,ALDOC,S,45,4,0,1,0.13669,0.2785,0.906709,1.3148,0.19757,0.959974
Q6NS38,ALKBH2,T,37,15,15,1,0.24061,0.21849,0.893019,0.71885,0.31911,1.0
Q6P6C2,ALKBH5,S,384,7,7,1,-0.35723,0.27819,1.0,2.0456,0.046186,0.883805
Q96BT7,ALKBH8,S,524,12,9,1,0.48215,0.048336,0.870635,0.0183,0.53503,1.0
Q9P2G1,ANKIB1,S,911,21,0,1,0.0036903,0.51017,0.993279,-0.58107,0.21232,1.0
Q8IV38,ANKMY2,S,422,8,0,2,0.038781,0.50152,0.993279,0.51928,0.59947,1.0
Q9H8Y5,ANKZF1,T,607,1,0,1,-0.27345,0.19429,1.0,1.6153,0.12563,0.959974
Q9H8Y5,ANKZF1,S,675,1,0,1,0.34231,0.13848,0.8792,1.0198,0.23937,0.959974
P61204,ARF3,T,64,17,0,3,0.070918,0.48923,0.993279,1.5347,0.05678,0.883805
Q9NRY4,ARHGAP35,S,773,17,17,1,-0.065313,0.38632,1.0,0.77994,0.3271,1.0
Q9NRY4,ARHGAP35,S,1179,17,17,3,0.28966,0.18834,0.887649,1.2133,0.26203,0.961678
O95671,ASMTL,S,239,6,0,3,-0.025263,0.51155,1.0,1.1148,0.24744,0.959974
Q6PL18,ATAD2,S,41,8,0,1,-1.5937,0.05192,0.806728,4.8008,0.0020098,0.443423
Q6PL18,ATAD2,S,421,8,0,1,0.47745,0.07637,0.870635,-0.90896,0.1044,1.0
Q6PL18,ATAD2,S,696,8,0,2,0.15149,0.46058,0.985552,-0.079976,0.3879,1.0
Q6PL18,ATAD2,S,969,8,0,2,0.61811,0.033327,0.870635,-0.61665,0.15803,1.0
Q6PL18,ATAD2,T,1176,8,0,1,0.38227,0.26447,0.903314,0.41258,0.34705,1.0
Q9ULI0,ATAD2B,S,16,8,0,2,0.49489,0.02859,0.870635,1.4701,0.0065081,0.67882
Q9ULI0,ATAD2B,S,939,8,0,1,0.47683,0.10428,0.870635,-2.1431,0.00595,0.638681
Q9ULI0,ATAD2B,S,945,8,0,1,0.1682,0.38659,0.956823,0.40836,0.35719,1.0
Q9NVI7,ATAD3A,S,120,8,0,1,0.48552,0.12225,0.874053,1.141,0.19757,0.959974
Q96QE3,ATAD5,S,219,8,0,1,-0.097948,0.34449,1.0,1.2658,0.20767,0.959974
Q5SQI0,ATAT1,S,276,24,24,1,0.68375,0.16054,0.88222,-1.5304,0.056241,1.0
P31939,ATIC,S,387,29,24,1,0.19864,0.29444,0.90802,-0.57666,0.2521,1.0
P05023,ATP1A1,S,653,28,19,1,0.18815,0.37063,0.956823,0.57343,0.31911,1.0
P16615,ATP2A2,S,335,23,0,1,0.30806,0.2566,0.903314,0.97932,0.19757,0.959974
Q93084,ATP2A3,T,538,23,0,1,0.41227,0.13848,0.8792,0.0024659,0.54115,1.0
P23634,ATP2B4,S,13,3,0,1,-1.7965,0.021904,0.644867,0.53697,0.25539,0.959974
P23634,ATP2B4,S,17,3,0,1,0.17146,0.31442,0.915212,2.2405,0.056135,0.883805
P21281,ATP6V1B2,S,51,1,1,1,-2.3054,5.21e-07,6e-05,-1.9573,0.022129,0.959477
Q04656,ATP7A,T,152,17,4,1,0.25343,0.24669,0.903314,1.0191,0.22153,0.959974
P46100,ATRX,S,60,8,0,1,-0.31942,0.26016,1.0,0.16886,0.46903,1.0
P46100,ATRX,S,598,8,0,1,-0.16892,0.33246,1.0,-1.1006,0.1044,1.0
P46100,ATRX,S,677,8,0,2,-0.46311,0.11162,0.979559,-0.39793,0.17731,1.0
P46100,ATRX,S,876,8,0,1,-0.43588,0.14241,1.0,0.20323,0.449,1.0
P46100,ATRX,S,1348,8,0,1,0.080837,0.3667,0.956823,0.74407,0.34918,1.0
P46100,ATRX,S,1996,8,0,1,-0.11165,0.40815,1.0,-1.9145,0.016086,0.87425
O14874,BCKDK,T,35,10,10,1,-0.38618,0.15839,1.0,-0.32,0.32385,1.0
Q9H165,BCL11A,S,205,16,16,2,-0.49407,0.083938,0.873128,-0.95363,0.073958,1.0
Q9H165,BCL11A,S,246,16,16,1,0.11918,0.4386,0.975125,-0.67448,0.28795,1.0
Q9H165,BCL11A,S,328,16,16,1,-0.29632,0.25014,1.0,-0.59301,0.27011,1.0
Q9H165,BCL11A,T,701,16,16,1,0.27359,0.26447,0.903314,2.5013,0.034124,0.883805
Q9H165,BCL11A,T,722,16,16,1,-0.37924,0.24219,1.0,-1.8088,0.024126,0.959477
P54132,BLM,S,443,16,16,2,0.016051,0.52908,1.0,0.13388,0.55018,1.0
P54132,BLM,S,464,16,16,2,0.070317,0.50977,0.993279,1.7535,0.074845,0.911807
Q9NSY1,BMP2K,S,680,11,0,1,-0.21585,0.2762,1.0,0.49273,0.37536,1.0
Q1RMZ1,BMT2,T,21,6,2,1,0.021307,0.48858,0.993279,3.04,0.020103,0.760508
P25440,BRD2,S,298,6,6,1,-0.48904,0.18034,1.0,-1.3891,0.078453,1.0
Q92994,BRF1,S,553,4,0,1,-2.4528,0.017835,0.623526,-0.92262,0.23012,1.0
Q92994,BRF1,S,614,4,0,1,-1.1821,0.082226,0.858283,-0.33382,0.38023,1.0
Q9BX63,BRIP1,S,1004,12,0,2,-0.099788,0.40569,1.0,0.62524,0.33706,1.0
Q8TDC3,BRSK1,S,508,11,0,1,-0.16468,0.38632,1.0,1.2166,0.13964,0.959974
Q8TDC3,BRSK1,T,535,11,0,1,0.44016,0.17464,0.88222,1.3362,0.15556,0.959974
Q8TDC3,BRSK1,S,563,11,0,1,0.25207,0.15654,0.88222,0.52091,0.39322,1.0
Q8IWQ3,BRSK2,S,367,11,0,3,0.25778,0.33735,0.943487,-0.34154,0.43866,1.0
Q8IWQ3,BRSK2,T,389,11,0,1,0.31314,0.17667,0.88222,0.23747,0.449,1.0
O14981,BTAF1,S,91,8,0,1,-0.4174,0.27221,1.0,-0.92528,0.23012,1.0
O43683,BUB1,S,593,11,0,1,0.12568,0.42652,0.975125,-1.6919,0.032041,1.0
O43683,BUB1,S,602,11,0,2,0.28177,0.12874,0.8792,0.41532,0.36945,1.0
O60566,BUB1B,T,40,11,0,1,0.022509,0.4945,0.993279,-0.68973,0.26219,1.0
O60566,BUB1B,S,367,11,0,1,0.2852,0.14248,0.8792,0.85732,0.31911,1.0
O60566,BUB1B,S,633,11,0,1,0.29368,0.18665,0.887649,-0.17836,0.3199,1.0
O60566,BUB1B,S,665,11,0,1,0.056011,0.45249,0.985208,1.2138,0.17156,0.959974
Q86YS7,C2CD5,S,260,6,0,1,0.23036,0.31049,0.915212,0.70633,0.25539,0.959974
Q86YS7,C2CD5,T,314,6,0,4,0.0043778,0.7606,1.0,0.88054,0.15121,0.959974
Q13137,CALCOCO2,S,445,4,0,1,0.18645,0.38659,0.956823,1.2051,0.13158,0.959974
Q13555,CAMK2G,S,311,11,0,1,0.087251,0.44465,0.975125,2.2966,0.038223,0.883805
Q13555,CAMK2G,S,349,11,0,2,-0.44476,0.37719,1.0,-0.55224,0.20863,1.0
Q13555,CAMK2G,T,382,11,0,1,-0.053255,0.43418,1.0,-1.1278,0.082492,1.0
Q13555,CAMK2G,S,419,11,0,1,0.25978,0.2566,0.903314,0.26411,0.43099,1.0
Q16566,CAMK4,T,200,11,0,1,-0.011412,0.48377,1.0,0.59091,0.33716,1.0
Q16566,CAMK4,S,345,11,0,1,0.75705,0.066501,0.870635,0.1429,0.491,1.0
Q96RR4,CAMKK2,S,129,11,0,2,0.044664,0.37833,0.956823,-1.0857,0.077089,1.0
Q96RR4,CAMKK2,S,133,11,0,2,0.02275,0.37015,0.956823,-0.13817,0.43003,1.0
Q96RR4,CAMKK2,S,495,11,0,1,-0.043941,0.40815,1.0,-0.71498,0.070352,1.0
P27824,CANX,S,132,8,0,1,0.12404,0.39857,0.956823,-0.65673,0.23814,1.0
P27824,CANX,S,554,8,0,1,0.095129,0.40655,0.969392,-0.21965,0.3499,1.0
P27824,CANX,T,562,8,0,2,0.44057,0.07005,0.870635,2.2834,0.044449,0.883805
P07384,CAPN1,S,2,18,0,1,-0.31515,0.19229,1.0,0.021503,0.53299,1.0
Q8N4J0,CARNMT1,S,39,11,11,1,-3.9014,0.017836,0.623526,1.0483,0.060012,0.883805
Q92851,CASP10,T,198,2,0,1,0.45573,0.13239,0.8792,0.034669,0.53101,1.0
P04040,CAT,S,517,11,9,1,-0.43873,0.15225,1.0,3.2171,0.016163,0.725671
O43439,CBFA2T2,S,76,8,0,2,0.04123,0.48514,0.993279,-0.14722,0.43204,1.0
O43439,CBFA2T2,S,264,8,0,1,0.42445,0.31049,0.915212,1.6815,0.060011,0.883805
O43439,CBFA2T2,S,551,8,0,1,-0.10993,0.34853,1.0,-0.53759,0.23219,1.0
O75081,CBFA2T3,S,459,8,0,2,-3.0825,0.0066519,0.383348,0.71426,0.0014864,0.443423
P22681,CBL,S,439,6,5,1,0.1321,0.3125,0.915212,-1.287,0.02611,0.959477
P22681,CBL,S,486,6,5,1,0.34692,0.14862,0.880494,-0.20675,0.28204,1.0
P22681,CBL,S,526,6,5,1,0.029857,0.4565,0.985208,0.72887,0.33902,1.0
P22681,CBL,S,553,6,5,2,-0.29277,0.31261,1.0,1.1543,0.14963,0.959974
P22681,CBL,S,626,6,5,1,-0.32649,0.082226,0.858283,0.46435,0.40708,1.0
P22681,CBL,Y,674,6,5,1,-0.71667,0.03598,0.76866,0.82389,0.25539,0.959974
P22681,CBL,Y,700,6,5,1,0.064784,0.42848,0.975125,0.42348,0.38326,1.0
Q13191,CBLB,Y,763,6,0,2,-0.24514,0.18383,1.0,0.11901,0.71814,1.0
P35520,CBS,S,23,9,9,2,-0.13911,0.5534,1.0,0.68386,0.34025,1.0
P78371,CCT2,S,5,11,11,1,-0.36795,0.26016,1.0,0.37562,0.37536,1.0
P78371,CCT2,S,260,11,11,2,-1.8229,0.13623,1.0,0.10576,0.65335,1.0
P49368,CCT3,S,170,13,13,1,0.28263,0.12022,0.870635,-0.50085,0.16639,1.0
P49368,CCT3,S,252,13,13,1,0.18461,0.26253,0.903314,0.47623,0.40306,1.0
P50991,CCT4,S,9,11,11,3,-0.34744,0.33978,1.0,-0.34812,0.39247,1.0
P50991,CCT4,S,39,11,11,1,-0.1571,0.31833,1.0,0.50369,0.35118,1.0
P48643,CCT5,S,180,10,10,1,0.31699,0.054278,0.870635,-0.10973,0.20633,1.0
P48643,CCT5,T,349,10,10,2,-0.18103,0.36044,1.0,-0.8703,0.09592,1.0
P50990,CCT8,S,150,13,13,1,0.30906,0.22059,0.898723,-0.25421,0.32179,1.0
P50990,CCT8,T,381,13,13,1,0.023803,0.48052,0.98948,-0.8611,0.1543,1.0
P50990,CCT8,S,537,13,13,2,0.089156,0.63777,1.0,0.43152,0.1275,0.959974
P30305,CDC25B,T,58,1,0,1,-0.11037,0.36441,1.0,-0.29095,0.28995,1.0
P30305,CDC25B,S,91,1,0,1,0.23646,0.31838,0.915212,0.68298,0.25733,0.961678
P30305,CDC25B,S,151,1,0,1,0.45282,0.16054,0.88222,1.1765,0.1836,0.959974
P30305,CDC25B,S,249,1,0,1,0.2711,0.21451,0.887649,-0.50648,0.2602,1.0
P30305,CDC25B,S,353,1,0,1,0.036387,0.4565,0.985208,0.81738,0.29103,1.0
P30307,CDC25C,S,216,1,0,1,-0.35834,0.29218,1.0,-0.049319,0.39834,1.0
Q5VT25,CDC42BPA,S,1635,11,1,1,0.33986,0.096363,0.870635,0.34546,0.44308,1.0
Q6DT37,CDC42BPG,S,1462,11,1,2,0.23881,0.18435,0.887473,-0.042863,0.34918,1.0
Q99741,CDC6,S,45,8,0,1,0.2836,0.29444,0.90802,0.098434,0.49496,1.0
Q99741,CDC6,S,54,8,0,1,0.88562,0.012,0.870635,0.73151,0.29717,1.0
Q99741,CDC6,S,74,8,0,3,0.15238,0.32934,0.93679,0.18602,0.64518,1.0
O00311,CDC7,S,27,11,0,1,0.24166,0.33668,0.943235,-1.6075,0.052154,1.0
P06493,CDK1,Y,15,11,0,2,-1.6646,5.21e-07,6e-05,-0.67545,0.19586,1.0
P06493,CDK1,T,161,11,0,1,-0.7848,5.21e-07,6e-05,1.078,0.23142,0.959974
Q9NYV4,CDK12,T,158,18,0,1,-0.29816,0.21223,1.0,0.51655,0.35313,1.0
Q9NYV4,CDK12,S,291,18,0,1,-0.59078,0.21419,1.0,-0.79088,0.27602,1.0
Q9NYV4,CDK12,S,383,18,0,1,0.12358,0.26447,0.903314,1.3388,0.22349,0.959974
Q9NYV4,CDK12,S,681,18,0,2,0.13704,0.32875,0.935664,-0.82512,0.10373,1.0
Q9NYV4,CDK12,T,1244,18,0,1,-0.12235,0.34052,1.0,1.9267,0.096008,0.926185
Q14004,CDK13,S,238,11,0,1,0.0056541,0.51017,0.993279,0.89527,0.19757,0.959974
Q14004,CDK13,S,253,11,0,1,0.1078,0.44056,0.975125,-1.4219,0.086482,1.0
Q14004,CDK13,S,286,11,0,1,-0.19262,0.31428,1.0,0.65327,0.29923,1.0
Q14004,CDK13,S,328,11,0,1,-0.16973,0.33246,1.0,-0.10503,0.4003,1.0
Q14004,CDK13,S,367,11,0,3,0.46575,0.21347,0.887649,0.014572,0.65691,1.0
Q14004,CDK13,S,1048,11,0,3,-0.026631,0.45224,1.0,1.3476,0.31473,1.0
Q14004,CDK13,T,1246,11,0,1,-0.48362,0.15028,1.0,2.6464,0.034124,0.883805
Q00536,CDK16,S,90,11,0,1,0.17673,0.24469,0.903314,0.78117,0.33902,1.0
Q00534,CDK6,S,223,11,0,1,-0.13873,0.28031,1.0,0.78603,0.31709,1.0
Q5VV42,CDKAL1,S,53,6,0,1,-0.3027,0.30222,1.0,-0.41711,0.368,1.0
O76039,CDKL5,S,306,11,0,1,0.22039,0.29444,0.90802,-1.5239,0.033994,1.0
Q6ZMG9,CERS6,S,381,1,1,1,-0.56607,0.30222,1.0,-0.20212,0.4527,1.0
Q9Y5P4,CERT1,S,126,4,4,1,0.54521,0.024194,0.870635,0.30228,0.46097,1.0
Q9Y5P4,CERT1,S,377,4,4,2,0.5685,0.061715,0.870635,-0.43334,0.24812,1.0
O14646,CHD1,S,90,8,0,1,-0.26395,0.25014,1.0,0.35389,0.40306,1.0
O14646,CHD1,S,1387,8,0,1,0.033937,0.44465,0.975125,1.2391,0.22751,0.959974
O14646,CHD1,S,1677,8,0,1,-0.98188,0.10637,0.957869,1.9181,0.046186,0.883805
O14646,CHD1,S,1683,8,0,1,-0.14287,0.33246,1.0,-0.16601,0.37015,1.0
O14646,CHD1,S,1689,8,0,1,-0.008975,0.48183,1.0,0.65842,0.31518,1.0
O14646,CHD1,T,1700,8,0,1,-0.40776,0.30027,1.0,-0.88663,0.29399,1.0
O14647,CHD2,Y,1753,8,0,1,-0.42508,0.32032,1.0,-1.1771,0.17039,1.0
O14647,CHD2,S,1795,8,0,1,-0.2387,0.30027,1.0,0.11925,0.49298,1.0
Q12873,CHD3,S,73,8,0,6,-0.23323,0.17506,1.0,-0.47691,0.2872,1.0
Q8TD26,CHD6,S,27,8,0,3,-0.0077989,0.79916,1.0,0.89921,0.05678,0.883805
Q8TD26,CHD6,S,1840,8,0,1,-1.2067,0.011762,0.475985,-1.0099,0.15634,1.0
Q9P2D1,CHD7,S,2356,8,0,1,0.16675,0.23261,0.903314,0.47755,0.42093,1.0
Q9P2D1,CHD7,S,2559,8,0,1,-0.20418,0.30429,1.0,1.0208,0.19757,0.959974
Q9HCK8,CHD8,S,550,8,0,2,0.018065,0.35645,0.95101,0.11245,0.67183,1.0
Q9HCK8,CHD8,S,1978,8,0,1,-0.48648,0.18235,1.0,-0.3197,0.37222,1.0
Q9HCK8,CHD8,T,1982,8,0,1,0.0522,0.45449,0.985208,-0.66392,0.23413,1.0
Q3L8U1,CHD9,S,2058,8,0,1,0.38467,0.16663,0.88222,-0.87759,0.17731,1.0
O96017,CHEK2,T,506,20,0,1,0.23958,0.29245,0.906709,2.2262,0.046185,0.883805
Q9UHD1,CHORDC1,T,204,16,8,2,0.30729,0.13755,0.8792,1.3356,0.17146,0.959974
Q9NPF2,CHST11,S,194,16,0,2,0.0075387,0.18435,0.887473,0.47556,0.62201,1.0
Q9NPF2,CHST11,S,207,16,0,2,0.23064,0.099529,0.870635,0.018854,0.6095,1.0
Q9BW66,CINP,S,70,1,1,1,-0.27097,0.15225,1.0,0.078758,0.51718,1.0
P0C7P0,CISD3,S,83,8,8,1,0.011012,0.50426,0.993279,0.95465,0.20164,0.959974
O14578,CIT,S,446,11,0,3,0.14768,0.54082,1.0,1.3214,0.15556,0.883805
O14578,CIT,S,480,11,0,1,-0.048828,0.42613,1.0,1.9603,0.089911,0.911807
P49759,CLK1,T,138,11,0,1,0.22064,0.24469,0.903314,0.33715,0.43298,1.0
P49759,CLK1,S,140,11,0,1,0.0056278,0.50619,0.993279,0.61711,0.34705,1.0
P49760,CLK2,S,142,11,0,1,-0.21411,0.30027,1.0,0.31244,0.41109,1.0
Q9HAZ1,CLK4,S,138,11,0,1,0.44439,0.1445,0.880494,0.045602,0.52906,1.0
O76031,CLPX,S,87,12,0,1,-0.42443,0.27619,1.0,-0.10998,0.44258,1.0
O76031,CLPX,T,443,12,0,2,0.0056579,0.23758,0.903314,-0.32999,0.077831,1.0
Q8N1G2,CMTR1,S,31,23,20,1,0.35673,0.22862,0.903314,-1.1888,0.12211,1.0
Q8N1G2,CMTR1,S,121,23,20,1,0.71453,0.030287,0.870635,0.85302,0.26332,0.961678
O75208,COQ9,S,78,1,1,1,-0.18386,0.31833,1.0,3.8008,0.0059641,0.67882
O75976,CPD,T,1368,8,0,1,-0.36209,0.11043,0.978643,-0.038629,0.368,1.0
Q17RY0,CPEB4,S,99,8,0,1,0.34752,0.25859,0.903314,1.1875,0.15964,0.959974
Q17RY0,CPEB4,S,332,8,0,1,0.023811,0.48858,0.993279,0.12679,0.491,1.0
Q9BSW2,CRACR2A,S,426,20,0,3,0.086894,0.29729,0.90802,0.24091,0.54689,1.0
Q9BSW2,CRACR2A,S,473,20,0,1,-0.3568,0.26016,1.0,0.73328,0.25539,0.959974
Q9BSW2,CRACR2A,S,495,20,0,1,-0.4882,0.070261,0.826886,1.1045,0.22349,0.959974
Q9BSW2,CRACR2A,T,518,20,0,1,-1.3843,0.049915,0.806728,-0.30262,0.40624,1.0
Q92793,CREBBP,T,974,28,0,1,-0.56623,0.15225,1.0,-0.67624,0.27204,1.0
Q92793,CREBBP,S,2063,28,0,1,0.054273,0.48858,0.993279,-1.5378,0.072371,1.0
P48730,CSNK1D,S,331,11,0,1,0.048882,0.47052,0.985552,-1.4903,0.042078,1.0
P48730,CSNK1D,T,347,11,0,2,-0.081089,0.4928,1.0,1.2791,0.074844,0.911807
P48730,CSNK1D,S,356,11,0,1,-2.6396,0.05192,0.806728,1.1826,0.034122,0.883805
P48730,CSNK1D,S,384,11,0,3,0.15625,0.52072,1.0,-0.47498,0.29559,1.0
P48730,CSNK1D,S,398,11,0,1,-1.0704,0.10243,0.937792,0.075902,0.491,1.0
P49674,CSNK1E,S,363,11,0,2,0.27345,0.09188,0.870635,0.89821,0.33373,1.0
P78368,CSNK1G2,S,33,11,0,1,0.99581,0.012,0.870635,0.57372,0.34312,1.0
P78368,CSNK1G2,S,359,11,0,1,0.19867,0.24469,0.903314,1.4052,0.1876,0.959974
P17812,CTPS1,S,200,27,27,1,0.40406,0.20452,0.887649,-1.2632,0.072371,1.0
P07339,CTSD,S,37,2,2,1,0.69037,0.24469,0.903314,-1.3053,0.13209,1.0
Q8IWT3,CUL9,S,329,33,16,1,0.10758,0.38059,0.956823,-0.1536,0.3479,1.0
Q9P0U4,CXXC1,S,6,8,0,1,-0.024298,0.46601,1.0,-0.020065,0.44258,1.0
Q9P0U4,CXXC1,S,19,8,0,1,0.44373,0.21451,0.887649,0.49014,0.3411,1.0
O43169,CYB5B,S,11,2,0,1,-1.333,0.049915,0.806728,-0.86642,0.24429,1.0
Q9UBU7,DBF4,S,420,4,0,1,0.01693,0.48858,0.993279,0.21779,0.46097,1.0
Q9UBU7,DBF4,S,636,4,0,1,0.16339,0.33667,0.943235,-0.90052,0.12211,1.0
Q9UK59,DBR1,S,478,7,0,1,0.062626,0.44465,0.975125,1.2174,0.1836,0.959974
Q66K64,DCAF15,S,50,7,7,1,0.8892,0.11633,0.870635,1.04,0.15556,0.959974
Q66K64,DCAF15,S,310,7,7,2,0.68492,0.00086369,0.547525,1.2502,0.36621,1.0
P27707,DCK,S,11,24,0,2,-0.3031,0.20911,1.0,1.049,0.33373,1.0
Q6PJP8,DCLRE1A,S,364,4,0,1,-0.53384,0.039932,0.76866,0.55672,0.35918,1.0
Q6PJP8,DCLRE1A,S,590,4,0,1,-0.32923,0.068203,0.826886,0.73216,0.34312,1.0
Q8IU60,DCP2,S,347,2,0,1,1.133,0.012,0.870635,1.4671,0.11774,0.959974
Q96C86,DCPS,S,24,16,4,2,0.47818,0.070675,0.870635,1.2522,0.18214,0.959974
Q8NEL9,DDHD1,S,11,1,0,1,0.021141,0.4945,0.993279,-0.92982,0.17834,1.0
Q8NEL9,DDHD1,S,727,1,0,1,-0.99121,0.076363,0.834482,-0.73368,0.2143,1.0
Q5TDH0,DDI2,S,128,1,0,1,-0.23975,0.24423,1.0,1.0572,0.21551,0.959974
Q5TDH0,DDI2,S,150,1,0,1,-0.051423,0.45608,1.0,-0.1201,0.44662,1.0
Q13206,DDX10,T,577,12,0,1,-0.037582,0.46208,1.0,-0.49539,0.38023,1.0
Q13206,DDX10,S,831,12,0,2,0.40206,0.2569,0.903314,1.706,0.02537,0.826064
Q9NVP1,DDX18,T,308,8,0,1,-0.45256,0.21619,1.0,1.6167,0.082038,0.911807
Q9UHI6,DDX20,S,672,8,0,1,-0.080496,0.4202,1.0,3.09,0.018149,0.725671
Q9UHI6,DDX20,S,714,8,0,1,0.72282,0.034368,0.870635,0.71512,0.29717,1.0
Q9GZR7,DDX24,S,287,8,0,1,0.090968,0.39458,0.956823,2.9578,0.024043,0.810102
O00148,DDX39A,T,171,8,0,1,-0.41728,0.16446,1.0,-2.0656,0.0059512,0.638681
O00571,DDX3X,S,2,16,0,1,-0.32927,0.092291,0.899189,-0.059063,0.29399,1.0
O00571,DDX3X,S,86,16,0,1,0.49712,0.10624,0.870635,0.4184,0.38326,1.0
O00571,DDX3X,S,630,16,0,2,0.0082797,0.63292,1.0,-0.96136,0.10373,1.0
Q9UJV9,DDX41,S,23,8,0,1,-0.050194,0.45608,1.0,-0.64723,0.30585,1.0
Q9UJV9,DDX41,S,66,8,0,3,0.041065,0.50348,0.993279,-0.25176,0.21495,1.0
Q86XP3,DDX42,S,58,8,0,1,-0.38317,0.076363,0.834482,0.44562,0.40108,1.0
Q86XP3,DDX42,S,109,8,0,1,0.02339,0.48858,0.993279,0.19414,0.46097,1.0
Q86XP3,DDX42,S,111,8,0,1,0.76323,0.064435,0.870635,-0.25886,0.39231,1.0
Q86XP3,DDX42,S,829,8,0,1,-0.11474,0.38632,1.0,0.066256,0.51522,1.0
Q86XP3,DDX42,S,831,8,0,1,0.16242,0.23261,0.903314,-0.24677,0.20633,1.0
Q9H0S4,DDX47,S,9,8,0,1,-0.091009,0.36641,1.0,2.9161,0.018149,0.862274
Q9H0S4,DDX47,T,434,8,0,1,-0.48074,0.13237,1.0,0.2542,0.42704,1.0
P17844,DDX5,T,507,12,0,1,-0.15806,0.2762,1.0,2.7054,0.038223,0.883805
Q8N8A6,DDX51,S,83,8,0,2,0.45336,0.047402,0.870635,1.353,0.15693,0.959974
Q8TDD1,DDX54,S,39,8,0,1,-0.70121,0.15225,1.0,-0.66498,0.27204,1.0
Q8TDD1,DDX54,S,41,8,0,1,-0.1735,0.30027,1.0,-0.16754,0.35186,1.0
Q8TDD1,DDX54,S,75,8,0,3,0.3797,0.21347,0.887649,-1.1317,0.090763,1.0
O75398,DEAF1,T,171,8,0,1,0.8456,0.12225,0.874053,0.71285,0.20962,0.959974
O75398,DEAF1,T,312,8,0,1,0.40559,0.1183,0.870635,0.67454,0.34705,1.0
O75398,DEAF1,T,432,8,0,1,0.080321,0.39458,0.956823,0.051741,0.52906,1.0
Q6ICB0,DESI1,S,25,2,0,2,-0.19123,0.39141,1.0,-0.47519,0.23464,1.0
O75907,DGAT1,S,18,13,13,2,0.11687,0.21261,0.887649,-0.88852,0.17315,1.0
Q8WYQ5,DGCR8,S,95,1,0,1,-1.2678,0.043898,0.806728,-1.1174,0.14408,1.0
Q8WYQ5,DGCR8,S,127,1,0,1,-0.32601,0.11249,0.979559,-0.18113,0.30787,1.0
Q8WYQ5,DGCR8,S,271,1,0,1,-0.42595,0.21419,1.0,0.35147,0.3893,1.0
Q8WYQ5,DGCR8,S,377,1,0,3,0.16372,0.53224,1.0,2.7124,0.0098888,0.725671
O43143,DHX15,S,15,8,0,1,0.14281,0.41059,0.975125,-0.40818,0.38614,1.0
O60231,DHX16,S,103,8,0,1,-0.01913,0.45608,1.0,2.2294,0.060012,0.883805
Q14147,DHX34,S,20,8,0,1,0.86874,0.070472,0.870635,-0.98759,0.16037,1.0
Q14562,DHX8,S,129,8,0,1,0.80221,0.082355,0.870635,-1.0194,0.16639,1.0
Q08211,DHX9,S,1171,10,10,3,0.030513,0.77512,1.0,0.058025,0.26203,0.961678
Q9UNQ2,DIMT1,S,24,6,6,1,0.14282,0.22862,0.903314,1.2594,0.23142,0.959974
Q8IYB7,DIS3L2,S,31,2,0,1,-0.37561,0.25014,1.0,1.0802,0.26332,0.959974
O60832,DKC1,S,422,1,0,1,0.04283,0.45249,0.985208,0.056358,0.5232,1.0
O60832,DKC1,S,485,1,0,1,-0.60279,0.25411,1.0,-1.0723,0.19433,1.0
P31689,DNAJA1,S,335,8,0,1,-0.22544,0.17043,1.0,1.4856,0.17348,0.959974
Q96EY1,DNAJA3,S,169,8,8,1,0.32787,0.19662,0.887649,0.95167,0.22751,0.959974
O75061,DNAJC6,T,572,1,0,1,0.203,0.21057,0.887649,-0.22062,0.2602,1.0
O75061,DNAJC6,S,745,1,0,2,-0.077871,0.66812,1.0,0.97804,0.010262,0.725671
Q5SXM8,DNLZ,S,171,4,0,1,-0.35132,0.12647,1.0,2.4504,0.046185,0.883805
P26358,DNMT1,S,143,29,29,1,-0.25983,0.19026,1.0,1.1472,0.22553,0.959974
P26358,DNMT1,S,154,29,29,1,0.53211,0.066501,0.870635,0.81001,0.28313,0.995855
Q9Y6K1,DNMT3A,S,75,13,12,2,-0.14799,0.5345,1.0,1.2801,0.048378,0.883805
Q9Y6K1,DNMT3A,T,138,13,12,1,0.24401,0.26853,0.903314,0.030971,0.53101,1.0
Q9Y6K1,DNMT3A,T,260,13,12,2,0.37242,0.33152,0.941036,-0.45907,0.28508,1.0
Q9Y6K1,DNMT3A,T,261,13,12,1,0.69126,0.1023,0.870635,1.1898,0.16955,0.959974
Q9UBC3,DNMT3B,S,136,13,0,1,0.16209,0.2785,0.906709,1.098,0.22751,0.959974
O43598,DNPH1,S,12,8,8,1,0.23713,0.34874,0.95101,-0.64558,0.27602,1.0
O43598,DNPH1,S,128,8,8,2,0.28518,0.034475,0.870635,0.62761,0.37569,1.0
O43598,DNPH1,S,169,8,8,1,0.55677,0.21451,0.887649,0.92097,0.12752,0.959974
P04053,DNTT,T,273,13,0,1,0.31991,0.20049,0.887649,0.34351,0.41699,1.0
Q14183,DOC2A,S,221,9,0,1,-0.26905,0.26016,1.0,-0.032451,0.42656,1.0
Q8TEK3,DOT1L,S,374,6,6,2,-0.34914,0.17818,1.0,0.83628,0.32718,1.0
Q8TEK3,DOT1L,S,471,6,6,1,-0.33315,0.34652,1.0,-0.51718,0.43249,1.0
Q8TEK3,DOT1L,T,772,6,6,1,0.12046,0.34874,0.95101,1.6648,0.16955,0.959974
Q8TEK3,DOT1L,S,786,6,6,1,0.7303,0.03634,0.870635,0.086127,0.50307,1.0
Q8TEK3,DOT1L,S,826,6,6,1,0.35896,0.17667,0.88222,2.983,0.024043,0.810102
Q8TEK3,DOT1L,S,1001,6,6,1,0.4942,0.14862,0.880494,1.0582,0.19364,0.959974
Q8TEK3,DOT1L,S,1009,6,6,3,-0.090148,0.53839,1.0,1.2226,0.17026,0.959974
Q8TEK3,DOT1L,S,1035,6,6,2,0.23593,0.18802,0.887649,-0.68176,0.1389,1.0
Q8TEK3,DOT1L,S,1093,6,6,1,-0.71304,0.22615,1.0,0.05001,0.50919,1.0
Q9BQC3,DPH2,S,488,3,0,2,0.10045,0.30118,0.90802,0.54214,0.363,1.0
O60941,DTNB,S,394,8,0,1,-0.77507,0.074313,0.834482,-0.21414,0.43864,1.0
Q86UW9,DTX2,S,282,8,8,1,1.1443,0.07047,0.870635,-1.815,0.048124,1.0
Q9NRD9,DUOX1,S,851,47,38,1,-0.31505,0.32438,1.0,0.13681,0.45098,1.0
Q9NRD8,DUOX2,T,968,9,0,1,0.17562,0.35265,0.95101,-0.11355,0.40427,1.0
Q9BY84,DUSP16,S,501,1,0,2,0.093845,0.52908,1.0,1.5114,0.036749,0.883805
P33316,DUT,S,88,14,14,2,-0.96837,0.062154,0.814084,-0.45612,0.28508,1.0
Q9Y6G9,DYNC1LI1,S,415,8,0,1,-0.59869,0.037914,0.76866,0.1193,0.49299,1.0
Q9Y6G9,DYNC1LI1,S,516,8,0,1,-1.3599,0.060042,0.814084,0.80457,0.19364,0.959974
O43237,DYNC1LI2,S,407,8,0,1,-0.77963,0.25014,1.0,-0.044291,0.45482,1.0
O43237,DYNC1LI2,S,446,8,0,3,-0.10763,0.64822,1.0,-0.29557,0.17549,1.0
O43781,DYRK3,Y,369,15,1,1,0.059175,0.4386,0.975125,0.84455,0.26127,0.961678
Q5JPH6,EARS2,S,44,17,0,1,-0.10736,0.38047,1.0,2.1715,0.060012,0.883805
P13639,EEF2,T,57,15,0,1,-0.4216,0.28228,1.0,-0.22907,0.44863,1.0
P13639,EEF2,T,435,15,0,2,0.24828,0.23758,0.903314,0.30454,0.37258,1.0
P13639,EEF2,S,502,15,0,1,-0.30715,0.23817,1.0,0.56604,0.31911,1.0
O00418,EEF2K,S,462,7,0,1,0.23679,0.26853,0.903314,0.14815,0.48897,1.0
O00418,EEF2K,S,474,7,0,1,0.066892,0.43453,0.975125,1.3139,0.17964,0.959974
Q96C19,EFHD2,S,11,8,0,1,0.00069408,0.51017,0.993279,-0.36291,0.40427,1.0
Q96C19,EFHD2,S,192,8,0,1,-0.058922,0.34449,1.0,0.58658,0.40108,1.0
Q9GZT9,EGLN1,S,125,12,3,2,-0.44797,0.50674,1.0,-0.29328,0.23345,1.0
Q9H4M9,EHD1,S,3,14,12,1,0.043835,0.45449,0.985208,-0.2573,0.30787,1.0
Q9BQI3,EIF2AK1,S,258,11,0,1,-1.8363,0.0096631,0.427423,-0.34998,0.40624,1.0
Q9P2K8,EIF2AK4,S,230,11,0,1,0.073833,0.4565,0.985208,0.22465,0.429,1.0
Q9P2K8,EIF2AK4,T,667,11,0,1,1.2758,0.030287,0.870635,0.6544,0.2057,0.959974
P38919,EIF4A3,S,84,14,14,1,-1.4043,0.0019101,0.141901,0.3799,0.39912,1.0
O60573,EIF4E2,S,41,14,9,1,-0.0136,0.46996,1.0,-0.23215,0.34789,1.0
P55010,EIF5,S,149,8,0,1,0.43687,0.1183,0.870635,-0.68582,0.15634,1.0
O60841,EIF5B,S,135,17,16,1,-0.43546,0.10243,0.937792,1.216,0.19757,0.959974
O60841,EIF5B,T,303,17,16,1,-0.42086,0.25014,1.0,0.71383,0.2057,0.959974
O60841,EIF5B,S,1168,17,16,1,0.86509,0.07047,0.870635,-1.1779,0.12211,1.0
Q9H777,ELAC1,S,146,7,7,1,0.054311,0.45449,0.985208,-0.33436,0.3822,1.0
Q92979,EMG1,S,14,9,0,1,0.75088,0.048336,0.870635,-0.36869,0.29989,1.0
P06733,ENO1,S,37,13,4,1,-0.22121,0.36849,1.0,-0.3353,0.43864,1.0
P06733,ENO1,Y,44,13,4,1,0.20216,0.35467,0.95101,-0.66889,0.21625,1.0
P06733,ENO1,T,72,13,4,1,-0.19078,0.31626,1.0,-1.0946,0.10048,1.0
P06733,ENO1,S,272,13,4,2,0.19748,0.33706,0.943235,1.2249,0.074844,0.911807
P06733,ENO1,S,419,13,4,1,0.97213,0.046389,0.870635,3.539,0.0059654,0.67882
Q96L91,EP400,S,736,8,0,1,-0.029245,0.45412,1.0,1.1766,0.22553,0.959974
Q96L91,EP400,S,2686,8,0,1,0.37641,0.31635,0.915212,-1.0821,0.21032,1.0
Q9Y6I3,EPN1,T,470,6,0,2,-0.52645,0.05285,0.811873,0.43769,0.3566,1.0
P07814,EPRS,S,883,16,16,1,0.17002,0.2785,0.906709,-0.13191,0.30787,1.0
P42566,EPS15,S,108,9,0,1,-0.13913,0.30637,1.0,2.0872,0.08005,0.911807
P42566,EPS15,S,221,9,0,2,-0.095388,0.40008,1.0,0.97044,0.28037,0.994523
P42566,EPS15,S,681,9,0,1,-0.21339,0.25609,1.0,0.36649,0.41109,1.0
P42566,EPS15,S,796,9,0,1,0.36789,0.21451,0.887649,-0.57623,0.28204,1.0
Q9UBC2,EPS15L1,S,241,5,0,1,0.81313,0.0059355,0.870635,1.7075,0.14564,0.959974
Q9UBC2,EPS15L1,T,366,5,0,1,0.19703,0.36063,0.95655,0.7871,0.25132,0.959974
Q9UBC2,EPS15L1,S,575,5,0,1,-0.05914,0.45608,1.0,-1.2363,0.14001,1.0
Q9UBC2,EPS15L1,T,612,5,0,1,0.4513,0.10428,0.870635,1.9681,0.070036,0.911807
Q9UBC2,EPS15L1,T,797,5,0,1,-0.76558,0.090227,0.889094,0.58917,0.26332,0.961678
Q2NKX8,ERCC6L,S,739,8,0,1,0.69517,0.08431,0.870635,-1.1044,0.1321,1.0
Q2NKX8,ERCC6L,T,826,8,0,2,-0.22596,0.04538,0.806728,0.64468,0.48389,1.0
Q7Z2K6,ERMP1,S,53,6,0,2,-0.16123,0.30985,1.0,-0.28335,0.22362,1.0
Q5FWF5,ESCO1,S,288,12,12,1,-0.56206,0.22615,1.0,1.2668,0.046186,0.883805
Q14674,ESPL1,S,1126,1,0,1,0.048647,0.45249,0.985208,0.47251,0.37333,1.0
Q14674,ESPL1,S,1501,1,0,3,0.031447,0.73519,1.0,-0.58205,0.35548,1.0
Q9BSJ8,ESYT1,T,638,8,0,1,0.52329,0.066501,0.870635,0.065128,0.51921,1.0
A0FGR8,ESYT2,S,711,9,9,1,0.51304,0.24869,0.903314,-1.5862,0.054164,1.0
Q9UQ84,EXO1,S,639,8,3,1,0.36651,0.1183,0.870635,0.86294,0.29717,1.0
Q01780,EXOSC10,S,13,4,4,1,-0.55009,0.21419,1.0,-1.0017,0.21232,1.0
Q01780,EXOSC10,S,866,4,4,1,0.53244,0.11633,0.870635,0.45675,0.36324,1.0
Q99504,EYA3,S,264,3,0,2,-0.11138,0.16133,1.0,-0.29762,0.21744,1.0
Q6SJ93,FAM111B,S,301,3,0,1,-0.79494,0.070261,0.826886,0.80583,0.23544,0.959974
Q8IYD8,FANCM,S,34,8,0,1,0.042887,0.39857,0.956823,0.9488,0.33716,1.0
Q8IYD8,FANCM,S,1005,8,0,2,0.1885,0.47424,0.985552,-0.21879,0.084134,1.0
P22087,FBL,Y,118,10,8,1,-0.15798,0.32438,1.0,2.7809,0.024043,0.810102
Q6PCT2,FBXL19,T,225,16,16,1,0.025918,0.46852,0.985552,0.35805,0.42704,1.0
P98174,FGD1,S,365,8,0,1,1.0397,0.015902,0.870635,-0.2193,0.35386,1.0
Q5JSP0,FGD3,S,128,8,0,1,-0.93666,0.14825,1.0,-0.79062,0.29795,1.0
Q6ZV73,FGD6,S,554,8,0,1,0.025432,0.48859,0.993279,0.42694,0.35118,1.0
Q6ZV73,FGD6,T,693,8,0,1,-0.063216,0.40417,1.0,0.6627,0.34705,1.0
Q6PIW4,FIGNL1,S,317,14,14,2,0.30091,0.079237,0.870635,-0.31391,0.15803,1.0
Q14318,FKBP8,S,296,2,0,1,-0.25771,0.30637,1.0,0.016011,0.533,1.0
Q8TF40,FNIP1,S,232,4,0,2,-1.6696,0.037367,0.76866,-0.76747,0.19116,1.0
Q8TF40,FNIP1,S,292,4,0,1,0.33293,0.17464,0.88222,-0.28404,0.24019,1.0
Q8TF40,FNIP1,S,296,4,0,1,-0.028365,0.45608,1.0,1.6862,0.11574,0.959974
Q8TF40,FNIP1,S,946,4,0,1,0.29207,0.28045,0.906709,-0.84903,0.20633,1.0
P49356,FNTB,T,436,15,15,2,-0.056084,0.66576,1.0,-0.13831,0.46589,1.0
Q01167,FOXK2,S,252,4,4,1,-0.90041,0.0077847,0.409031,-0.69873,0.16837,1.0
Q01167,FOXK2,S,398,4,4,1,-0.033674,0.45608,1.0,-0.26027,0.30787,1.0
Q9C0B1,FTO,T,4,14,14,1,-0.020343,0.464,1.0,2.5673,0.040141,0.883805
Q9BQS8,FYCO1,S,1165,8,0,1,0.21232,0.21451,0.887649,-0.40901,0.20633,1.0
P06241,FYN,S,21,11,0,1,0.077297,0.47244,0.985552,-1.4597,0.078453,1.0
O14976,GAK,S,826,1,0,1,0.49784,0.11036,0.870635,0.074657,0.51522,1.0
Q10471,GALNT2,S,536,11,11,1,-0.060151,0.42414,1.0,0.39165,0.40906,1.0
P04406,GAPDH,S,83,13,7,3,-0.44716,0.0023995,0.174174,0.31251,0.4722,1.0
P04406,GAPDH,S,143,13,7,1,-0.48966,0.074313,0.834482,0.2396,0.45698,1.0
P04406,GAPDH,T,237,13,7,1,-0.76399,0.086198,0.879462,-0.88298,0.17834,1.0
P41250,GARS,S,54,13,13,4,-0.14395,0.11674,0.9938,0.32633,0.63367,1.0
P41250,GARS,S,386,13,13,2,0.16819,0.64017,1.0,-1.5144,0.02554,0.959477
P22102,GART,S,802,28,25,2,0.20303,0.4002,0.957974,0.12352,0.67183,1.0
Q9UG22,GIMAP2,S,252,17,14,1,0.26467,0.19464,0.887649,0.44789,0.40707,1.0
Q49A26,GLYR1,S,130,17,17,1,-0.16721,0.36047,1.0,0.94329,0.21361,0.959974
Q49A26,GLYR1,S,167,17,17,2,0.15407,0.58512,1.0,-0.96528,0.10716,1.0
Q49A26,GLYR1,S,540,17,17,1,-0.18343,0.40417,1.0,1.7206,0.018148,0.725671
O60547,GMDS,S,14,24,21,2,0.39535,0.070675,0.870635,0.79561,0.24941,0.959974
O60547,GMDS,Y,324,24,21,1,0.78502,0.08431,0.870635,-0.97286,0.20831,1.0
Q14344,GNA13,T,43,17,0,1,0.21356,0.29245,0.906709,0.49074,0.35313,1.0
P36915,GNL1,T,48,17,0,3,0.24986,0.2719,0.906443,-0.31377,0.43719,1.0
Q9NVN8,GNL3L,S,214,16,0,1,-0.019731,0.46601,1.0,-0.6802,0.2143,1.0
Q9NVN8,GNL3L,S,279,16,0,1,-0.048507,0.41227,1.0,0.37068,0.429,1.0
Q9HCL2,GPAM,S,695,6,6,1,-1.1518,0.070262,0.826886,-1.8358,0.030096,1.0
Q9NQX3,GPHN,S,283,9,0,1,-0.018031,0.464,1.0,2.4843,0.046185,0.883805
P06744,GPI,T,109,12,3,1,-0.17361,0.30027,1.0,-0.54559,0.23012,1.0
Q9HCN4,GPN1,T,328,8,0,1,0.28747,0.29245,0.906709,1.1836,0.15964,0.959974
P81274,GPSM2,S,565,4,0,1,-0.10654,0.38632,1.0,0.033394,0.53101,1.0
P35626,GRK3,S,670,11,0,1,-0.37933,0.18441,1.0,0.77196,0.22751,0.959974
P49840,GSK3A,S,85,11,0,3,-0.33433,0.20152,1.0,-0.14415,0.53595,1.0
P49841,GSK3B,T,390,11,0,2,0.38471,0.18802,0.887649,-1.0521,0.018612,0.959477
P48637,GSS,S,415,37,0,1,-0.88431,0.039932,0.76866,0.92295,0.21743,0.959974
Q00403,GTF2B,T,82,16,16,1,-0.45603,0.082227,0.858283,-0.75321,0.17039,1.0
Q00403,GTF2B,S,108,16,16,1,-0.19251,0.32643,1.0,0.2803,0.42295,1.0
P35269,GTF2F1,T,156,3,3,1,0.39529,0.18264,0.883851,2.6894,0.026065,0.827751
P35269,GTF2F1,T,389,3,3,3,0.28038,0.30985,0.915212,1.0018,0.11113,0.959974
P35269,GTF2F1,S,436,3,3,1,-0.0061494,0.48787,1.0,1.6454,0.12563,0.959974
P35269,GTF2F1,T,437,3,3,1,0.35146,0.17667,0.88222,0.61613,0.32103,1.0
P35269,GTF2F1,T,445,3,3,2,0.18272,0.14113,0.8792,-0.14207,0.16721,1.0
O00178,GTPBP1,S,44,17,0,1,-1.6689,0.03598,0.76866,-4.0664,6.42e-07,0.000198
O00178,GTPBP1,S,47,17,0,1,0.14355,0.2566,0.903314,-0.040035,0.29795,1.0
O00178,GTPBP1,S,580,17,0,2,0.036095,0.70026,1.0,0.70027,0.17489,0.959974
Q969Y2,GTPBP3,S,25,28,0,1,0.34588,0.30043,0.90802,-1.4475,0.07237,1.0
Q9BZE4,GTPBP4,S,623,17,0,1,-0.0089367,0.46996,1.0,1.6048,0.14564,0.959974
P13807,GYS1,S,645,16,16,1,-0.00078794,0.48983,1.0,-0.44706,0.38023,1.0
P13807,GYS1,S,649,16,16,2,0.44927,0.3481,0.95101,-1.9721,0.0027014,0.463476
P13807,GYS1,S,702,16,16,1,0.14241,0.35664,0.95101,-0.73526,0.17834,1.0
P13807,GYS1,S,706,16,16,1,0.60667,0.096364,0.870635,0.57554,0.32911,1.0
P13807,GYS1,S,727,16,16,2,0.26369,0.11895,0.870635,1.7306,0.067289,0.896302
B0YJ81,HACD1,S,30,2,0,2,-0.2321,0.35761,1.0,-0.17848,0.30971,1.0
P49590,HARS2,S,67,9,0,1,0.07276,0.37856,0.956823,0.17435,0.49299,1.0
Q8TF76,HASPIN,S,288,25,15,2,0.31081,0.20173,0.887649,1.1911,0.23937,0.954353
O14929,HAT1,S,361,11,10,1,0.0038964,0.50816,0.993279,0.75785,0.34918,1.0
Q9Y450,HBS1L,Y,58,15,15,1,-0.094919,0.29421,1.0,0.23365,0.48103,1.0
Q13547,HDAC1,S,409,7,1,1,0.61976,0.088298,0.870635,-0.79345,0.18036,1.0
Q13547,HDAC1,S,421,7,1,1,-0.83699,0.11453,0.990041,0.37454,0.34312,1.0
Q92769,HDAC2,S,394,14,10,1,-0.026718,0.45608,1.0,-0.48921,0.2004,1.0
O15379,HDAC3,S,74,8,7,1,0.30964,0.046388,0.870635,0.9544,0.32911,1.0
P56524,HDAC4,S,197,5,0,1,0.021607,0.49056,0.993279,-0.46774,0.30984,1.0
P56524,HDAC4,S,246,5,0,1,0.50048,0.18264,0.883851,-0.31265,0.4003,1.0
P56524,HDAC4,S,467,5,0,2,-0.56951,0.067836,0.826886,1.3154,0.097526,0.926185
P56524,HDAC4,S,565,5,0,1,-0.041503,0.43811,1.0,1.7032,0.11187,0.959974
Q9UQL6,HDAC5,S,499,5,0,3,0.045293,0.25923,0.903314,1.4121,0.33303,1.0
Q9UQL6,HDAC5,S,662,5,0,2,-0.14933,0.47035,1.0,-1.3194,0.056241,1.0
P51858,HDGF,S,83,6,0,1,-0.68525,0.25208,1.0,-1.5697,0.078452,1.0
P51858,HDGF,S,132,6,0,2,0.2193,0.49329,0.993279,-0.50614,0.15803,1.0
Q9Y4D8,HECTD4,T,1561,1,0,1,-1.0744,0.062094,0.814084,0.21592,0.42093,1.0
Q15751,HERC1,S,1406,1,0,2,-0.43943,0.32373,1.0,-0.72893,0.16514,1.0
Q15751,HERC1,T,1429,1,0,2,0.14582,0.38656,0.956823,1.9488,0.10513,0.954353
Q8WVB3,HEXD,S,477,1,0,1,-0.084517,0.32438,1.0,0.5567,0.40108,1.0
O14964,HGS,S,246,8,0,2,0.064861,0.33706,0.943235,0.88331,0.35017,1.0
Q68CP4,HGSNAT,S,243,1,1,3,-0.058018,0.3222,1.0,0.26049,0.71772,1.0
P49773,HINT1,S,45,9,9,1,0.22002,0.2066,0.887649,0.60618,0.35719,1.0
Q9H2X6,HIPK2,S,827,11,0,1,-0.00026601,0.48983,1.0,0.78882,0.29717,1.0
P10321,HLA-C,S,360,5,5,2,0.6742,0.0628,0.870635,-0.52097,0.28508,1.0
Q96FZ2,HMCES,S,160,2,2,1,-0.31105,0.24219,1.0,0.57188,0.3271,1.0
Q96FZ2,HMCES,S,281,2,2,1,-0.4634,0.16446,1.0,0.62171,0.29717,1.0
Q01581,HMGCS1,T,476,14,7,1,0.043807,0.4386,0.975125,1.8576,0.12563,0.959974
P30519,HMOX2,S,2,4,4,1,0.50679,0.11633,0.870635,0.73087,0.28713,0.997333
Q00839,HNRNPU,S,4,8,0,2,0.17524,0.21531,0.887837,0.032369,0.48677,1.0
Q00839,HNRNPU,S,59,8,0,3,0.39391,0.033233,0.870635,-0.49916,0.12477,1.0
Q00839,HNRNPU,S,66,8,0,1,0.085201,0.43453,0.975125,0.51789,0.34918,1.0
Q86YZ3,HRNR,S,777,7,0,1,0.20307,0.32041,0.918808,0.82099,0.24337,0.959974
Q86YZ3,HRNR,S,887,7,0,1,-0.41788,0.19229,1.0,-0.92571,0.098502,1.0
P07900,HSP90AA1,T,624,5,0,1,0.29601,0.15654,0.88222,0.047179,0.53101,1.0
P08238,HSP90AB1,T,104,5,0,1,-0.30423,0.28819,1.0,-0.54834,0.30585,1.0
P08238,HSP90AB1,S,226,5,0,1,-0.1073,0.3745,1.0,-1.9279,0.0059512,0.638681
P08238,HSP90AB1,S,307,5,0,2,0.032331,0.62066,1.0,1.4159,0.24249,0.959974
P08238,HSP90AB1,S,587,5,0,1,0.051617,0.44465,0.975125,1.4568,0.16563,0.959974
P08238,HSP90AB1,T,616,5,0,1,-0.099943,0.40815,1.0,-0.0041205,0.45058,1.0
P11142,HSPA8,S,113,20,0,2,0.17271,0.070676,0.870635,0.42296,0.27011,0.976758
P38646,HSPA9,S,200,7,7,2,0.090272,0.39211,0.956823,-0.22613,0.20352,1.0
Q7Z6Z7,HUWE1,S,648,1,0,1,0.30857,0.076371,0.870635,0.012367,0.53503,1.0
Q7Z6Z7,HUWE1,T,655,1,0,3,-0.35134,0.038553,0.76866,-0.27029,0.28077,1.0
Q7Z6Z7,HUWE1,S,1368,1,0,1,0.050136,0.44465,0.975125,1.8,0.089911,0.911807
Q7Z6Z7,HUWE1,S,2888,1,0,1,-0.14907,0.22223,1.0,1.5719,0.17964,0.959974
Q7Z6Z7,HUWE1,S,3127,1,0,2,0.033846,0.27348,0.906709,0.3848,0.64394,1.0
Q7Z6Z7,HUWE1,S,3662,1,0,2,0.23629,0.11263,0.870635,0.42416,0.30401,1.0
P32942,ICAM3,S,441,1,1,3,-0.47061,0.45528,1.0,0.26109,0.011761,0.725671
P48735,IDH2,S,423,23,0,3,-0.0021669,0.78428,1.0,0.8949,0.28171,0.995848
P38935,IGHMBP2,S,677,17,0,3,-0.52983,0.33395,1.0,0.21729,0.051324,0.883805
P38935,IGHMBP2,S,716,17,0,1,0.49789,0.26253,0.903314,0.25834,0.40108,1.0
O14920,IKBKB,T,11,11,0,1,0.35129,0.21451,0.887649,2.2854,0.046185,0.883805
Q14164,IKBKE,S,673,11,0,1,-0.37215,0.28228,1.0,-0.45504,0.39231,1.0
Q9UNL4,ING4,S,123,8,0,1,-0.46317,0.15028,1.0,0.78388,0.27912,0.994523
Q9ULG1,INO80,S,51,8,0,1,0.34727,0.084311,0.870635,0.052362,0.53101,1.0
Q9ULG1,INO80,S,1512,8,0,1,0.36375,0.1445,0.880494,0.89876,0.25924,0.961678
Q9ULG1,INO80,S,1516,8,0,1,0.37706,0.10824,0.870635,-0.22964,0.27204,1.0
Q96PE3,INPP4A,S,955,1,0,1,0.18494,0.24071,0.903314,1.7149,0.13573,0.959974
Q9NRR6,INPP5E,S,99,2,0,1,-0.45725,0.29834,1.0,0.10702,0.45698,1.0
Q92551,IP6K1,S,129,9,0,1,0.17534,0.17667,0.88222,0.81351,0.35522,1.0
Q86U28,ISCA2,S,42,3,0,1,0.43725,0.24072,0.903314,-2.1834,0.016086,0.87425
Q9H1K1,ISCU,S,14,7,6,1,0.087877,0.43453,0.975125,2.5746,0.038222,0.883805
Q9H1K1,ISCU,S,29,7,6,2,0.76129,0.047403,0.870635,0.084181,0.6095,1.0
Q9H1K1,ISCU,S,51,7,6,1,-0.9994,0.074312,0.834482,-0.27565,0.44258,1.0
Q96J02,ITCH,S,240,1,0,1,-1.5201,0.049915,0.806728,-0.56957,0.39231,1.0
P20701,ITGAL,S,1165,17,17,1,1.2399,0.030287,0.870635,-1.6786,0.052154,1.0
P05556,ITGB1,S,785,10,10,1,0.25815,0.17667,0.88222,-0.0639,0.23413,1.0
P05107,ITGB2,S,170,11,11,2,0.03551,0.66846,1.0,-0.67543,0.20863,1.0
Q08881,ITK,T,160,15,0,2,0.16352,0.46057,0.985552,1.2543,0.11638,0.959974
Q08881,ITK,S,267,15,0,1,-0.32277,0.20628,1.0,-1.1671,0.10249,1.0
Q08881,ITK,Y,512,15,0,1,-0.15909,0.33246,1.0,-0.39991,0.28795,1.0
P23677,ITPKA,T,94,19,19,1,-2.3235,0.037914,0.76866,0.25228,0.40108,1.0
P27987,ITPKB,S,55,19,0,2,0.47736,0.075237,0.870635,-0.036244,0.24936,1.0
P27987,ITPKB,S,65,19,0,4,-0.47872,0.14217,1.0,-0.36818,0.59759,1.0
P27987,ITPKB,S,269,19,0,1,0.12485,0.44465,0.975125,-0.73593,0.24222,1.0
P27987,ITPKB,T,449,19,0,4,0.47305,0.10721,0.870635,1.8884,0.018939,0.749505
Q96DU7,ITPKC,S,9,24,0,2,0.27523,0.28752,0.906709,0.13701,0.42792,1.0
Q14573,ITPR3,S,1567,27,27,1,-0.751,0.21419,1.0,-0.59807,0.35591,1.0
Q14573,ITPR3,S,1832,27,27,2,0.35581,0.17674,0.88222,0.86646,0.1275,0.959974
Q15811,ITSN1,S,902,13,0,1,0.69126,0.2066,0.887649,-1.4141,0.098502,1.0
Q15811,ITSN1,S,1071,13,0,1,-0.19235,0.28819,1.0,1.0532,0.2057,0.959974
Q9NZM3,ITSN2,S,872,8,0,1,0.16587,0.25071,0.903314,0.78468,0.32911,1.0
P23458,JAK1,Y,3,11,0,1,-0.33722,0.13441,1.0,1.5936,0.13158,0.959974
P52333,JAK3,S,17,11,0,2,-0.24295,0.20911,1.0,2.7173,0.029101,0.877263
P52333,JAK3,Y,785,11,0,1,-1.2004,0.0096631,0.427423,-0.071812,0.43653,1.0
Q92794,KAT6A,S,377,14,13,1,0.45193,0.022089,0.870635,0.16112,0.50512,1.0
Q92794,KAT6A,S,420,14,13,1,0.51912,0.086339,0.870635,-0.71142,0.17834,1.0
Q8WYB5,KAT6B,S,1303,14,0,1,0.24357,0.29245,0.906709,2.1603,0.050273,0.883805
Q8WYB5,KAT6B,S,1502,14,0,2,-0.82708,0.14181,1.0,0.68602,0.31386,1.0
O95251,KAT7,S,50,16,15,1,0.2384,0.21849,0.893019,-0.11641,0.33997,1.0
O95251,KAT7,S,64,16,15,1,1.4722,0.009939,0.870635,-1.6391,0.020148,0.959477
O75449,KATNA1,T,81,8,0,1,-0.28774,0.3445,1.0,-0.25855,0.44258,1.0
O75449,KATNA1,S,121,8,0,1,0.67197,0.030287,0.870635,1.8749,0.082038,0.911807
Q9P0J7,KCMF1,S,2,16,16,1,-1.7391,5.21e-07,6e-05,-1.2689,0.084443,1.0
Q13303,KCNAB2,S,9,23,19,1,-0.071737,0.36441,1.0,1.4902,0.1876,0.959974
Q13303,KCNAB2,T,116,23,19,3,0.015912,0.44103,0.975125,0.51612,0.69356,1.0
Q719H9,KCTD1,S,9,1,1,2,-0.30389,0.24281,1.0,0.17024,0.63894,1.0
Q8NB78,KDM1B,S,247,74,74,1,0.95242,0.028284,0.870635,0.29282,0.43298,1.0
Q8NHM5,KDM2B,T,449,21,15,1,0.081829,0.44465,0.975125,-0.58341,0.31586,1.0
Q8NHM5,KDM2B,T,495,21,15,1,0.017899,0.49056,0.993279,-0.22075,0.31586,1.0
Q8NHM5,KDM2B,S,497,21,15,3,-0.10355,0.42583,1.0,1.9723,0.024248,0.810102
Q8NHM5,KDM2B,S,746,21,15,1,-0.0028541,0.48983,1.0,-1.0475,0.18636,1.0
Q8NHM5,KDM2B,S,795,21,15,1,-0.22277,0.22421,1.0,-0.7065,0.14408,1.0
Q8NHM5,KDM2B,S,975,21,15,1,-0.60649,0.18034,1.0,-1.4761,0.084445,1.0
Q8NHM5,KDM2B,S,1031,21,15,2,-0.51586,0.25127,1.0,0.81171,0.097526,0.926185
Q9Y4C1,KDM3A,T,308,3,0,1,-1.0697,0.035981,0.76866,-0.38913,0.3903,1.0
Q9Y4C1,KDM3A,S,325,3,0,1,0.21682,0.37856,0.956823,-0.88646,0.23012,1.0
Q9Y4C1,KDM3A,S,445,3,0,1,0.24146,0.31049,0.915212,-0.21232,0.40624,1.0
Q9Y4C1,KDM3A,S,463,3,0,1,0.24113,0.24071,0.903314,2.8203,0.028046,0.862274
Q9Y4C1,KDM3A,S,819,3,0,1,-0.33187,0.32841,1.0,-1.4991,0.094506,1.0
Q7LBC6,KDM3B,S,289,3,0,2,-0.49388,0.26519,1.0,0.4026,0.13486,0.959974
Q7LBC6,KDM3B,S,311,3,0,2,0.22592,0.142,0.8792,0.55873,0.57921,1.0
Q7LBC6,KDM3B,S,314,3,0,1,-0.37479,0.29631,1.0,1.6794,0.10788,0.911807
Q7LBC6,KDM3B,S,698,3,0,1,0.22312,0.2507,0.903314,2.4081,0.056134,0.883805
Q7LBC6,KDM3B,S,766,3,0,1,0.50362,0.14046,0.8792,0.57731,0.32911,1.0
P29375,KDM5A,S,1438,7,4,2,0.098261,0.52356,1.0,-0.90854,0.15804,1.0
P29375,KDM5A,S,1598,7,4,3,-0.76549,0.029282,0.709362,2.6743,0.0081285,0.725671
Q9BY66,KDM5D,S,884,7,0,1,0.078625,0.3966,0.956823,0.72508,0.32911,1.0
O15550,KDM6A,S,580,7,7,2,-0.07405,0.50959,1.0,1.0533,0.097525,0.926185
Q6ZMT4,KDM7A,S,604,5,3,1,0.060391,0.4605,0.985552,2.1288,0.046185,0.883805
Q92628,KIAA0232,S,814,8,0,1,-0.53276,0.068204,0.826886,0.34461,0.429,1.0
Q9NQT8,KIF13B,S,1400,8,0,1,0.060834,0.4386,0.975125,0.35107,0.40503,1.0
O43896,KIF1C,S,674,8,0,1,-0.050072,0.42613,1.0,-0.8084,0.11637,1.0
O43896,KIF1C,S,915,8,0,1,-0.13589,0.42613,1.0,-1.2865,0.14613,1.0
Q96Q89,KIF20B,T,560,8,0,1,0.059155,0.4386,0.975125,2.0869,0.064036,0.896302
O75037,KIF21B,S,513,8,0,2,-0.10455,0.47885,1.0,0.34178,0.38815,1.0
O75037,KIF21B,S,1149,8,0,2,0.075735,0.28752,0.906709,0.07172,0.45197,1.0
O75037,KIF21B,S,1167,8,0,1,-0.52276,0.20628,1.0,-0.30874,0.39834,1.0
O75037,KIF21B,S,1197,8,0,2,0.59191,0.080482,0.870635,0.56915,0.45197,1.0
Q14807,KIF22,S,377,8,0,1,-0.69163,0.15225,1.0,-0.40113,0.368,1.0
Q02241,KIF23,S,867,8,0,2,-0.058723,0.647,1.0,1.2349,0.10134,0.945616
Q5T7B8,KIF24,S,574,8,0,1,0.040209,0.47244,0.985552,-0.11285,0.43003,1.0
Q5T7B8,KIF24,S,636,8,0,2,0.041387,0.2291,0.903314,0.26456,0.25986,0.961678
Q9ULI4,KIF26A,S,31,8,0,1,0.18932,0.29245,0.906709,-0.768,0.17834,1.0
Q9ULI4,KIF26A,S,1231,8,0,2,-0.49196,0.17818,1.0,-0.95088,0.080135,1.0
Q9ULI4,KIF26A,S,1418,8,0,1,0.22127,0.2785,0.906709,-0.96358,0.13209,1.0
Q86VH2,KIF27,S,388,8,0,1,0.33812,0.18869,0.887649,-0.89053,0.14613,1.0
Q99661,KIF2C,S,22,9,0,3,0.20206,0.25348,0.903314,-0.28725,0.39382,1.0
Q99661,KIF2C,S,519,9,0,1,-0.10969,0.40023,1.0,-1.259,0.084443,1.0
O14782,KIF3C,S,8,8,0,2,0.45008,0.087699,0.870635,0.42213,0.18942,0.959974
O95239,KIF4A,S,1016,8,0,2,0.2586,0.29838,0.90802,0.20521,0.68761,1.0
O95239,KIF4A,S,1038,8,0,1,0.47657,0.050306,0.870635,1.3565,0.19364,0.959974
Q2M1P5,KIF7,S,657,8,0,2,0.68079,0.027553,0.870635,1.6804,0.15693,0.959974
Q2M1P5,KIF7,S,1281,8,0,1,-0.62404,0.2301,1.0,-0.52391,0.36407,1.0
Q9BW19,KIFC1,S,26,8,0,1,-0.29059,0.17043,1.0,0.40515,0.40503,1.0
Q9BW19,KIFC1,S,33,8,0,1,0.056172,0.43657,0.975125,-0.21968,0.29795,1.0
Q03164,KMT2A,S,142,18,18,3,0.58406,0.0019299,0.655002,-0.15735,0.18942,1.0
Q03164,KMT2A,S,518,18,18,1,-0.17757,0.33246,1.0,-0.20917,0.38023,1.0
Q03164,KMT2A,T,833,18,18,1,-0.04838,0.45412,1.0,2.8034,0.020104,0.760508
Q03164,KMT2A,S,1025,18,18,1,-0.25894,0.30637,1.0,0.0745,0.49901,1.0
Q03164,KMT2A,S,1837,18,18,1,-0.072813,0.40417,1.0,1.6498,0.13573,0.959974
Q03164,KMT2A,S,2392,18,18,2,-0.25693,0.42808,1.0,0.71775,0.40384,1.0
Q03164,KMT2A,T,2525,18,18,1,0.1406,0.35664,0.95101,2.6217,0.034122,0.883805
Q03164,KMT2A,S,2611,18,18,1,0.16952,0.26853,0.903314,1.2114,0.20962,0.959974
Q03164,KMT2A,S,2651,18,18,1,0.056542,0.4245,0.975125,0.82264,0.30723,1.0
Q03164,KMT2A,S,3027,18,18,1,0.41261,0.26652,0.903314,2.2778,0.024043,0.810102
Q03164,KMT2A,S,3036,18,18,1,0.09041,0.35664,0.95101,-0.61502,0.12211,1.0
Q03164,KMT2A,S,3515,18,18,3,-0.11075,0.3163,1.0,-0.12417,0.57361,1.0
Q03164,KMT2A,S,3518,18,18,1,-0.37774,0.16446,1.0,-0.17365,0.37625,1.0
Q03164,KMT2A,S,3527,18,18,2,-0.74983,0.056577,0.814084,-0.96657,0.077832,1.0
Q9UMN6,KMT2B,T,176,18,8,3,-0.20288,0.65404,1.0,2.1062,0.012754,0.725671
Q9UMN6,KMT2B,S,570,18,8,1,-0.63941,0.14241,1.0,1.1124,0.16955,0.959974
Q9UMN6,KMT2B,T,667,18,8,3,0.2135,0.16032,0.88222,-0.46229,0.32856,1.0
Q9UMN6,KMT2B,S,821,18,8,1,1.2134,0.012001,0.870635,1.876,0.070035,0.896302
Q9UMN6,KMT2B,S,861,18,8,2,0.63489,0.2291,0.903314,-0.58823,0.3879,1.0
Q9UMN6,KMT2B,S,1930,18,8,2,0.82101,0.062799,0.870635,-1.4221,0.060492,1.0
Q9UMN6,KMT2B,T,2083,18,8,1,-1.2118,0.062094,0.814084,-0.65032,0.3499,1.0
Q9UMN6,KMT2B,S,2288,18,8,1,0.68753,0.042337,0.870635,-0.20419,0.39231,1.0
Q9UMN6,KMT2B,S,2348,18,8,1,0.34233,0.11633,0.870635,2.3807,0.060011,0.883805
Q9UMN6,KMT2B,S,2455,18,8,2,0.41449,0.11433,0.870635,0.46432,0.41597,1.0
Q8NEZ4,KMT2C,S,46,7,0,1,0.083867,0.42848,0.975125,0.076421,0.50919,1.0
Q8NEZ4,KMT2C,S,1987,7,0,1,-1.5452,0.053951,0.813034,-2.4311,0.0059512,0.638681
Q8NEZ4,KMT2C,S,3758,7,0,1,0.53799,0.10428,0.870635,-0.77473,0.20434,1.0
Q8NEZ4,KMT2C,S,4034,7,0,2,0.049534,0.43856,0.975125,-1.3451,0.093456,1.0
Q8NEZ4,KMT2C,S,4267,7,0,1,-0.29984,0.28819,1.0,-0.7258,0.29399,1.0
Q8NEZ4,KMT2C,S,4300,7,0,1,0.94358,0.024194,0.870635,1.1519,0.17964,0.959974
O14686,KMT2D,T,366,7,0,1,0.45992,0.22862,0.903314,-1.2209,0.10249,1.0
O14686,KMT2D,S,468,7,0,1,0.31121,0.20452,0.887649,-0.95143,0.10249,1.0
O14686,KMT2D,S,477,7,0,1,-0.0036151,0.48787,1.0,0.659,0.33902,1.0
O14686,KMT2D,S,654,7,0,1,0.6161,0.084311,0.870635,0.82482,0.23937,0.959974
O14686,KMT2D,S,1263,7,0,1,0.55046,0.06243,0.870635,0.43573,0.40306,1.0
O14686,KMT2D,S,1671,7,0,1,0.45071,0.1686,0.88222,0.39449,0.40108,1.0
O14686,KMT2D,T,1803,7,0,2,-1.2653,0.0035584,0.246983,1.8262,0.032941,0.883805
O14686,KMT2D,S,1858,7,0,1,0.95329,0.080366,0.870635,-0.022649,0.43654,1.0
O14686,KMT2D,S,2251,7,0,1,-0.85073,0.15028,1.0,-2.231,0.01403,0.87425
O14686,KMT2D,S,2260,7,0,3,-0.50447,0.19803,1.0,-1.1966,0.063621,1.0
O14686,KMT2D,T,2332,7,0,1,0.53636,0.11633,0.870635,0.37966,0.39122,1.0
O14686,KMT2D,S,3229,7,0,1,0.1955,0.17464,0.88222,1.2894,0.22945,0.959974
O14686,KMT2D,S,3986,7,0,1,0.22841,0.36264,0.956823,2.3873,0.024043,0.810102
O14686,KMT2D,T,4350,7,0,1,0.053802,0.47052,0.985552,-0.94837,0.17834,1.0
O14686,KMT2D,S,4359,7,0,2,0.091401,0.31787,0.915212,-0.49969,0.17414,1.0
O14686,KMT2D,S,4624,7,0,2,0.28265,0.33706,0.943235,1.4777,0.10134,0.945616
O14686,KMT2D,S,4625,7,0,1,0.47183,0.16054,0.88222,0.093247,0.49901,1.0
O14686,KMT2D,T,4629,7,0,1,0.063957,0.44465,0.975125,1.7984,0.08396,0.911807
O14686,KMT2D,S,4822,7,0,1,0.30608,0.36063,0.95655,-0.99893,0.23618,1.0
Q8IZD2,KMT2E,S,845,8,8,1,-0.13722,0.31833,1.0,-0.07792,0.36001,1.0
Q8IZD2,KMT2E,S,1070,8,8,1,0.48873,0.14046,0.8792,0.38291,0.38528,1.0
Q969R5,L3MBTL2,T,76,4,0,2,0.37694,0.11347,0.870635,-1.0573,0.020227,0.959477
Q969R5,L3MBTL2,S,79,4,0,2,0.25555,0.26231,0.903314,1.6603,0.13486,0.959974
Q969R5,L3MBTL2,S,688,4,0,1,0.00024411,0.51017,0.993279,-1.7135,0.052152,1.0
P28838,LAP3,S,238,12,0,1,0.97231,0.02209,0.870635,-2.0853,0.0059512,0.638681
O95835,LATS1,S,464,11,1,1,0.16269,0.34281,0.947607,-1.2542,0.052154,1.0
Q9NRM7,LATS2,S,528,11,1,1,-1.4988,0.062094,0.814084,-0.49088,0.42034,1.0
P06239,LCK,S,94,11,0,1,-0.47024,0.30027,1.0,0.94302,0.1138,0.959974
P06239,LCK,T,104,11,0,1,0.25089,0.31049,0.915212,-0.41641,0.3822,1.0
P06239,LCK,T,159,11,0,2,-0.21765,0.27651,1.0,-0.14806,0.41222,1.0
P06239,LCK,S,162,11,0,1,0.12921,0.21057,0.887649,0.83039,0.34312,1.0
P06239,LCK,S,213,11,0,1,-0.33336,0.34449,1.0,-0.54689,0.39231,1.0
P06239,LCK,S,281,11,0,1,-1.4663,0.0077857,0.409031,-1.9096,0.022129,0.959477
P06239,LCK,Y,394,11,0,2,-0.5839,0.0099182,0.436629,-0.48755,0.34003,1.0
P06239,LCK,Y,414,11,0,1,0.33276,0.18264,0.883851,-1.1724,0.066405,1.0
P13796,LCP1,Y,124,10,0,1,0.38494,0.12022,0.870635,-0.90415,0.092499,1.0
P13796,LCP1,S,290,10,0,2,-0.13927,0.40569,1.0,0.97635,0.17146,0.959974
O95202,LETM1,S,190,5,0,1,-0.36193,0.29421,1.0,-1.3568,0.0905,1.0
P18858,LIG1,S,66,7,5,2,-0.02541,0.081288,0.858283,0.11281,0.53669,1.0
P18858,LIG1,S,76,7,5,1,0.33793,0.22059,0.898723,0.51434,0.34312,1.0
P18858,LIG1,S,199,7,5,1,-0.0072494,0.46208,1.0,-0.051513,0.45482,1.0
P18858,LIG1,S,201,7,5,3,-0.0017315,0.65986,1.0,1.3149,0.3553,1.0
P18858,LIG1,S,417,7,5,3,-0.22947,0.24554,1.0,1.5268,0.084098,0.911807
P18858,LIG1,S,801,7,5,2,0.62828,0.1249,0.8792,-0.42586,0.20352,1.0
P18858,LIG1,S,911,7,5,1,-0.42392,0.20822,1.0,-0.82084,0.21625,1.0
P49916,LIG3,S,210,13,4,1,0.53607,0.064435,0.870635,0.13776,0.491,1.0
P49916,LIG3,S,227,13,4,1,0.20158,0.18869,0.887649,0.39467,0.42704,1.0
P49916,LIG3,S,854,13,4,2,0.06904,0.68454,1.0,0.32453,0.40384,1.0
Q6MZP7,LIN54,S,314,18,18,1,0.18909,0.3245,0.928594,-0.049954,0.38023,1.0
Q8IWU2,LMTK2,S,1107,11,0,1,0.17284,0.37462,0.956823,2.5542,0.038222,0.883805
Q8IWU2,LMTK2,S,1397,11,0,2,-2.0472,0.032051,0.752536,-0.1065,0.68059,1.0
Q8IWU2,LMTK2,S,1450,11,0,1,-0.22715,0.12647,1.0,0.09862,0.51522,1.0
Q9UIQ6,LNPEP,Y,46,10,0,1,0.050861,0.45051,0.985208,0.63027,0.33902,1.0
Q9UIQ6,LNPEP,S,91,10,0,1,-1.7042,0.053951,0.813034,-1.6178,0.052154,1.0
Q14693,LPIN1,S,248,3,0,1,0.45855,0.21057,0.887649,-1.0497,0.15634,1.0
Q14693,LPIN1,S,252,3,0,1,0.012413,0.48859,0.993279,1.5707,0.17156,0.959974
Q14693,LPIN1,S,441,3,0,1,-0.076333,0.40218,1.0,0.092757,0.51314,1.0
Q14693,LPIN1,S,889,3,0,1,0.22637,0.21451,0.887649,-0.44797,0.21232,1.0
Q92539,LPIN2,S,106,3,0,1,0.42576,0.088297,0.870635,0.26604,0.44309,1.0
Q92539,LPIN2,S,384,3,0,1,-0.3045,0.23817,1.0,1.0211,0.23142,0.959974
Q9H089,LSG1,S,252,16,0,1,0.0072085,0.50816,0.993279,-0.55677,0.23012,1.0
Q9NX58,LYAR,S,244,8,0,2,0.59731,0.047403,0.870635,1.4484,0.032942,0.883805
P45985,MAP2K4,T,20,11,0,2,-2.2966,0.0030825,0.215529,-0.31553,0.55738,1.0
P45985,MAP2K4,S,26,11,0,3,-0.6576,0.20152,1.0,-0.33483,0.20442,1.0
P45985,MAP2K4,S,80,11,0,1,0.27178,0.17066,0.88222,0.76397,0.31911,1.0
P45985,MAP2K4,S,394,11,0,1,-0.51642,0.30027,1.0,-0.96591,0.24626,1.0
O14733,MAP2K7,S,35,11,0,1,-0.39034,0.16446,1.0,0.54374,0.32911,1.0
O14733,MAP2K7,S,61,11,0,1,-1.148,0.13237,1.0,-0.60427,0.40624,1.0
Q13233,MAP3K1,S,21,11,0,2,0.41143,0.37015,0.956823,0.28026,0.044451,0.883805
Q13233,MAP3K1,S,292,11,0,2,-0.0621,0.56945,1.0,0.68944,0.032941,0.883805
Q02779,MAP3K10,S,589,11,0,2,-0.18485,0.4057,1.0,-0.46841,0.30115,1.0
Q16584,MAP3K11,S,21,11,1,2,0.057818,0.33706,0.943235,1.1928,0.12379,0.959974
Q16584,MAP3K11,T,745,11,1,1,0.020151,0.4945,0.993279,1.0999,0.1856,0.959974
Q16584,MAP3K11,S,758,11,1,3,0.35805,0.30985,0.915212,1.6247,0.17026,0.959974
Q12852,MAP3K12,S,13,11,0,2,-0.032201,0.70835,1.0,-0.92979,0.077832,1.0
Q9NYL2,MAP3K20,S,593,11,1,3,0.40391,0.09256,0.870635,-0.3817,0.45001,1.0
Q9Y6R4,MAP3K4,T,77,11,0,1,-0.37015,0.068203,0.826886,-0.54529,0.16837,1.0
Q9Y6R4,MAP3K4,S,431,11,0,1,0.039623,0.46657,0.985552,0.21292,0.467,1.0
Q9Y6R4,MAP3K4,T,447,11,0,1,0.22138,0.21849,0.893019,1.6721,0.12752,0.959974
Q12851,MAP4K2,S,298,11,0,2,-0.61749,0.064554,0.826886,-0.48464,0.28112,1.0
Q12851,MAP4K2,S,328,11,0,2,-1.6133,0.020571,0.644867,-0.21959,0.32883,1.0
O95819,MAP4K4,S,175,11,0,1,0.62334,0.13848,0.8792,-0.1998,0.40624,1.0
O95819,MAP4K4,S,600,11,0,2,0.59718,0.10026,0.870635,-0.9828,0.11105,1.0
O95819,MAP4K4,S,771,11,0,1,0.37927,0.14046,0.8792,-0.35009,0.25016,1.0
Q9Y4K4,MAP4K5,S,433,11,1,2,0.24201,0.13848,0.8792,-1.0031,0.059783,1.0
Q9Y4K4,MAP4K5,S,436,11,1,1,0.062982,0.47244,0.985552,1.0622,0.17348,0.959974
P28482,MAPK1,Y,187,11,0,1,-0.54543,0.15225,1.0,-2.1235,0.016086,0.87425
P28482,MAPK1,S,360,11,0,1,0.19456,0.36264,0.956823,2.5897,0.032107,0.883805
Q13164,MAPK7,S,720,11,0,2,0.3843,0.13755,0.8792,0.74766,0.32393,1.0
Q13164,MAPK7,S,731,11,0,4,-0.46416,0.13528,1.0,0.57854,0.44277,1.0
Q13164,MAPK7,T,733,11,0,3,0.13782,0.31948,0.917811,0.97752,0.48365,1.0
P49137,MAPKAPK2,S,67,14,0,2,-0.52609,0.13899,1.0,-0.26494,0.3893,1.0
Q7KZI7,MARK2,S,43,11,0,1,0.20613,0.29245,0.906709,0.83449,0.25539,0.959974
Q7KZI7,MARK2,S,366,11,0,1,-0.50934,0.28031,1.0,2.1241,0.038222,0.883805
Q7KZI7,MARK2,S,390,11,0,1,-0.40297,0.28423,1.0,-0.31801,0.44662,1.0
Q96L34,MARK4,S,438,11,0,4,0.17732,0.33377,0.943235,0.82507,0.25163,0.959974
Q96L34,MARK4,S,458,11,0,3,0.24203,0.20219,0.887649,1.8201,0.13259,0.959974
P56192,MARS,S,209,1,0,2,-0.13573,0.4057,1.0,-0.4564,0.045607,1.0
Q6P0Q8,MAST2,S,66,11,0,1,0.072392,0.4565,0.985208,2.6125,0.016163,0.725671
Q6P0Q8,MAST2,S,148,11,0,1,0.68963,0.26447,0.903314,-1.1037,0.22008,1.0
Q6P0Q8,MAST2,S,846,11,0,1,0.39606,0.1686,0.88222,2.1813,0.064036,0.896302
Q6P0Q8,MAST2,S,876,11,0,1,0.33751,0.16054,0.88222,0.51801,0.38528,1.0
Q6P0Q8,MAST2,S,900,11,0,1,0.00046481,0.51017,0.993279,0.17652,0.47697,1.0
Q6P0Q8,MAST2,S,1035,11,0,1,-0.3103,0.21223,1.0,0.080404,0.50919,1.0
Q6P0Q8,MAST2,S,1364,11,0,1,-0.58773,0.15225,1.0,1.2691,0.13371,0.959974
Q6P0Q8,MAST2,S,1381,11,0,2,0.46325,0.070676,0.870635,-0.21589,0.34918,1.0
Q6P0Q8,MAST2,S,1644,11,0,3,0.25098,0.26217,0.903314,-0.60899,0.28077,1.0
O60307,MAST3,S,47,11,0,2,1.1148,0.04694,0.870635,-0.52936,0.16721,1.0
O60307,MAST3,S,50,11,0,2,0.18284,0.2903,0.906709,-1.5214,0.051338,1.0
O60307,MAST3,S,348,11,0,1,0.076992,0.38253,0.956823,1.0245,0.28515,0.996152
O60307,MAST3,S,711,11,0,2,0.17568,0.11263,0.870635,1.6254,0.15693,0.959974
O60307,MAST3,S,728,11,0,3,0.2074,0.31789,0.915212,-0.17175,0.18942,1.0
O60307,MAST3,S,754,11,0,2,0.30823,0.33706,0.943235,-0.17445,0.56138,1.0
O60307,MAST3,S,793,11,0,2,0.0087577,0.66148,1.0,0.035048,0.38815,1.0
O60307,MAST3,S,900,11,0,2,0.19053,0.11895,0.870635,-0.22645,0.48779,1.0
O60307,MAST3,S,1160,11,0,1,-0.79052,0.039931,0.76866,-0.83655,0.1884,1.0
O60307,MAST3,S,1203,11,0,4,-0.03076,0.32664,1.0,0.97652,0.069744,0.896302
O60307,MAST3,S,1215,11,0,3,0.34258,0.74983,1.0,0.7965,0.0098901,0.725671
Q96GX5,MASTL,S,677,11,0,1,-0.73733,0.039932,0.76866,-0.98277,0.14612,1.0
Q9NZL9,MAT2B,T,309,13,13,1,0.32733,0.15854,0.88222,-0.68838,0.17039,1.0
Q9UIS9,MBD1,S,297,24,8,1,-0.63194,0.18034,1.0,-0.53839,0.3822,1.0
Q9UIS9,MBD1,S,311,24,8,2,-0.51999,0.29883,1.0,0.39419,0.13114,0.959974
Q6ZNC8,MBOAT1,S,488,2,0,1,0.3474,0.082354,0.870635,0.36009,0.44113,1.0
Q7L590,MCM10,S,261,12,0,2,-0.23932,0.30985,1.0,-0.30118,0.52778,1.0
P49736,MCM2,S,139,2,2,1,0.14974,0.29844,0.90802,-0.35005,0.24019,1.0
P49736,MCM2,S,170,2,2,2,-0.16762,0.48165,1.0,1.4147,0.055928,0.883805
P49736,MCM2,S,381,2,2,2,0.087322,0.2569,0.903314,-0.0028625,0.64263,1.0
P25205,MCM3,S,728,7,7,1,-0.10113,0.40023,1.0,0.031301,0.53101,1.0
P33991,MCM4,T,110,8,8,1,-0.14002,0.35449,1.0,0.31471,0.41109,1.0
P33991,MCM4,S,131,8,8,1,-0.28012,0.21419,1.0,-0.37876,0.28599,1.0
P33991,MCM4,S,142,8,8,1,0.0080809,0.51017,0.993279,-0.33547,0.37016,1.0
P33992,MCM5,S,483,1,1,2,-1.4269,0.0012635,0.115527,-0.55267,0.16006,1.0
Q14566,MCM6,S,13,9,9,1,-0.87298,0.21223,1.0,-1.8058,0.042079,1.0
Q14566,MCM6,S,138,9,9,1,0.057875,0.4245,0.975125,1.3227,0.19757,0.959974
Q14566,MCM6,T,278,9,9,1,-0.18207,0.30637,1.0,1.9904,0.070035,0.896302
P33993,MCM7,S,156,8,8,1,-0.64693,0.0096631,0.427423,0.98681,0.20962,0.959974
Q6DN12,MCTP2,S,11,10,0,1,-0.43257,0.082227,0.858283,2.9001,0.026064,0.827751
Q6DN12,MCTP2,S,77,10,0,1,0.52335,0.19264,0.887649,-0.30264,0.37829,1.0
Q9NU22,MDN1,S,1498,48,0,1,0.049881,0.45249,0.985208,-1.616,0.026109,0.959477
Q9NU22,MDN1,S,4538,48,0,1,0.14033,0.29245,0.906709,0.032561,0.53101,1.0
Q9NU22,MDN1,S,4754,48,0,1,0.066523,0.47052,0.985552,-0.58579,0.37426,1.0
Q9NU22,MDN1,S,4889,48,0,2,0.25918,0.11263,0.870635,0.67603,0.15693,0.959974
Q9NU22,MDN1,T,4898,48,0,1,0.12078,0.3966,0.956823,0.20968,0.45699,1.0
Q9NU22,MDN1,S,4937,48,0,1,-0.17279,0.32643,1.0,0.098659,0.49901,1.0
Q9NU22,MDN1,S,4946,48,0,1,0.12389,0.25859,0.903314,1.0235,0.28515,0.996152
Q14680,MELK,S,529,11,0,1,0.72399,0.015901,0.870635,-0.24114,0.24019,1.0
Q7L2J0,MEPCE,S,69,10,10,1,-0.47259,0.15425,1.0,-0.45234,0.29989,1.0
Q7L2J0,MEPCE,S,152,10,10,3,0.1584,0.64583,1.0,0.643,0.33752,1.0
Q7L2J0,MEPCE,S,254,10,10,1,-0.054242,0.36441,1.0,1.2573,0.23937,0.959974
Q7L2J0,MEPCE,S,360,10,10,1,0.056493,0.44465,0.975125,-0.65482,0.22215,1.0
Q9UBP6,METTL1,S,27,10,9,1,-0.94617,0.051921,0.806728,-1.5316,0.052154,1.0
Q86W50,METTL16,S,419,6,6,3,0.3322,0.16554,0.88222,0.60935,0.53247,1.0
Q86W50,METTL16,S,498,6,6,3,0.22012,0.32268,0.924481,-0.17782,0.28486,1.0
Q6P1Q9,METTL2B,S,4,7,0,1,0.34969,0.14046,0.8792,2.3634,0.056134,0.883805
Q6P1Q9,METTL2B,T,154,7,0,1,-0.73741,0.029989,0.709362,0.12398,0.49298,1.0
Q86U44,METTL3,T,4,10,10,1,-0.026144,0.44998,1.0,0.55778,0.40108,1.0
Q86U44,METTL3,S,43,10,10,1,0.17709,0.29245,0.906709,0.038598,0.53101,1.0
Q86U44,METTL3,S,58,10,10,1,-1.0012,0.16244,1.0,-1.9124,0.032041,1.0
Q8TDZ2,MICAL1,S,617,18,8,1,0.73034,0.013963,0.870635,-0.15687,0.25815,1.0
Q7RTP6,MICAL3,S,649,18,0,1,-0.2585,0.33053,1.0,-1.087,0.14612,1.0
Q7RTP6,MICAL3,T,1176,18,0,3,0.35619,0.062595,0.870635,0.4798,0.65986,1.0
Q7RTP6,MICAL3,S,1310,18,0,1,0.80092,0.046389,0.870635,-0.93307,0.14002,1.0
Q7RTP6,MICAL3,S,1457,18,0,1,0.12931,0.41651,0.975125,-1.3378,0.080424,1.0
Q7RTP6,MICAL3,S,1745,18,0,1,-0.22611,0.2642,1.0,-0.97434,0.1044,1.0
Q8N5J2,MINDY1,S,103,2,0,3,0.46801,0.074909,0.870635,-0.0079581,0.38203,1.0
Q8NBR6,MINDY2,S,62,2,0,1,-2.9571,0.037912,0.76866,-2.2932,0.01403,0.87425
Q8N4C8,MINK1,T,565,11,0,1,-0.0077575,0.48377,1.0,-0.74728,0.18234,1.0
Q8N4C8,MINK1,S,601,11,0,1,-0.21365,0.20423,1.0,0.64735,0.34511,1.0
Q8N4C8,MINK1,S,674,11,0,1,-0.22423,0.36246,1.0,-1.1192,0.16837,1.0
Q8N4C8,MINK1,S,763,11,0,1,0.14301,0.40656,0.969392,0.88978,0.21362,0.959974
Q8N4C8,MINK1,S,927,11,0,2,-0.092587,0.5799,1.0,1.3475,0.18585,0.959974
P46013,MKI67,T,328,8,0,2,-0.089144,0.3154,1.0,0.017609,0.65335,1.0
P46013,MKI67,S,827,8,0,1,-0.88701,0.05192,0.806728,-1.3051,0.078452,1.0
P46013,MKI67,T,1091,8,0,1,0.32208,0.13848,0.8792,2.2949,0.060012,0.883805
P46013,MKI67,S,1098,8,0,1,0.1814,0.23261,0.903314,1.0699,0.23544,0.959974
P46013,MKI67,S,1118,8,0,1,-0.90919,0.10036,0.937448,0.12534,0.47697,1.0
P46013,MKI67,S,1131,8,0,1,-0.657,0.047933,0.806728,0.55764,0.34918,1.0
P46013,MKI67,T,1176,8,0,2,0.081645,0.18802,0.887649,0.32204,0.4007,1.0
P46013,MKI67,T,1193,8,0,1,-0.53299,0.15225,1.0,-0.077395,0.42451,1.0
P46013,MKI67,T,1233,8,0,1,-0.22331,0.34652,1.0,-1.2492,0.12211,1.0
P46013,MKI67,S,1256,8,0,2,0.40677,0.11895,0.870635,0.48344,0.23553,0.959974
P46013,MKI67,T,1298,8,0,1,0.35399,0.19464,0.887649,0.24267,0.429,1.0
P46013,MKI67,T,1327,8,0,1,0.57008,0.070472,0.870635,-1.3329,0.048123,1.0
P46013,MKI67,T,1335,8,0,1,0.51156,0.06849,0.870635,-0.0098236,0.34593,1.0
P46013,MKI67,T,1359,8,0,1,0.20493,0.26447,0.903314,0.44603,0.40707,1.0
P46013,MKI67,T,1719,8,0,1,-0.63245,0.062095,0.814084,-1.1677,0.092498,1.0
P46013,MKI67,T,1923,8,0,1,-0.52635,0.24809,1.0,-0.58454,0.35386,1.0
P46013,MKI67,T,1963,8,0,1,-0.39874,0.082227,0.858283,1.0423,0.24337,0.959974
P46013,MKI67,S,2223,8,0,1,-1.4311,0.019906,0.644867,-0.80562,0.25413,1.0
P46013,MKI67,T,2268,8,0,2,0.24355,0.47152,0.985552,0.27295,0.33706,1.0
P46013,MKI67,T,2406,8,0,1,-0.61082,0.11249,0.979559,0.71972,0.25539,0.959974
P46013,MKI67,T,2426,8,0,1,0.091686,0.40656,0.969392,-0.0036056,0.39231,1.0
P46013,MKI67,S,3041,8,0,2,-0.34515,0.29883,1.0,-0.069059,0.48979,1.0
P55198,MLLT6,S,382,8,0,2,-0.32024,0.4057,1.0,-0.97986,0.25924,1.0
P55198,MLLT6,S,423,8,0,1,-0.68824,0.14044,1.0,-2.0319,0.024128,0.959477
Q7L9L4,MOB1B,S,38,4,0,1,-0.22029,0.30027,1.0,-0.5094,0.23219,1.0
Q9Y6X9,MORC2,S,615,16,12,1,0.62286,0.14046,0.8792,-0.12455,0.44258,1.0
Q9Y6X9,MORC2,T,733,16,12,1,-0.23742,0.28624,1.0,0.0024891,0.54115,1.0
Q14149,MORC3,S,514,4,0,1,0.033433,0.47635,0.985767,-0.75535,0.2143,1.0
Q14149,MORC3,S,765,4,0,1,-0.65177,0.051921,0.806728,0.093996,0.49901,1.0
P49959,MRE11,S,670,8,7,1,0.27809,0.17667,0.88222,1.5896,0.13964,0.959974
P52701,MSH6,S,43,8,0,2,0.21147,0.34256,0.947607,0.57349,0.11638,0.959974
P52701,MSH6,S,65,8,0,2,-0.27944,0.11954,0.995368,0.7425,0.33706,1.0
P52701,MSH6,S,137,8,0,2,0.10396,0.39752,0.956823,2.1023,0.067291,0.896302
P80297,MT1X,S,8,20,0,2,0.46568,0.14113,0.8792,-0.15039,0.46383,1.0
P02795,MT2A,S,6,20,20,1,0.35255,0.21057,0.887649,-0.013652,0.43864,1.0
P13995,MTHFD2,S,22,17,17,1,0.1138,0.41843,0.975125,-0.91558,0.17039,1.0
Q13613,MTMR1,T,46,11,5,2,0.0051483,0.30118,0.90802,1.0178,0.11638,0.959974
Q8NCE2,MTMR14,S,624,6,0,1,-0.24434,0.070261,0.826886,0.96999,0.31911,1.0
Q13614,MTMR2,S,631,12,12,1,-0.14277,0.39626,1.0,0.22961,0.4111,1.0
Q13615,MTMR3,S,652,20,0,1,-0.05232,0.42414,1.0,1.153,0.22349,0.959974
P42345,MTOR,T,1262,17,17,1,0.7016,0.096363,0.870635,0.67173,0.29717,1.0
P42345,MTOR,S,2454,17,17,1,0.19454,0.26253,0.903314,2.6528,0.046185,0.883805
Q9UIF7,MUTYH,S,24,5,0,1,-0.00051312,0.48983,1.0,-0.52566,0.25815,1.0
P53602,MVD,S,96,12,0,2,-0.074842,0.27078,1.0,-0.48309,0.17625,1.0
P53602,MVD,S,222,12,0,1,0.052412,0.4386,0.975125,0.84543,0.27306,0.985584
P35579,MYH9,T,630,8,0,1,-0.91618,0.14825,1.0,-1.8728,0.02611,0.959477
Q15746,MYLK,S,305,11,0,2,0.51139,0.012557,0.870635,-0.83476,0.08948,1.0
B0I1T2,MYO1G,Y,737,8,0,2,0.20194,0.46058,0.985552,0.30385,0.4578,1.0
B0I1T2,MYO1G,S,1010,8,0,1,-0.27765,0.33053,1.0,-0.79108,0.27011,1.0
Q6PIF6,MYO7B,S,904,8,0,2,-0.32373,0.072688,0.834482,-0.4404,0.10716,1.0
B2RTY4,MYO9A,S,1219,8,0,1,0.39839,0.13848,0.8792,-0.48058,0.17436,1.0
B2RTY4,MYO9A,S,2464,8,0,1,-0.0024548,0.48983,1.0,1.1899,0.19364,0.959974
Q13459,MYO9B,S,1043,8,0,2,0.23011,0.26231,0.903314,0.35105,0.40983,1.0
Q13459,MYO9B,S,1115,8,0,3,-0.18097,0.26465,1.0,0.18706,0.68261,1.0
Q13459,MYO9B,S,1261,8,0,1,0.52127,0.13848,0.8792,0.56451,0.32911,1.0
Q13459,MYO9B,S,1281,8,0,1,-0.13028,0.40617,1.0,-1.0178,0.20633,1.0
Q5VVJ2,MYSM1,S,110,3,0,1,-0.78117,0.021905,0.644867,-0.70845,0.15634,1.0
Q9H0A0,NAT10,S,987,22,0,2,-0.33824,0.056577,0.814084,0.7444,0.48389,1.0
Q9H0A0,NAT10,S,990,22,0,1,0.14407,0.35861,0.952795,0.28386,0.42704,1.0
Q9Y618,NCOR2,S,67,3,3,3,0.37295,0.19204,0.887649,-0.30183,0.51067,1.0
Q9Y618,NCOR2,S,215,3,3,1,-3.3163,0.047932,0.806728,0.23332,0.11971,0.959974
Q9Y618,NCOR2,S,2044,3,3,3,0.19963,0.25923,0.903314,0.081296,0.85787,1.0
Q8TAT5,NEIL3,S,450,11,0,1,-0.59905,0.21619,1.0,-1.0488,0.16837,1.0
Q96PY6,NEK1,S,439,11,0,1,0.35997,0.13848,0.8792,1.1199,0.22553,0.959974
Q96PY6,NEK1,S,868,11,0,2,-0.034763,0.5534,1.0,1.5016,0.18585,0.959974
Q96PY6,NEK1,S,881,11,0,2,-0.034686,0.53995,1.0,-1.8242,0.00043558,0.108751
P51957,NEK4,S,340,11,0,1,-0.12293,0.36246,1.0,-0.066262,0.43653,1.0
Q8TD19,NEK9,S,829,11,0,3,-0.08721,0.49943,1.0,0.56917,0.63294,1.0
Q8TD19,NEK9,S,869,11,0,1,-1.671,0.021904,0.644867,-0.66439,0.27204,1.0
Q8N4C6,NIN,S,152,17,0,1,0.20842,0.20049,0.887649,1.9046,0.12563,0.959974
Q969F2,NKD2,S,31,4,0,1,-0.3639,0.15839,1.0,-0.40779,0.24019,1.0
Q969F2,NKD2,S,286,4,0,2,-1.3213,0.17541,1.0,0.80531,0.0065081,0.67882
Q969F2,NKD2,S,299,4,0,1,-1.869,0.076363,0.834482,-1.6425,0.056241,1.0
Q9UBE8,NLK,S,522,11,0,1,0.34841,0.23055,0.903314,-0.54076,0.24626,1.0
O00746,NME4,S,30,8,0,1,0.92425,0.046389,0.870635,-1.5188,0.052154,1.0
P30419,NMT1,S,47,11,11,1,0.32018,0.13848,0.8792,1.4042,0.17964,0.959974
O60551,NMT2,S,38,8,8,2,0.13156,0.28752,0.906709,0.27348,0.59459,1.0
Q9ULX3,NOB1,S,184,4,4,1,0.23977,0.28045,0.906709,0.7522,0.28313,0.995855
Q9ULX3,NOB1,S,201,4,4,3,0.020051,0.52358,1.0,0.65702,0.26697,0.970407
Q5SY16,NOL9,S,93,8,0,2,0.62788,0.28752,0.906709,-0.53286,0.079324,1.0
Q5SY16,NOL9,S,97,8,0,2,0.29258,0.091881,0.870635,0.21275,0.67642,1.0
P46087,NOP2,S,58,11,0,1,0.47142,0.0665,0.870635,1.425,0.17964,0.959974
P46087,NOP2,S,67,11,0,3,-0.038965,0.49643,1.0,1.6265,0.22728,0.959974
P46087,NOP2,S,181,11,0,1,-0.45222,0.15635,1.0,-0.73009,0.19433,1.0
P46087,NOP2,T,603,11,0,1,0.077189,0.34874,0.95101,1.0116,0.30723,1.0
P46087,NOP2,S,646,11,0,1,0.05667,0.41254,0.975125,0.70151,0.35522,1.0
P46531,NOTCH1,T,1861,16,0,1,0.031892,0.47442,0.985552,1.1916,0.1836,0.959974
P46531,NOTCH1,S,1941,16,0,1,-0.64573,0.20628,1.0,0.007139,0.53503,1.0
P46531,NOTCH1,S,2121,16,0,1,-0.080871,0.42414,1.0,-0.027492,0.40825,1.0
P46531,NOTCH1,S,2141,16,0,1,2.3292,0.0059355,0.870635,-1.4122,0.092498,1.0
Q99743,NPAS2,S,812,2,0,1,-0.012877,0.464,1.0,0.25595,0.467,1.0
P20393,NR1D1,S,280,2,0,1,0.53435,0.12022,0.870635,1.7004,0.0080002,0.911807
O43847,NRDC,S,86,4,0,1,0.2198,0.26447,0.903314,0.6882,0.31911,1.0
Q96L73,NSD1,S,938,11,2,1,0.18893,0.35467,0.95101,-1.3845,0.038108,1.0
Q96L73,NSD1,T,1507,11,2,1,-0.57676,0.10036,0.937448,-1.6911,0.026109,0.959477
Q96L73,NSD1,S,2426,11,2,2,0.020542,0.33431,0.943235,0.30203,0.49541,1.0
Q96L73,NSD1,S,2471,11,2,1,0.34188,0.1023,0.870635,0.80405,0.31321,1.0
Q96L73,NSD1,S,2573,11,2,2,-0.30917,0.083938,0.873128,-0.85191,0.079323,1.0
O96028,NSD2,T,115,20,20,1,0.21283,0.32041,0.918808,0.61489,0.31911,1.0
O96028,NSD2,S,194,20,20,1,0.6281,0.012,0.870635,0.98302,0.28107,0.994523
O96028,NSD2,T,422,20,20,1,0.47579,0.080367,0.870635,1.3314,0.1856,0.959974
O96028,NSD2,S,437,20,20,3,-0.018215,0.076524,0.834482,-0.63466,0.24019,1.0
O96028,NSD2,S,580,20,20,1,-0.47982,0.30027,1.0,-1.8031,0.052152,1.0
O96028,NSD2,S,1214,20,20,1,-0.42034,0.22615,1.0,0.31087,0.38931,1.0
Q08J23,NSUN2,S,743,11,0,1,0.23057,0.31838,0.915212,-0.098099,0.38023,1.0
Q08J23,NSUN2,S,751,11,0,1,-0.060435,0.44998,1.0,0.11323,0.48103,1.0
P53384,NUBP1,T,41,14,0,1,-0.041969,0.43612,1.0,-0.94518,0.078453,1.0
Q8NFP7,NUDT10,T,150,16,0,1,-0.04565,0.42613,1.0,0.45272,0.40108,1.0
Q9BRQ3,NUDT22,T,290,12,10,2,0.56064,0.10098,0.870635,0.61544,0.33706,1.0
Q9UKK9,NUDT5,S,3,12,12,1,0.26176,0.088298,0.870635,-0.53195,0.056241,1.0
Q9UKK9,NUDT5,S,48,12,12,1,-0.10874,0.35449,1.0,0.54457,0.37332,1.0
P49790,NUP153,S,257,16,12,1,-0.463,0.15225,1.0,-1.1096,0.10048,1.0
P49790,NUP153,S,297,16,12,1,0.098828,0.26447,0.903314,0.69641,0.39122,1.0
P49790,NUP153,S,334,16,12,1,0.33208,0.1023,0.870635,0.8445,0.31911,1.0
P49790,NUP153,S,516,16,12,1,0.056218,0.47244,0.985552,0.22941,0.42495,1.0
P49790,NUP153,S,648,16,12,3,0.054277,0.11331,0.870635,-1.2042,0.012425,0.87425
P49790,NUP153,T,699,16,12,1,0.13335,0.29245,0.906709,0.73872,0.33716,1.0
P52948,NUP98,T,546,1,1,1,-0.2145,0.26016,1.0,1.4493,0.17964,0.959974
P52948,NUP98,S,625,1,1,1,-0.60632,0.070262,0.826886,0.47919,0.36324,1.0
P52948,NUP98,S,1028,1,1,1,0.40303,0.1786,0.883851,-0.60842,0.25617,1.0
P52948,NUP98,S,1060,1,1,2,-0.16416,0.065322,0.826886,0.57688,0.3566,1.0
P52948,NUP98,T,1070,1,1,1,0.61444,0.030286,0.870635,-0.67089,0.14002,1.0
Q96E22,NUS1,S,76,2,2,1,-0.97508,0.21419,1.0,-0.96866,0.28003,1.0
P29728,OAS2,S,468,8,2,2,0.082051,0.45233,0.985208,-1.007,0.048428,1.0
O15294,OGT,S,20,14,13,1,-0.019555,0.464,1.0,0.47211,0.37536,1.0
O43482,OIP5,T,14,4,0,1,-0.72946,0.17441,1.0,-1.2025,0.14002,1.0
Q13415,ORC1,T,203,14,14,1,0.21499,0.2785,0.906709,1.5207,0.13158,0.959974
Q13415,ORC1,S,255,14,14,1,0.12176,0.29245,0.906709,1.956,0.12563,0.959974
Q13415,ORC1,S,273,14,14,1,0.078408,0.45249,0.985208,-0.46203,0.36001,1.0
P22059,OSBP,S,338,13,0,1,-0.24589,0.28819,1.0,-0.65666,0.22008,1.0
Q9H0X9,OSBPL5,S,44,16,0,1,-0.28929,0.30222,1.0,-0.90778,0.22215,1.0
Q9BZF1,OSBPL8,S,68,16,0,2,0.028628,0.33706,0.943235,0.07756,0.48966,1.0
Q9BZF1,OSBPL8,S,807,16,0,1,0.097364,0.37262,0.956823,0.4399,0.40306,1.0
Q01804,OTUD4,S,1024,3,1,1,0.27638,0.13848,0.8792,-0.54893,0.16037,1.0
Q6GQQ9,OTUD7B,S,100,7,2,1,0.99306,0.022089,0.870635,3.1241,0.016163,0.725671
Q6GQQ9,OTUD7B,S,449,7,2,1,0.12308,0.38059,0.956823,0.15885,0.48897,1.0
Q6GQQ9,OTUD7B,S,508,7,2,2,0.58077,0.01203,0.870635,-0.59054,0.20863,1.0
Q96BN8,OTULIN,S,81,3,3,1,-0.070591,0.42414,1.0,-0.7275,0.21232,1.0
Q13153,PAK1,T,212,14,14,1,0.089828,0.41449,0.975125,1.8987,0.072049,0.911807
Q13177,PAK2,S,20,11,0,1,-0.050651,0.42812,1.0,1.1375,0.20767,0.959974
Q13177,PAK2,S,141,11,0,1,0.6969,0.064435,0.870635,1.0568,0.1836,0.959974
Q13177,PAK2,S,197,11,0,1,0.48804,0.062431,0.870635,1.7256,0.12752,0.959974
O96013,PAK4,S,41,17,16,1,1.2869,0.024194,0.870635,-0.51503,0.33592,1.0
O96013,PAK4,S,148,17,16,2,-0.18525,0.55881,1.0,-0.32996,0.30971,1.0
O96013,PAK4,S,181,17,16,1,0.64416,0.15055,0.881502,0.74921,0.2057,0.959974
O96013,PAK4,S,291,17,16,1,1.1027,0.028283,0.870635,-1.2116,0.098502,1.0
Q9BZ23,PANK2,S,169,4,0,1,-0.52881,0.30027,1.0,-1.2062,0.18636,1.0
P51003,PAPOLA,S,545,12,0,1,0.18263,0.35664,0.95101,-0.10296,0.42249,1.0
P51003,PAPOLA,S,552,12,0,1,0.28886,0.12836,0.8792,0.68477,0.34918,1.0
Q9BWT3,PAPOLG,S,648,12,10,1,0.41926,0.18264,0.883851,0.60498,0.31911,1.0
Q86W56,PARG,S,68,14,13,1,-4.7643,0.0058449,0.338898,0.75205,0.080049,0.911807
P09874,PARP1,S,177,19,12,2,0.070171,0.60574,1.0,1.0807,0.41597,1.0
P09874,PARP1,S,519,19,12,2,-0.15843,0.28787,1.0,1.7315,0.0065081,0.67882
Q460N5,PARP14,S,33,34,34,3,0.12661,0.65433,1.0,-1.2125,0.12574,1.0
Q96RG2,PASK,S,116,20,0,1,-0.40231,0.30222,1.0,-1.0638,0.18036,1.0
Q96RG2,PASK,S,783,20,0,3,-0.13977,0.47881,1.0,0.35186,0.26697,0.970407
Q96RG2,PASK,S,1287,20,0,1,-0.64573,0.082227,0.858283,-0.059873,0.40235,1.0
Q96KB5,PBK,S,59,11,0,1,0.054497,0.4245,0.975125,-0.27041,0.23219,1.0
Q9H4Z3,PCIF1,S,116,15,7,2,0.045521,0.46058,0.985552,0.44865,0.48389,1.0
P49585,PCYT1A,S,343,12,0,2,-0.30101,0.28787,1.0,0.91382,0.036749,0.883805
Q99447,PCYT2,S,163,16,0,1,-0.53315,0.066167,0.826886,2.094,0.060012,0.883805
Q13370,PDE3B,S,295,6,4,1,0.63721,0.024194,0.870635,0.28978,0.45894,1.0
Q13370,PDE3B,S,296,6,4,1,-0.66231,0.27022,1.0,2.7064,0.0039587,0.67882
Q13370,PDE3B,S,442,6,4,1,0.094062,0.33263,0.941656,0.97683,0.2771,0.994523
P27815,PDE4A,S,13,7,4,3,-0.016298,0.74276,1.0,2.0981,0.046186,0.725671
P27815,PDE4A,S,49,7,4,1,-0.99753,0.21419,1.0,-1.5782,0.078452,1.0
P27815,PDE4A,S,274,7,4,1,0.37118,0.11633,0.870635,0.11197,0.50307,1.0
P27815,PDE4A,S,279,7,4,1,0.13323,0.37063,0.956823,1.7537,0.10586,0.954353
P27815,PDE4A,S,688,7,4,1,-0.10772,0.43811,1.0,-0.99514,0.25016,1.0
O60658,PDE8A,S,386,5,4,1,-0.29244,0.15225,1.0,0.58806,0.36124,1.0
O95263,PDE8B,S,446,5,0,1,-0.027552,0.45608,1.0,0.2745,0.43298,1.0
P08559,PDHA1,S,331,12,12,1,0.022115,0.48859,0.993279,-0.085276,0.42249,1.0
O00151,PDLIM1,S,130,8,0,1,-1.3314,0.074313,0.834482,0.021709,0.53101,1.0
O00151,PDLIM1,S,215,8,0,4,-0.18907,0.42003,1.0,0.28061,0.66675,1.0
O00151,PDLIM1,T,291,8,0,2,0.1567,0.10026,0.870635,1.0899,0.15693,0.959974
O15530,PDPK1,T,37,11,10,1,-0.047169,0.46004,1.0,-0.45025,0.4003,1.0
Q9UBM1,PEMT,S,195,5,0,1,0.020019,0.4945,0.993279,-1.864,0.022129,0.959477
O60683,PEX10,S,130,8,0,2,-0.1337,0.19798,1.0,-0.78991,0.060492,1.0
O15067,PFAS,S,1337,24,0,1,-0.59988,0.25014,1.0,-0.52263,0.368,1.0
O60825,PFKFB2,S,493,41,0,1,0.46121,0.11633,0.870635,0.78718,0.29717,1.0
P17858,PFKL,S,377,37,0,1,-0.060641,0.44998,1.0,-0.27802,0.42656,1.0
P52209,PGD,S,129,29,17,2,-0.7438,0.014255,0.544376,-0.41804,0.27605,1.0
P00558,PGK1,S,77,29,15,2,-0.90684,0.042738,0.804735,0.3832,0.21444,0.959974
P36871,PGM1,T,115,10,4,1,0.083405,0.40056,0.957974,0.8619,0.3053,0.961678
P36871,PGM1,S,117,10,4,2,0.16751,0.35368,0.95101,0.0032006,0.63894,1.0
Q8NDX5,PHC3,S,842,4,0,2,-0.23337,0.11657,0.993217,1.1209,0.40069,1.0
Q8NDX5,PHC3,S,862,4,0,1,0.20416,0.38659,0.956823,0.15246,0.46903,1.0
Q96QT6,PHF12,T,586,13,13,4,-0.13659,0.3712,1.0,-0.084231,0.59392,1.0
Q96QT6,PHF12,T,655,13,13,2,0.18652,0.42755,0.975125,0.75459,0.37258,1.0
Q96QT6,PHF12,T,671,13,13,1,-0.45576,0.19026,1.0,-1.3523,0.064363,1.0
Q96QT6,PHF12,S,691,13,13,1,0.32503,0.24869,0.903314,-0.80471,0.19433,1.0
O94880,PHF14,S,280,36,0,1,0.16166,0.29245,0.906709,0.97022,0.23142,0.959974
O94880,PHF14,S,835,36,0,1,0.35527,0.23467,0.903314,-1.4286,0.052152,1.0
O75151,PHF2,T,541,8,3,1,0.5813,0.11633,0.870635,-1.5644,0.052152,1.0
O75151,PHF2,T,654,8,3,1,1.0748,0.036339,0.870635,-0.16426,0.44258,1.0
O75151,PHF2,S,905,8,3,1,1.118,0.012001,0.870635,1.6966,0.096008,0.926185
Q9UPP1,PHF8,S,501,5,5,1,0.15878,0.41449,0.975125,-0.36995,0.40235,1.0
Q9UPP1,PHF8,S,722,5,5,2,-0.75925,0.17541,1.0,-1.0995,0.14279,1.0
Q9UPP1,PHF8,S,857,5,5,3,-0.26717,0.44066,1.0,-0.83529,0.085228,1.0
Q9UPP1,PHF8,S,969,5,5,1,0.44061,0.088298,0.870635,2.3301,0.060011,0.883805
O43175,PHGDH,S,326,14,13,2,0.36373,0.18435,0.887473,-0.44456,0.24936,1.0
O43175,PHGDH,S,371,14,13,1,-0.033285,0.45412,1.0,-0.51421,0.20832,1.0
Q9BTU6,PI4K2A,S,51,13,13,2,0.14914,0.61327,1.0,0.18457,0.1532,0.959974
O75925,PIAS1,S,488,4,0,1,0.17973,0.2066,0.887649,-0.41939,0.14001,1.0
Q9H611,PIF1,S,151,8,0,1,-0.23259,0.29421,1.0,0.31484,0.41316,1.0
Q92643,PIGK,S,306,8,7,1,-0.17065,0.3745,1.0,1.6918,0.066073,0.896302
P48736,PIK3CG,S,595,28,0,1,-0.62605,0.062094,0.814084,1.223,0.1856,0.959974
Q99570,PIK3R4,S,895,11,0,2,-0.57886,0.017279,0.623526,0.97856,0.090033,0.911807
Q9Y2I7,PIKFYVE,S,312,8,0,1,0.26868,0.21645,0.890611,-0.98485,0.078452,1.0
Q8N4L2,PIP4P2,S,47,1,0,1,-0.55785,0.039932,0.76866,0.3918,0.40708,1.0
Q9BZ72,PITPNM2,S,872,7,0,3,0.56505,0.10879,0.870635,0.86722,0.011274,0.725671
Q9BZ72,PITPNM2,S,1277,7,0,1,-1.0547,0.01588,0.587568,-1.2002,0.080424,1.0
Q9BZ72,PITPNM2,S,1298,7,0,2,-1.8951,0.042085,0.794034,-0.00063018,0.67861,1.0
Q13563,PKD2,S,125,7,7,2,-1.2453,0.14181,1.0,1.1813,0.017787,0.725671
P14618,PKM,S,37,31,27,1,-0.4565,0.15225,1.0,-1.1435,0.078452,1.0
P14618,PKM,S,100,31,27,1,0.17222,0.18066,0.883851,0.97865,0.28713,0.997333
P14618,PKM,S,127,31,27,2,-2.0542,0.015701,0.587568,-0.40293,0.32527,1.0
P14618,PKM,S,437,31,27,4,-0.52384,0.038883,0.76866,1.2582,0.31403,1.0
Q99640,PKMYT1,S,40,14,0,1,-0.034619,0.44998,1.0,-0.38787,0.23012,1.0
Q99640,PKMYT1,S,160,14,0,3,0.054858,0.82029,1.0,0.10765,0.63618,1.0
Q16512,PKN1,S,374,11,0,1,0.13073,0.4386,0.975125,-0.62308,0.38023,1.0
Q16512,PKN1,S,537,11,0,1,0.30387,0.06243,0.870635,1.6655,0.1836,0.959974
Q16512,PKN1,S,608,11,0,3,-1.1228,0.010655,0.460554,0.93487,0.11113,0.959974
Q16513,PKN2,S,583,11,0,3,-0.091146,0.71756,1.0,-0.27231,0.40332,1.0
Q01970,PLCB3,S,537,6,4,1,-0.0095165,0.48787,1.0,0.39207,0.35918,1.0
Q01970,PLCB3,S,632,6,4,1,0.15397,0.24469,0.903314,2.255,0.078088,0.911807
Q01970,PLCB3,S,926,6,4,2,-0.10232,0.16411,1.0,0.78242,0.23553,0.959974
P19174,PLCG1,S,525,7,0,1,0.48221,0.14862,0.880494,2.1151,0.056135,0.883805
P19174,PLCG1,S,672,7,0,1,0.21825,0.24072,0.903314,1.0437,0.24133,0.959974
P19174,PLCG1,Y,771,7,0,2,0.27264,0.28752,0.906709,1.252,0.090035,0.911807
P19174,PLCG1,Y,775,7,0,2,-0.42288,0.17541,1.0,-1.3439,0.046671,1.0
P19174,PLCG1,S,1227,7,0,3,0.015019,0.73271,1.0,-0.90272,0.085992,1.0
Q4KWH8,PLCH1,T,1631,20,0,1,0.12893,0.41059,0.975125,1.4745,0.097934,0.926185
Q96S99,PLEKHF1,S,242,8,0,2,0.4519,0.083132,0.870635,0.096792,0.33706,1.0
Q9H8W4,PLEKHF2,S,226,8,0,2,0.25778,0.11263,0.870635,-1.5182,0.0085275,0.792974
Q8IY26,PLPP6,S,70,2,0,2,0.037865,0.43856,0.975125,-0.26346,0.24326,1.0
P29590,PML,S,8,16,0,1,0.54779,0.1686,0.88222,-0.95088,0.20633,1.0
P29590,PML,S,48,16,0,4,0.27155,0.40775,0.971499,0.14422,0.8542,1.0
P29590,PML,S,583,16,0,2,0.37895,0.04062,0.870635,0.72191,0.53669,1.0
P29590,PML,T,867,16,0,1,-0.1179,0.32438,1.0,-2.494,6.42e-07,0.000198
P00491,PNP,S,176,12,11,1,-0.032331,0.43418,1.0,1.5469,0.17964,0.959974
Q96AD5,PNPLA2,S,476,2,0,3,-0.50174,0.29768,1.0,-0.70749,0.28913,1.0
Q9NVS9,PNPO,S,241,24,14,1,-0.028847,0.45608,1.0,0.57838,0.37537,1.0
P09884,POLA1,S,186,8,8,1,0.2736,0.24869,0.903314,0.016389,0.533,1.0
P09884,POLA1,T,406,8,8,1,0.30215,0.1686,0.88222,-0.17219,0.33792,1.0
Q9NP87,POLM,S,372,3,3,1,-0.024393,0.464,1.0,0.28013,0.40306,1.0
O95602,POLR1A,T,357,16,16,1,-0.25334,0.060042,0.814084,1.7772,0.16955,0.959974
O95602,POLR1A,T,359,16,16,1,0.31241,0.21645,0.890611,-0.3675,0.28204,1.0
O95602,POLR1A,T,360,16,16,1,-0.2074,0.24219,1.0,1.7222,0.13771,0.959974
P24928,POLR2A,S,374,18,11,3,0.08833,0.42957,0.975125,-0.51786,0.16567,1.0
Q9NW08,POLR3B,T,12,17,16,2,-0.015959,0.45896,1.0,-1.9278,0.00022132,0.058894
P49593,PPM1F,S,454,4,0,1,-1.1741,0.057975,0.814084,-0.84002,0.26613,1.0
O15355,PPM1G,S,537,4,0,1,0.52675,0.046388,0.870635,-0.72361,0.10635,1.0
P48454,PPP3CC,S,483,7,0,2,0.20563,0.24314,0.903314,0.25797,0.67183,1.0
Q9NQV8,PRDM8,S,509,1,0,1,0.22685,0.33872,0.943554,-0.85352,0.19239,1.0
P30044,PRDX5,T,97,1,0,1,-0.0038084,0.48983,1.0,-0.76064,0.16037,1.0
P30044,PRDX5,S,182,1,0,2,0.1061,0.35645,0.95101,1.2638,0.32393,1.0
P30041,PRDX6,T,177,2,1,1,-0.72414,0.12245,1.0,-1.8448,0.032043,1.0
Q13131,PRKAA1,S,496,11,0,1,0.1095,0.37261,0.956823,-0.46769,0.21032,1.0
Q9UGJ0,PRKAG2,S,65,26,0,2,-1.0337,0.19237,1.0,-0.64476,0.21744,1.0
Q9UGJ0,PRKAG2,S,113,26,0,2,0.40148,0.2903,0.906709,0.94752,0.16059,0.959974
Q9UGJ0,PRKAG2,S,219,26,0,1,0.26832,0.37856,0.956823,-1.3151,0.12211,1.0
P31321,PRKAR1B,S,3,16,0,1,-0.16293,0.40417,1.0,4.6511,6.42e-07,0.001238
P31321,PRKAR1B,T,85,16,0,1,-0.1602,0.40815,1.0,-0.50017,0.37625,1.0
P13861,PRKAR2A,S,78,266,0,1,0.90122,0.15055,0.881502,-0.036245,0.45482,1.0
P13861,PRKAR2A,S,80,266,0,1,-0.023793,0.46601,1.0,-1.6889,0.048124,1.0
P31323,PRKAR2B,T,69,265,0,1,0.1311,0.41254,0.975125,1.0974,0.1836,0.959974
P31323,PRKAR2B,S,114,265,0,1,0.4192,0.17259,0.88222,0.12516,0.491,1.0
P17252,PRKCA,S,226,21,0,1,0.20545,0.21057,0.887649,1.3845,0.1876,0.959974
P17252,PRKCA,S,319,21,0,1,0.6497,0.17667,0.88222,3.1475,0.0080002,0.725671
P05771,PRKCB,S,311,20,0,1,-0.69161,0.074313,0.834482,-0.53547,0.30984,1.0
Q05655,PRKCD,S,302,11,0,1,0.30614,0.2785,0.906709,0.21877,0.46097,1.0
Q05655,PRKCD,S,306,11,0,1,-0.043782,0.45412,1.0,-0.31329,0.33592,1.0
Q9BZL6,PRKD2,S,198,11,0,1,0.089101,0.44465,0.975125,-0.62327,0.28795,1.0
Q9BZL6,PRKD2,S,214,11,0,1,-1.6877,0.14825,1.0,-0.90003,0.29795,1.0
Q9BZL6,PRKD2,S,236,11,0,2,0.66356,0.13755,0.8792,-0.73218,0.2972,1.0
Q9BZL6,PRKD2,Y,246,11,0,1,0.19487,0.35664,0.95101,1.1778,0.16955,0.959974
Q9BZL6,PRKD2,S,375,11,0,1,0.11555,0.39857,0.956823,1.3883,0.13372,0.959974
O94806,PRKD3,S,252,11,0,1,0.41377,0.2226,0.903314,0.51021,0.32911,1.0
O94806,PRKD3,T,542,11,0,2,-0.14941,0.48453,1.0,1.6186,0.13114,0.959974
O14744,PRMT5,S,470,9,9,2,-1.3514,0.00047844,0.046424,-0.20546,0.60132,1.0
Q96LA8,PRMT6,T,21,7,0,1,0.74023,0.072445,0.870635,-0.10819,0.39231,1.0
P40306,PSMB10,S,22,1,0,1,-0.29018,0.18034,1.0,-0.6162,0.20831,1.0
P62191,PSMC1,Y,439,8,0,1,-0.37854,0.086197,0.879462,1.8389,0.096007,0.926185
P17980,PSMC3,S,9,8,0,1,-0.24747,0.32841,1.0,-0.92196,0.18234,1.0
P43686,PSMC4,S,28,8,0,2,0.87274,0.07005,0.870635,0.58716,0.32393,1.0
P43686,PSMC4,S,117,8,0,1,0.077578,0.38059,0.956823,-0.65641,0.092499,1.0
Q14289,PTK2B,S,778,18,17,2,-0.15155,0.30162,1.0,0.39997,0.39447,1.0
Q14289,PTK2B,T,842,18,17,2,0.40482,0.20713,0.887649,0.25433,0.20031,0.959974
Q06124,PTPN11,Y,62,9,1,3,-0.04069,0.3163,1.0,0.093061,0.7928,1.0
Q9H3S7,PTPN23,T,1131,1,0,3,-0.49243,0.023602,0.682175,-0.77842,0.25545,1.0
P26045,PTPN3,S,359,9,0,1,0.20009,0.15454,0.88222,0.76952,0.35313,1.0
P35236,PTPN7,S,143,9,1,1,-0.11949,0.26016,1.0,0.83174,0.33716,1.0
P08575,PTPRC,S,1299,10,0,1,0.36159,0.18869,0.887649,-0.77382,0.16639,1.0
Q15262,PTPRK,S,856,10,0,1,-0.2392,0.20012,1.0,-0.27468,0.30984,1.0
Q9BZE2,PUS3,S,142,2,0,1,-0.62466,0.074313,0.834482,0.12703,0.48898,1.0
P61026,RAB10,S,188,20,20,1,-0.34398,0.33445,1.0,-0.98996,0.20633,1.0
Q86YS3,RAB11FIP4,S,253,4,0,2,-0.66144,0.096186,0.917381,0.59257,0.35017,1.0
P62820,RAB1A,T,195,15,15,1,0.28861,0.28045,0.906709,-0.35322,0.39231,1.0
Q96AX2,RAB37,S,19,17,0,1,0.18349,0.21451,0.887649,1.6812,0.16563,0.959974
Q7Z6P3,RAB44,S,131,11,0,1,0.037464,0.4386,0.975125,1.5256,0.18164,0.959974
Q7Z6P3,RAB44,T,403,11,0,1,0.32407,0.26853,0.903314,1.0863,0.19757,0.959974
Q7Z6P3,RAB44,S,509,11,0,4,-0.081676,0.3169,1.0,-0.34581,0.30704,1.0
P61020,RAB5B,S,125,16,0,1,0.32648,0.2507,0.903314,0.075574,0.50307,1.0
P20340,RAB6A,T,3,18,18,2,0.053433,0.57996,1.0,0.77621,0.11638,0.959974
P20340,RAB6A,S,23,18,18,1,0.37753,0.088297,0.870635,0.12405,0.50919,1.0
Q3YEC7,RABL6,S,27,9,0,2,0.55154,0.11263,0.870635,-0.18441,0.32671,1.0
Q3YEC7,RABL6,S,454,9,0,1,-0.21379,0.25812,1.0,2.0429,0.062002,0.888183
Q3YEC7,RABL6,S,492,9,0,2,0.22178,0.44126,0.975125,0.57746,0.42204,1.0
Q3YEC7,RABL6,S,596,9,0,2,0.029602,0.24314,0.903314,0.029575,0.64618,1.0
Q3YEC7,RABL6,T,599,9,0,2,0.11722,0.28752,0.906709,0.88617,0.33706,1.0
Q3YEC7,RABL6,S,640,9,0,1,-0.64655,0.12048,0.995368,-1.0095,0.14001,1.0
Q3YEC7,RABL6,S,641,9,0,3,-0.13996,0.5472,1.0,1.3606,0.3553,1.0
Q9NS91,RAD18,S,125,4,0,1,-0.19205,0.29834,1.0,0.11279,0.50307,1.0
Q9NS91,RAD18,S,158,4,0,1,-0.24229,0.28228,1.0,-0.59598,0.2521,1.0
Q92698,RAD54L,S,37,8,0,1,0.37149,0.07047,0.870635,0.97004,0.25539,0.959974
Q9Y4B4,RAD54L2,T,1198,8,0,1,-0.46514,0.16446,1.0,1.0321,0.16563,0.959974
Q9Y4B4,RAD54L2,T,1260,8,0,1,-0.55086,0.21619,1.0,1.3575,0.097935,0.926185
Q9Y4B4,RAD54L2,S,1267,8,0,2,-0.088972,0.56945,1.0,-0.41726,0.35847,1.0
Q9Y4B4,RAD54L2,S,1450,8,0,1,-0.3953,0.14825,1.0,0.66799,0.31518,1.0
Q9Y4B4,RAD54L2,S,1451,8,0,1,-0.82209,0.060042,0.814084,2.5321,0.026064,0.827751
P04049,RAF1,T,260,19,0,1,0.19995,0.26447,0.903314,-0.22935,0.28599,1.0
Q15311,RALBP1,S,34,14,0,1,0.1853,0.17667,0.88222,0.60178,0.39912,1.0
Q15311,RALBP1,S,48,14,0,1,-0.20849,0.26016,1.0,2.3829,0.050272,0.883805
Q15311,RALBP1,S,62,14,0,1,0.15261,0.38659,0.956823,-1.9844,0.014029,0.87425
Q15311,RALBP1,S,92,14,0,1,0.018344,0.48052,0.98948,1.6316,0.14564,0.959974
Q15311,RALBP1,S,93,14,0,1,-0.066713,0.43612,1.0,2.2852,0.044199,0.883805
Q15311,RALBP1,S,461,14,0,1,0.29779,0.1183,0.870635,0.52992,0.40108,1.0
Q15311,RALBP1,S,647,14,0,1,-0.15962,0.36441,1.0,-0.3824,0.34196,1.0
Q9Y4G8,RAPGEF2,S,930,120,0,2,0.014353,0.59295,1.0,1.3581,0.24249,0.959974
Q9Y4G8,RAPGEF2,S,1080,120,0,1,0.56748,0.034368,0.870635,1.8344,0.097935,0.926185
Q9Y4G8,RAPGEF2,S,1325,120,0,1,-0.50129,0.076364,0.834482,2.0919,0.064036,0.896302
Q8TEU7,RAPGEF6,S,230,120,0,1,-0.20293,0.34652,1.0,2.3509,0.0442,0.883805
Q8TEU7,RAPGEF6,T,1074,120,0,1,-0.19662,0.34853,1.0,-0.66054,0.27204,1.0
Q8TEU7,RAPGEF6,S,1245,120,0,1,0.23242,0.29245,0.906709,1.597,0.11775,0.959974
Q8TEU7,RAPGEF6,Y,1443,120,0,2,-0.016864,0.46745,1.0,-0.36642,0.23464,1.0
Q8TEU7,RAPGEF6,S,1494,120,0,1,0.70066,0.11633,0.870635,-0.54826,0.27204,1.0
Q8TEU7,RAPGEF6,T,1507,120,0,2,0.16774,0.21531,0.887837,0.55296,0.31386,1.0
Q14644,RASA3,S,258,4,0,1,-0.21105,0.27619,1.0,0.61516,0.33716,1.0
Q14644,RASA3,S,833,4,0,1,-0.49507,0.23817,1.0,1.6007,0.052218,0.883805
O95267,RASGRP1,S,491,5,0,1,-0.11353,0.33246,1.0,-1.101,0.060226,1.0
O95267,RASGRP1,S,694,5,0,1,-0.3036,0.17838,1.0,1.5113,0.14366,0.959974
Q7LDG7,RASGRP2,S,578,10,0,1,-1.1117,0.11043,0.978643,0.86346,0.12956,0.959974
Q9BYM8,RBCK1,S,272,21,0,1,0.11705,0.39258,0.956823,-0.073904,0.35386,1.0
Q9H1K0,RBSN,S,548,8,0,1,0.10057,0.38862,0.956823,-0.066144,0.38419,1.0
Q14257,RCN2,Y,313,25,0,1,-0.49308,0.06414,0.826886,-0.26682,0.29197,1.0
O94762,RECQL5,S,488,14,14,2,0.28098,0.26511,0.903314,0.28245,0.5896,1.0
Q96D71,REPS1,S,120,4,0,1,0.51219,0.038321,0.870635,2.0307,0.089911,0.911807
Q96D71,REPS1,S,166,4,0,1,0.57332,0.18264,0.883851,-1.7874,0.032042,1.0
Q96D71,REPS1,T,173,4,0,1,0.11545,0.29245,0.906709,1.1911,0.10513,0.959974
Q96D71,REPS1,S,274,4,0,1,-0.31968,0.25812,1.0,1.3251,0.13573,0.959974
Q96D71,REPS1,S,403,4,0,2,0.31789,0.24864,0.903314,0.47619,0.23553,0.959974
Q9UBZ9,REV1,S,901,21,21,1,-0.26784,0.28624,1.0,-0.54526,0.2143,1.0
O60673,REV3L,S,203,8,0,1,-0.073374,0.38632,1.0,0.4467,0.41316,1.0
O60673,REV3L,S,1030,8,0,1,-0.47058,0.086198,0.879462,-0.17616,0.38023,1.0
Q9Y3B8,REXO2,S,17,5,5,3,-0.08561,0.76869,1.0,-0.25164,0.023475,0.959477
P35251,RFC1,S,156,8,0,1,-0.34352,0.30027,1.0,-1.3819,0.070351,1.0
P35251,RFC1,S,518,8,0,1,0.71127,0.015901,0.870635,-0.3012,0.21625,1.0
Q8TEB9,RHBDD1,S,291,2,0,2,-0.20958,0.39141,1.0,-0.76231,0.15803,1.0
Q8TEB9,RHBDD1,S,300,2,0,2,0.11707,0.5375,1.0,1.3213,0.067291,0.896302
P84095,RHOG,T,180,14,14,2,0.21203,0.28752,0.906709,0.27724,0.56336,1.0
Q6R327,RICTOR,T,1222,7,7,1,0.019245,0.47244,0.985552,1.5108,0.17563,0.959974
Q6R327,RICTOR,S,1286,7,7,1,-0.19709,0.34652,1.0,-0.15743,0.43654,1.0
Q6R327,RICTOR,S,1591,7,7,1,0.13499,0.35065,0.95101,2.2355,0.052218,0.883805
Q13546,RIPK1,S,331,11,0,1,0.4434,0.076371,0.870635,1.0159,0.25132,0.959974
Q13546,RIPK1,Y,387,11,0,1,0.20306,0.39857,0.956823,-0.72719,0.31189,1.0
Q9Y572,RIPK3,S,227,11,0,1,-0.093058,0.44012,1.0,-1.5345,0.056243,1.0
Q9Y572,RIPK3,S,410,11,0,1,0.91532,0.00994,0.870635,-0.12477,0.36001,1.0
O75792,RNASEH2A,S,18,3,0,1,0.14636,0.41449,0.975125,3.6352,0.0080002,0.725671
Q9NV58,RNF19A,S,599,25,0,1,0.14801,0.31442,0.915212,1.0246,0.23544,0.959974
Q63HN8,RNF213,S,45,26,24,1,0.28554,0.24469,0.903314,0.26529,0.43298,1.0
Q63HN8,RNF213,S,2273,26,24,1,0.36638,0.14862,0.880494,0.30417,0.43298,1.0
P78317,RNF4,S,94,8,0,1,0.74525,0.030286,0.870635,-0.217,0.37426,1.0
P78317,RNF4,T,112,8,0,2,0.1408,0.21814,0.893019,1.1741,0.17489,0.959974
Q9UBF6,RNF7,S,19,12,12,2,-0.074217,0.22028,1.0,0.83063,0.10876,0.959974
P51812,RPS6KA3,T,365,22,0,1,0.39199,0.1686,0.88222,-0.83874,0.16639,1.0
P51812,RPS6KA3,S,415,22,0,1,0.22934,0.1686,0.88222,1.3112,0.19757,0.959974
O75676,RPS6KA4,S,347,22,0,1,-0.62703,0.17838,1.0,0.68388,0.19757,0.959974
O75582,RPS6KA5,T,216,22,0,1,-0.27862,0.19429,1.0,0.79281,0.28107,0.994523
P62070,RRAS2,S,10,21,16,1,-0.59354,0.23817,1.0,2.0417,0.030004,0.883805
P23921,RRM1,S,119,27,26,1,0.28368,0.24869,0.903314,-0.23968,0.36001,1.0
P31350,RRM2,S,20,7,0,2,0.28998,0.028222,0.870635,0.64226,0.58181,1.0
P31350,RRM2,S,26,7,0,1,0.080076,0.44261,0.975125,-0.02664,0.43654,1.0
P31350,RRM2,T,33,7,0,3,0.49439,0.17065,0.88222,-1.3032,0.071662,1.0
O43159,RRP8,S,106,6,6,2,-0.57767,0.10296,0.937792,-0.99369,0.046671,1.0
Q6PCB5,RSBN1L,S,96,5,0,1,0.18988,0.25276,0.903314,2.096,0.087947,0.911807
P19793,RXRA,S,129,10,10,3,0.22832,0.24083,0.903314,-0.71789,0.10018,1.0
Q01826,SATB1,S,38,13,0,1,0.21848,0.31049,0.915212,-1.3927,0.04208,1.0
Q96FV2,SCRN2,S,17,1,0,1,0.49377,0.14862,0.880494,1.2121,0.16955,0.959974
O00560,SDCBP,S,88,3,3,2,-0.045127,0.3521,1.0,-0.92525,0.0015313,0.328245
P31040,SDHA,S,177,17,17,1,-0.17411,0.26016,1.0,1.9139,0.097934,0.926185
Q9P0U3,SENP1,S,108,3,3,3,0.28111,0.059565,0.870635,0.98793,0.43662,1.0
Q9P0U3,SENP1,S,157,3,3,1,-0.032946,0.43612,1.0,0.83282,0.33716,1.0
Q9P0U3,SENP1,S,163,3,3,1,0.50261,0.096363,0.870635,0.43489,0.40108,1.0
Q9H4L4,SENP3,S,169,3,0,2,0.069641,0.38103,0.956823,-0.66985,0.13205,1.0
Q9H4L4,SENP3,S,307,3,0,1,0.32088,0.10624,0.870635,1.3279,0.2057,0.959974
Q96HI0,SENP5,S,363,3,0,1,-0.12558,0.28228,1.0,1.1546,0.23937,0.959974
Q9GZR1,SENP6,S,55,3,0,1,-0.61605,0.11653,0.993217,0.12094,0.491,1.0
Q9BQF6,SENP7,S,443,3,0,1,0.48844,0.092407,0.870635,1.4348,0.17348,0.959974
Q96LD8,SENP8,S,126,3,0,2,0.33174,0.14113,0.8792,0.86669,0.38815,1.0
P49903,SEPHS1,S,392,12,11,1,0.31434,0.26853,0.903314,-1.0745,0.15228,1.0
Q8WYJ6,SEPTIN1,S,253,21,0,1,-0.14003,0.32032,1.0,0.80171,0.28911,0.998673
Q99719,SEPTIN5,S,225,21,0,1,-0.64676,0.24219,1.0,-0.66123,0.38023,1.0
Q14141,SEPTIN6,S,27,20,17,1,0.72791,0.028284,0.870635,0.23744,0.44706,1.0
Q9UHD8,SEPTIN9,S,23,21,0,1,0.082281,0.44056,0.975125,-0.4098,0.30984,1.0
Q9UHD8,SEPTIN9,T,42,21,0,1,0.32284,0.26447,0.903314,0.58825,0.31709,1.0
Q9UHD8,SEPTIN9,S,111,21,0,2,0.39346,0.32601,0.931492,0.84949,0.036749,0.883805
Q9UHD8,SEPTIN9,Y,278,21,0,3,-0.35741,0.30171,1.0,0.22955,0.80705,1.0
Q9UHD8,SEPTIN9,S,327,21,0,1,-0.0037896,0.48787,1.0,-1.1927,0.052152,1.0
O15047,SETD1A,S,470,1,0,3,-1.1014,0.023601,0.682175,-0.67986,0.1361,1.0
O15047,SETD1A,T,1106,1,0,1,0.49103,0.13848,0.8792,-0.87581,0.15634,1.0
O15047,SETD1A,S,1153,1,0,3,0.17147,0.37597,0.956823,-1.104,0.18373,1.0
Q9UPS6,SETD1B,S,461,1,0,1,-0.67302,0.068203,0.826886,0.29796,0.42495,1.0
Q9UPS6,SETD1B,T,909,1,0,2,-0.21218,0.47614,1.0,-0.59715,0.19,1.0
Q9UPS6,SETD1B,S,930,1,0,2,-0.47325,0.17259,1.0,-0.57561,0.28112,1.0
Q9BYW2,SETD2,S,1084,21,21,1,0.48851,0.034367,0.870635,0.81916,0.32315,1.0
Q9BYW2,SETD2,S,1696,21,21,2,0.20327,0.42755,0.975125,0.053524,0.72654,1.0
Q7Z333,SETX,S,2639,8,0,1,-1.9007,0.029988,0.709362,-1.3306,0.11239,1.0
Q9BX95,SGPP1,S,101,2,0,1,-0.99107,0.15225,1.0,-0.85661,0.28204,1.0
Q9H0K1,SIK2,T,589,11,0,1,-0.015478,0.46601,1.0,-0.55356,0.284,1.0
Q9Y2K2,SIK3,S,626,11,0,3,-0.093038,0.43179,1.0,0.80991,0.43662,1.0
Q9Y2K2,SIK3,S,866,11,0,1,0.51944,0.17464,0.88222,1.3962,0.13573,0.959974
Q96EB6,SIRT1,S,14,36,1,2,0.32799,0.15035,0.881502,1.0182,0.24249,0.959974
Q96EB6,SIRT1,S,16,36,1,1,0.67504,0.17667,0.88222,-1.3281,0.1202,1.0
Q96EB6,SIRT1,S,47,36,1,2,-1.5488,0.15854,1.0,0.33717,0.025368,0.826064
Q96EB6,SIRT1,S,174,36,1,1,0.55688,0.076371,0.870635,1.2058,0.1876,0.959974
Q8IXJ6,SIRT2,S,368,23,22,2,0.26029,0.43856,0.975125,-0.31247,0.30115,1.0
Q8N6T7,SIRT6,S,330,16,16,1,0.020571,0.50426,0.993279,-1.5989,0.070352,1.0
P55011,SLC12A2,S,77,19,19,1,0.41124,0.1183,0.870635,0.13161,0.491,1.0
P55011,SLC12A2,S,123,19,19,1,-0.91477,0.22615,1.0,-1.0391,0.24019,1.0
Q9Y666,SLC12A7,S,40,8,8,1,0.70276,0.044365,0.870635,1.0302,0.20962,0.959974
P53985,SLC16A1,S,467,3,3,2,-0.039323,0.56945,1.0,-0.059272,0.60923,1.0
P53985,SLC16A1,S,498,3,3,1,-0.13438,0.33246,1.0,-1.905,0.0080041,0.781865
P41440,SLC19A1,S,485,20,20,2,0.29104,0.2903,0.906709,0.26081,0.4578,1.0
Q15758,SLC1A5,S,9,17,17,1,-0.28781,0.16244,1.0,1.3157,0.19757,0.959974
Q15758,SLC1A5,S,503,17,17,1,0.095458,0.40056,0.957974,0.49476,0.37536,1.0
P11166,SLC2A1,S,490,8,7,2,0.20672,0.26789,0.903314,0.72331,0.14963,0.959974
P14672,SLC2A4,S,488,7,0,1,0.97213,0.030286,0.870635,-1.1706,0.12211,1.0
Q2Y0W8,SLC4A8,S,237,2,0,1,0.88196,0.015901,0.870635,0.34807,0.41699,1.0
Q9H2G2,SLK,S,348,11,0,1,0.15651,0.27253,0.906443,0.4405,0.40707,1.0
P84022,SMAD3,S,3,4,0,2,0.38572,0.11099,0.870635,0.77201,0.10134,0.945616
P84022,SMAD3,S,416,4,0,1,0.42276,0.23261,0.903314,-0.16618,0.43654,1.0
P28370,SMARCA1,S,116,8,0,1,0.65983,0.030286,0.870635,0.56529,0.36721,1.0
P51532,SMARCA4,T,1358,8,0,2,0.015042,0.2459,0.903314,-0.68218,0.17625,1.0
P51532,SMARCA4,S,1452,8,0,2,0.48814,0.18531,0.887649,0.031536,0.086109,0.911807
P51532,SMARCA4,S,1627,8,0,1,0.68379,0.038322,0.870635,2.0354,0.064036,0.896302
P51532,SMARCA4,S,1631,8,0,1,0.0028895,0.51017,0.993279,0.53967,0.40306,1.0
Q9NZC9,SMARCAL1,S,112,8,0,1,0.25846,0.24072,0.903314,0.34082,0.42704,1.0
Q9UQE7,SMC3,S,1074,8,0,2,-0.97148,0.081288,0.858283,0.83796,0.090035,0.911807
Q9NTJ3,SMC4,S,41,8,0,1,-0.2,0.36849,1.0,-0.75102,0.28204,1.0
Q8IY18,SMC5,S,26,8,0,2,-0.15379,0.29608,1.0,-0.60636,0.16005,1.0
Q8IY18,SMC5,S,35,8,0,2,-0.14261,0.50114,1.0,0.40895,0.33044,1.0
Q86US8,SMG6,S,240,3,0,2,-0.73356,0.18383,1.0,-0.40369,0.30115,1.0
Q86US8,SMG6,T,301,3,0,1,0.36126,0.13644,0.8792,-1.1272,0.054163,1.0
Q86US8,SMG6,S,421,3,0,1,-0.24414,0.30027,1.0,-0.98627,0.13209,1.0
Q86US8,SMG6,S,438,3,0,1,-0.30133,0.27619,1.0,-0.12905,0.44662,1.0
Q86US8,SMG6,S,831,3,0,1,0.31733,0.18869,0.887649,1.5601,0.11971,0.959974
Q9H7B4,SMYD3,T,22,18,10,1,-1.8142,0.062094,0.814084,3.3647,0.0020098,0.443423
Q9NRH2,SNRK,S,162,11,0,1,0.15178,0.24869,0.903314,1.5018,0.1876,0.959974
Q9NRH2,SNRK,S,351,11,0,1,0.087048,0.4245,0.975125,0.093748,0.49901,1.0
Q9NRH2,SNRK,S,390,11,0,1,0.32345,0.4245,0.975125,-1.3391,0.14408,1.0
Q9NRH2,SNRK,S,576,11,0,4,0.41194,0.24094,0.903314,-0.64207,0.30495,1.0
Q9NRH2,SNRK,S,607,11,0,2,-0.3003,0.35761,1.0,-0.5912,0.29013,1.0
O75643,SNRNP200,S,457,16,16,1,0.1863,0.24469,0.903314,0.91011,0.3053,1.0
O75643,SNRNP200,S,2002,16,16,1,0.27072,0.078368,0.870635,-0.36293,0.082491,1.0
Q13596,SNX1,S,72,4,0,1,0.17545,0.26853,0.903314,1.0598,0.22945,0.959974
Q9NRS6,SNX15,T,229,4,0,1,0.47854,0.17667,0.88222,0.5547,0.31911,1.0
P57768,SNX16,T,109,3,0,2,0.30628,0.07005,0.870635,0.64132,0.47815,1.0
Q15036,SNX17,S,336,4,0,3,-0.67482,0.14186,1.0,-0.20174,0.29785,1.0
Q15036,SNX17,S,415,4,0,1,0.039732,0.46453,0.985552,0.57121,0.34918,1.0
Q15036,SNX17,S,421,4,0,1,-1.2192,0.03598,0.76866,-0.06401,0.45058,1.0
Q15036,SNX17,S,437,4,0,3,-0.10044,0.26465,1.0,-0.065645,0.58723,1.0
Q96RF0,SNX18,S,199,3,0,1,-1.4515,0.0096641,0.427423,-0.086027,0.43653,1.0
O95219,SNX4,S,22,4,0,2,-1.1353,0.16133,1.0,1.5239,0.089911,0.883805
Q9Y5X2,SNX8,S,441,3,0,2,-0.18573,0.32373,1.0,1.1684,0.1275,0.959974
Q9Y5X1,SNX9,S,116,3,3,1,0.35155,0.044365,0.870635,1.3955,0.22349,0.959974
P35610,SOAT1,T,36,9,9,1,0.39394,0.066501,0.870635,0.49261,0.40108,1.0
P35270,SPR,S,243,23,17,1,0.16429,0.26447,0.903314,-0.18974,0.28204,1.0
Q13813,SPTAN1,S,1031,10,0,2,-0.30865,0.36044,1.0,0.41918,0.33706,1.0
Q13501,SQSTM1,S,28,8,0,2,0.38604,0.13461,0.8792,-0.29753,0.30971,1.0
Q13501,SQSTM1,S,291,8,0,1,0.43957,0.064436,0.870635,1.7582,0.14564,0.959974
P12931,SRC,S,75,11,0,1,-0.26367,0.33246,1.0,-1.0195,0.17039,1.0
P12931,SRC,Y,439,11,0,1,0.28343,0.29245,0.906709,-1.829,0.026109,0.959477
Q6ZRS2,SRCAP,S,568,8,0,1,-0.3493,0.3445,1.0,0.26913,0.40108,1.0
Q6ZRS2,SRCAP,T,1322,8,0,1,-0.12968,0.36441,1.0,0.3505,0.40707,1.0
Q6ZRS2,SRCAP,S,2869,8,0,4,-0.081706,0.585,1.0,1.0296,0.34345,1.0
Q6ZRS2,SRCAP,S,3016,8,0,2,-0.42863,0.31821,1.0,-0.65561,0.26876,1.0
P19623,SRM,S,147,17,17,1,0.011347,0.49647,0.993279,-1.0926,0.078453,1.0
P78362,SRPK2,S,380,11,0,2,0.12995,0.4331,0.975125,1.5886,0.13114,0.959974
Q8WYL5,SSH1,S,576,1,0,1,1.3243,0.012,0.870635,-1.4895,0.054163,1.0
Q96FJ0,STAMBPL1,S,242,7,7,1,0.30217,0.21057,0.887649,1.1305,0.19757,0.959974
Q13586,STIM1,S,257,5,5,1,-0.22958,0.25208,1.0,-0.38438,0.27204,1.0
Q13586,STIM1,S,512,5,5,1,0.33449,0.044364,0.870635,1.3756,0.23142,0.959974
Q13586,STIM1,S,621,5,5,1,-0.45222,0.066167,0.826886,-0.57898,0.2143,1.0
Q13586,STIM1,S,628,5,5,2,0.090816,0.49329,0.993279,0.2962,0.13486,0.959974
Q13586,STIM1,T,665,5,5,1,0.15959,0.2785,0.906709,1.3132,0.19565,0.959974
O94804,STK10,S,392,11,0,1,0.00083899,0.51017,0.993279,-0.42951,0.1884,1.0
Q15831,STK11,S,401,11,0,2,-0.16403,0.27078,1.0,-1.1003,0.10456,1.0
Q15831,STK11,S,421,11,0,1,-0.85888,0.14431,1.0,-1.0782,0.17834,1.0
Q9UEE5,STK17A,S,9,11,0,1,-0.64488,0.22615,1.0,-0.82355,0.28795,1.0
Q9UEE5,STK17A,S,13,11,0,1,-1.0025,0.057975,0.814084,-0.78213,0.24429,1.0
Q9UEE5,STK17A,S,20,11,0,2,-0.066348,0.3914,1.0,-0.46578,0.32527,1.0
Q86UX6,STK32C,S,18,11,0,1,-0.19635,0.28819,1.0,-0.073432,0.37426,1.0
Q8TDR2,STK35,S,147,11,0,1,0.17582,0.31049,0.915212,-1.0448,0.11439,1.0
Q8TDR2,STK35,S,385,11,0,2,0.059437,0.21261,0.887649,-1.099,0.045608,1.0
Q9UEW8,STK39,S,385,11,0,1,0.31172,0.26056,0.903314,0.66583,0.31322,1.0
Q13043,STK4,S,265,11,0,1,0.13898,0.21057,0.887649,1.0084,0.29717,1.0
Q8TCJ2,STT3B,S,29,5,0,1,0.23233,0.33472,0.943235,-0.050127,0.44258,1.0
O00267,SUPT5H,S,686,2,2,1,-0.59496,0.25014,1.0,-1.1584,0.20434,1.0
O00267,SUPT5H,T,791,2,2,1,-0.0073665,0.48787,1.0,-0.65606,0.25815,1.0
O00267,SUPT5H,T,806,2,2,1,-0.034416,0.45608,1.0,-0.48949,0.23219,1.0
O43463,SUV39H1,S,391,19,0,1,0.20942,0.31635,0.915212,0.8178,0.23544,0.959974
O75478,TADA2A,S,8,8,0,2,-0.094455,0.48453,1.0,0.085675,0.36945,1.0
Q5VWG9,TAF3,S,345,8,8,1,0.006759,0.50817,0.993279,0.37306,0.40108,1.0
Q5VWG9,TAF3,T,364,8,8,2,-0.29219,0.45326,1.0,-0.91441,0.084917,1.0
P37837,TALDO1,S,237,9,1,1,0.095845,0.42848,0.975125,-0.93228,0.15634,1.0
Q9UL54,TAOK2,S,473,11,0,1,-1.9222,0.076363,0.834482,0.48532,0.17964,0.959974
Q93075,TATDN2,S,308,6,0,1,-0.4479,0.16446,1.0,-1.3211,0.078452,1.0
Q93075,TATDN2,S,420,6,0,1,0.29831,0.1445,0.880494,1.55,0.15759,0.959974
Q86VP1,TAX1BP1,S,124,8,0,1,0.54144,0.14862,0.880494,-1.3129,0.098501,1.0
A7MCY6,TBKBP1,S,335,4,0,1,0.43912,0.35265,0.95101,1.7004,0.087947,0.725671
Q9Y242,TCF19,T,263,8,0,1,0.25823,0.24869,0.903314,-1.1183,0.092499,1.0
Q96S53,TESK2,S,456,11,0,1,-0.34951,0.28228,1.0,-0.45125,0.34196,1.0
Q6N021,TET2,S,99,25,25,1,0.5144,0.046389,0.870635,-0.01363,0.33997,1.0
Q96RS0,TGS1,T,60,2,1,2,0.29172,0.04694,0.870635,0.80144,0.49541,1.0
Q96RS0,TGS1,S,85,2,1,1,-0.012198,0.464,1.0,-0.53707,0.17241,1.0
Q8WY91,THAP4,S,132,2,2,1,0.29527,0.11036,0.870635,0.50552,0.40707,1.0
Q8WY91,THAP4,S,288,2,2,1,-0.84011,0.25014,1.0,1.4415,0.016163,0.725671
Q8WY91,THAP4,S,301,2,2,1,-0.59823,0.13441,1.0,0.28844,0.40707,1.0
Q8WY91,THAP4,S,547,2,2,1,0.16696,0.35467,0.95101,-0.45726,0.28995,1.0
P52888,THOP1,S,529,4,4,1,-0.019959,0.21419,1.0,-0.16026,0.42249,1.0
Q9Y2W1,THRAP3,S,253,8,0,1,-0.29624,0.045946,0.806728,1.8008,0.15964,0.959974
Q9Y2W1,THRAP3,S,320,8,0,1,0.1266,0.41449,0.975125,-0.92038,0.19239,1.0
Q9Y2W1,THRAP3,T,324,8,0,1,0.51978,0.13848,0.8792,-1.0605,0.11239,1.0
Q9Y2W1,THRAP3,S,326,8,0,1,-0.29347,0.086197,0.879462,0.91851,0.28313,0.995855
Q9Y2W1,THRAP3,S,560,8,0,1,0.28616,0.13848,0.8792,0.92148,0.28107,0.994523
Q9Y2W1,THRAP3,S,672,8,0,1,0.44761,0.12022,0.870635,0.99543,0.22349,0.959974
Q9Y2W1,THRAP3,S,698,8,0,1,-0.42488,0.15028,1.0,0.16462,0.48897,1.0
Q9Y2W1,THRAP3,T,918,8,0,1,0.12658,0.37856,0.956823,1.0634,0.20767,0.959974
Q9Y2W1,THRAP3,S,928,8,0,1,-0.074466,0.42224,1.0,1.5005,0.12752,0.959974
O43615,TIMM44,S,185,8,0,2,-0.1528,0.37719,1.0,0.31868,0.44606,1.0
P04183,TK1,S,13,26,26,2,-0.14221,0.48728,1.0,-3.4896,6.42e-07,0.000198
P29401,TKT,S,105,20,19,1,-0.26176,0.35652,1.0,-0.64878,0.33997,1.0
P29401,TKT,T,287,20,19,1,0.33734,0.31049,0.915212,0.3751,0.36324,1.0
P29401,TKT,S,295,20,19,1,0.56345,0.24072,0.903314,-0.17064,0.4527,1.0
P29401,TKT,S,308,20,19,1,0.43022,0.1023,0.870635,1.8232,0.097935,0.926185
Q9UKI8,TLK1,T,38,11,0,1,-0.51253,0.15425,1.0,-1.0147,0.12211,1.0
Q9UKI8,TLK1,Y,152,11,0,2,-0.28801,0.051411,0.806728,0.99255,0.44606,1.0
Q86UE8,TLK2,S,111,11,0,1,0.080984,0.44465,0.975125,-1.0101,0.20633,1.0
Q86UE8,TLK2,S,117,11,0,1,0.32393,0.20859,0.887649,-0.39884,0.27204,1.0
Q86WV6,TMEM173,S,345,7,7,1,0.08513,0.44465,0.975125,-0.39535,0.37426,1.0
Q9H3N1,TMX1,S,221,2,2,1,-0.4067,0.27619,1.0,-1.6759,0.032043,1.0
Q9H1E5,TMX4,S,342,2,0,2,-0.34271,0.19798,1.0,-0.057096,0.67057,1.0
P21580,TNFAIP3,S,381,31,1,1,0.37674,0.24469,0.903314,-0.14618,0.3943,1.0
P21580,TNFAIP3,S,645,31,1,1,-0.48176,0.19815,1.0,0.34336,0.38326,1.0
P11387,TOP1,Y,125,1,1,1,0.067281,0.35265,0.95101,0.99566,0.3053,1.0
P11388,TOP2A,S,4,20,18,1,0.077453,0.45249,0.985208,-1.5702,0.052152,1.0
P11388,TOP2A,S,1106,20,18,1,0.27467,0.2367,0.903314,1.2844,0.16563,0.959974
P11388,TOP2A,S,1247,20,18,1,0.28397,0.11633,0.870635,1.6507,0.17348,0.959974
P11388,TOP2A,S,1495,20,18,1,0.55113,0.024194,0.870635,0.5961,0.37332,1.0
P11388,TOP2A,S,1504,20,18,1,-0.099663,0.36246,1.0,2.3012,0.060012,0.883805
Q02880,TOP2B,S,1336,20,3,1,-0.57452,0.16244,1.0,-1.1467,0.14002,1.0
Q02880,TOP2B,S,1342,20,3,1,0.008913,0.49257,0.993279,1.1554,0.23142,0.959974
Q02880,TOP2B,S,1550,20,3,1,-0.23973,0.28031,1.0,1.1834,0.19565,0.959974
Q02880,TOP2B,S,1552,20,3,1,-0.63016,0.15225,1.0,-0.020273,0.44258,1.0
Q96S44,TP53RK,T,8,11,0,1,-0.036572,0.41425,1.0,0.22606,0.49496,1.0
Q9C040,TRIM2,S,428,4,0,1,-0.097859,0.34652,1.0,-0.82209,0.11046,1.0
Q14258,TRIM25,S,100,8,8,2,-0.22896,0.36332,1.0,0.90202,0.25291,0.959974
Q13263,TRIM28,S,19,8,0,2,0.4624,0.41923,0.975125,-2.1079,0.0081593,0.787067
Q13263,TRIM28,S,50,8,0,1,0.19284,0.43657,0.975125,-2.1719,0.016087,0.87425
Q13263,TRIM28,S,258,8,0,1,-0.33031,0.25014,1.0,0.39802,0.39122,1.0
Q13263,TRIM28,S,285,8,0,2,-0.53809,0.075786,0.834482,0.56953,0.19679,0.959974
Q13263,TRIM28,S,433,8,0,1,-0.034727,0.45412,1.0,-0.61578,0.17834,1.0
Q13263,TRIM28,S,489,8,0,1,-3.0699,0.05192,0.806728,2.5292,0.0020098,0.443423
Q13263,TRIM28,S,596,8,0,1,0.055046,0.4605,0.985552,0.83828,0.22751,0.959974
Q13263,TRIM28,S,601,8,0,1,-0.30214,0.35252,1.0,0.48925,0.25132,0.959974
Q13263,TRIM28,S,689,8,0,1,0.52784,0.070472,0.870635,2.4848,0.046185,0.883805
Q13263,TRIM28,S,752,8,0,2,0.16053,0.50977,0.993279,0.44671,0.6095,1.0
Q13263,TRIM28,S,828,8,0,1,-0.20431,0.38632,1.0,3.3446,0.00396,0.67882
O75382,TRIM3,S,7,4,0,1,-0.26126,0.24219,1.0,-1.1772,0.052154,1.0
Q9UPN9,TRIM33,S,862,8,0,1,0.18505,0.26447,0.903314,1.7959,0.11971,0.959974
Q8WV44,TRIM41,S,447,4,0,2,-0.030199,0.50397,1.0,0.72655,0.12379,0.959974
Q9BRZ2,TRIM56,T,442,4,0,2,0.28115,0.37015,0.956823,-0.17433,0.30115,1.0
O75962,TRIO,S,1724,11,0,2,0.20066,0.09188,0.870635,0.49208,0.36945,1.0
O75962,TRIO,S,2455,11,0,3,0.71359,0.27343,0.906709,1.0547,0.41609,1.0
O75962,TRIO,S,2463,11,0,1,0.42102,0.25859,0.903314,3.6913,0.0059641,0.67882
O75962,TRIO,S,2477,11,0,5,0.067462,0.4687,0.985552,0.25444,0.12103,0.959974
Q14669,TRIP12,S,119,1,1,1,-0.40028,0.11249,0.979559,-1.085,0.082491,1.0
Q14669,TRIP12,S,472,1,1,1,-0.0079433,0.48377,1.0,-0.2589,0.45058,1.0
Q15645,TRIP13,S,18,8,0,1,-0.0021528,0.48983,1.0,0.77679,0.25132,0.959974
Q9H3H1,TRIT1,S,455,6,0,1,-0.39187,0.19229,1.0,1.1014,0.1856,0.959974
Q9NXH9,TRMT1,S,625,7,0,2,0.14934,0.52908,1.0,-0.89946,0.18221,1.0
Q9NXH9,TRMT1,S,643,7,0,2,-0.15624,0.42808,1.0,0.45839,0.48966,1.0
Q9NUP7,TRMT13,S,397,4,0,1,0.19044,0.29245,0.906709,1.5844,0.12752,0.959974
Q7Z2T5,TRMT1L,T,26,8,0,1,-0.50521,0.24219,1.0,0.82533,0.1836,0.959974
Q9UJA5,TRMT6,T,291,48,48,1,-0.26686,0.17243,1.0,0.68373,0.33716,1.0
Q96FX7,TRMT61A,T,254,43,43,1,0.32746,0.17259,0.88222,0.32327,0.44706,1.0
Q96QT4,TRPM7,S,1269,14,0,1,0.29425,0.19858,0.887649,3.2353,0.018148,0.725671
Q9UJK0,TSR3,S,259,4,0,1,-0.6581,0.22615,1.0,0.3847,0.32911,1.0
Q9UJK0,TSR3,S,264,4,0,1,0.62159,0.034368,0.870635,2.3476,0.056134,0.883805
Q9UJK0,TSR3,S,282,4,0,1,-0.54592,0.21619,1.0,0.64582,0.23544,0.959974
Q6IQ55,TTBK2,T,322,11,0,2,0.12455,0.089763,0.870635,-0.46121,0.0251,0.959477
Q6IQ55,TTBK2,S,428,11,0,1,0.42772,0.16054,0.88222,-0.21143,0.36001,1.0
Q6IQ55,TTBK2,S,1103,11,0,1,-0.86183,0.12048,0.995368,-1.2241,0.16037,1.0
Q6IQ55,TTBK2,S,1182,11,0,1,0.078209,0.38659,0.956823,-0.74468,0.10635,1.0
Q9UNY4,TTF2,S,351,12,0,1,-0.41692,0.17441,1.0,-0.51758,0.28995,1.0
P33981,TTK,S,321,11,0,1,0.31619,0.11633,0.870635,-0.68833,0.11046,1.0
P33981,TTK,S,821,11,0,1,-0.23666,0.30637,1.0,1.2781,0.15158,0.959974
Q14166,TTLL12,S,16,6,0,1,0.40299,0.1023,0.870635,1.5177,0.15759,0.959974
Q9C0H2,TTYH3,S,522,2,0,1,-1.5167,0.021905,0.644867,-1.2235,0.11046,1.0
P68363,TUBA1B,S,340,18,18,1,0.38481,0.17667,0.88222,-0.49387,0.28995,1.0
P07437,TUBB,S,40,8,0,1,-1.5019,0.12445,1.0,0.22827,0.12563,0.959974
P07437,TUBB,S,48,8,0,1,1.0307,0.048336,0.870635,2.6851,0.020103,0.760508
P07437,TUBB,Y,50,8,0,1,-2.9561,0.0077847,0.409031,-1.0154,0.23012,1.0
P07437,TUBB,S,78,8,0,1,-1.4174,0.0096641,0.427423,-0.4705,0.36001,1.0
P07437,TUBB,S,172,8,0,1,-2.733,5.21e-07,6e-05,-0.34462,0.40624,1.0
P07437,TUBB,S,339,8,0,1,-0.17671,0.20423,1.0,1.0434,0.27912,0.994523
P68371,TUBB4B,T,55,8,0,1,0.42135,0.26447,0.903314,-0.28738,0.42451,1.0
P23258,TUBG1,S,284,7,0,1,-0.10743,0.3445,1.0,0.88276,0.28515,0.996152
Q5VYS8,TUT7,T,165,16,16,1,-0.77394,0.14432,1.0,4.3488,0.0020111,0.443423
Q5VYS8,TUT7,S,1472,16,16,2,-0.35495,0.16412,1.0,0.36843,0.42204,1.0
Q99757,TXN2,T,60,2,0,1,-0.031511,0.44617,1.0,0.07233,0.5232,1.0
P29597,TYK2,Y,292,11,0,4,-0.34689,0.20715,1.0,0.27502,0.64872,1.0
P22314,UBA1,S,4,7,0,1,0.026977,0.47244,0.985552,3.2557,0.018148,0.725671
P22314,UBA1,S,13,7,0,1,0.028298,0.47244,0.985552,0.54445,0.36721,1.0
P22314,UBA1,S,24,7,0,1,0.099378,0.41651,0.975125,0.39637,0.38529,1.0
P22314,UBA1,Y,60,7,0,4,-0.18198,0.033386,0.76866,-0.42083,0.28157,1.0
P22314,UBA1,S,305,7,0,2,0.27073,0.36741,0.956823,0.59206,0.2215,0.959974
P22314,UBA1,S,835,7,0,1,-1.1888,0.039932,0.76866,-1.3155,0.10249,1.0
Q9GZZ9,UBA5,S,45,10,10,1,0.53916,0.12836,0.8792,3.1731,0.012061,0.725671
A0AVT1,UBA6,S,36,13,10,2,0.3096,0.31787,0.915212,0.36182,0.54486,1.0
P41226,UBA7,S,24,31,0,1,0.55269,0.1183,0.870635,0.50701,0.35313,1.0
Q8TF42,UBASH3B,S,20,3,0,1,0.14335,0.35664,0.95101,1.0062,0.21551,0.959974
Q96LR5,UBE2E2,S,11,1,0,2,-0.93174,0.18383,1.0,-0.33475,0.32883,1.0
Q969T4,UBE2E3,S,8,1,0,1,-0.92047,0.062094,0.814084,-0.74259,0.27602,1.0
Q9Y385,UBE2J1,S,251,1,0,2,-1.1363,0.17541,1.0,-0.57668,0.31459,1.0
Q9C0C9,UBE2O,S,87,1,0,1,0.18008,0.28045,0.906709,1.0657,0.22349,0.959974
Q9C0C9,UBE2O,S,89,1,0,1,-1.0282,0.051921,0.806728,0.59055,0.22945,0.959974
Q9C0C9,UBE2O,S,115,1,0,1,-3.0395,0.017836,0.623526,-0.2121,0.4527,1.0
Q9C0C9,UBE2O,S,407,1,0,3,0.32587,0.24742,0.903314,-0.34466,0.3596,1.0
Q7Z7E8,UBE2Q1,T,416,1,0,1,0.089837,0.41651,0.975125,-1.1123,0.072371,1.0
Q8IWV7,UBR1,T,21,25,11,1,-0.076244,0.42414,1.0,-0.35034,0.34399,1.0
Q5T4S7,UBR4,S,620,27,27,2,-0.31789,0.29883,1.0,0.30585,0.44006,1.0
Q5T4S7,UBR4,T,905,27,27,1,-0.23809,0.25812,1.0,1.0548,0.19757,0.959974
Q5T4S7,UBR4,S,2900,27,27,1,-0.017973,0.45608,1.0,-0.04851,0.28204,1.0
O95071,UBR5,S,133,12,11,1,0.17627,0.33263,0.941656,-0.15064,0.51702,1.0
O60701,UGDH,T,91,42,42,1,0.16353,0.24869,0.903314,1.3171,0.20767,0.959974
Q96RL1,UIMC1,S,250,4,0,1,0.65664,0.11438,0.870635,2.4557,0.036237,0.883805
Q96RL1,UIMC1,S,632,4,0,1,-1.1596,0.0077847,0.409031,-0.54876,0.29592,1.0
Q96RL1,UIMC1,S,653,4,0,1,-0.44355,0.25208,1.0,-1.0239,0.18636,1.0
O75385,ULK1,S,403,11,0,1,0.20409,0.25859,0.903314,1.5002,0.17964,0.959974
O75385,ULK1,S,495,11,0,1,-0.39284,0.25014,1.0,-1.1816,0.10249,1.0
O75385,ULK1,S,544,11,0,1,-0.75063,0.22615,1.0,-0.20544,0.4527,1.0
O75385,ULK1,S,605,11,0,1,-0.51092,0.16244,1.0,-0.59437,0.27204,1.0
O75385,ULK1,S,623,11,0,2,0.19013,0.31787,0.915212,0.3589,0.31054,1.0
O75385,ULK1,S,638,11,0,1,-0.043096,0.45608,1.0,0.63196,0.28107,0.994523
O75385,ULK1,T,654,11,0,1,-0.020857,0.47192,1.0,0.20914,0.43298,1.0
O75385,ULK1,T,660,11,0,1,0.13439,0.29245,0.906709,0.75668,0.32911,1.0
O75385,ULK1,T,717,11,0,1,-0.51894,0.29421,1.0,-0.53545,0.40427,1.0
P11172,UMPS,Y,37,15,15,1,0.18437,0.35664,0.95101,-0.60438,0.28204,1.0
P13051,UNG,S,64,11,11,1,-2.5597,0.05192,0.806728,-1.4678,0.098502,1.0
Q92900,UPF1,S,1107,26,26,1,-2.0324,0.029988,0.709362,0.6057,0.2057,0.959974
O94782,USP1,S,67,2,1,1,0.74596,0.14046,0.8792,1.7188,0.080049,0.911807
Q14694,USP10,S,218,2,0,3,-0.12051,0.52951,1.0,0.44498,0.55747,1.0
Q92995,USP13,S,14,6,0,1,-0.6679,0.062095,0.814084,3.5127,0.01206,0.725671
Q9Y2K6,USP20,S,341,14,0,1,-0.97245,0.11249,0.979559,-0.35611,0.39231,1.0
Q9Y2K6,USP20,S,373,14,0,1,-1.5602,0.11043,0.978643,-0.98642,0.25016,1.0
Q9Y2K6,USP20,T,377,14,0,1,0.40841,0.16054,0.88222,0.18817,0.46903,1.0
Q9Y2K6,USP20,S,413,14,0,1,0.75248,0.17667,0.88222,-1.1188,0.18636,1.0
Q9Y2K6,USP20,S,430,14,0,1,-3.6295,0.0096641,0.427423,0.13031,0.45894,1.0
Q9UPU5,USP24,S,63,2,0,4,-0.29725,0.28453,1.0,0.34917,0.17175,0.959974
Q9UPU5,USP24,T,89,2,0,1,-0.46851,0.082226,0.858283,1.386,0.17348,0.959974
Q9UPU5,USP24,S,1305,2,0,1,0.44983,0.02209,0.870635,0.43549,0.42704,1.0
Q9UPU5,USP24,S,1375,2,0,1,-0.085627,0.32438,1.0,1.0402,0.28911,0.998673
Q9UPU5,USP24,S,2077,2,0,1,0.62852,0.046389,0.870635,1.6836,0.12366,0.959974
Q9UPU5,USP24,S,2561,2,0,1,0.81814,0.1023,0.870635,0.38551,0.34705,1.0
Q70CQ2,USP34,T,3350,2,0,1,0.57911,0.064435,0.870635,2.0852,0.062002,0.888183
Q70CQ2,USP34,S,3386,2,0,1,0.97554,0.030286,0.870635,0.2657,0.43298,1.0
Q9P275,USP36,S,513,2,1,1,0.097966,0.47052,0.985552,-1.2755,0.14816,1.0
Q9P275,USP36,S,546,2,1,1,0.10073,0.4245,0.975125,-0.3426,0.35801,1.0
Q9P275,USP36,S,614,2,1,1,-1.8607,0.011762,0.475985,1.3743,0.097934,0.926185
Q9P275,USP36,S,742,2,1,1,0.36644,0.034367,0.870635,0.37176,0.44113,1.0
Q9P275,USP36,S,871,2,1,2,-0.12847,0.51239,1.0,-1.9788,0.0027027,0.463476
Q9P275,USP36,S,952,2,1,1,-1.6276,0.039932,0.76866,-0.76177,0.28995,1.0
Q86T82,USP37,S,268,2,1,1,-0.090817,0.3745,1.0,1.7679,0.12563,0.959974
Q86T82,USP37,S,312,2,1,1,0.38285,0.17066,0.88222,0.042596,0.52907,1.0
Q13107,USP4,S,642,6,4,1,-0.39722,0.28228,1.0,0.73334,0.22945,0.959974
Q13107,USP4,T,677,6,4,1,0.076295,0.42043,0.975125,1.0346,0.22553,0.959974
Q13107,USP4,S,680,6,4,1,0.44804,0.17066,0.88222,-0.33309,0.34593,1.0
Q9H9J4,USP42,T,783,2,0,1,0.28645,0.13239,0.8792,1.1358,0.23142,0.959974
Q9H9J4,USP42,S,936,2,0,1,0.20303,0.37261,0.956823,-0.79318,0.23814,1.0
Q9H9J4,USP42,S,1133,2,0,2,0.59372,0.21261,0.887649,1.2129,0.017787,0.725671
Q9H9J4,USP42,S,1226,2,0,1,0.18318,0.39054,0.956823,-0.63051,0.25016,1.0
Q96K76,USP47,S,933,2,0,1,0.3512,0.06042,0.870635,-0.52188,0.11829,1.0
Q70EL1,USP54,S,671,14,12,1,0.4262,0.11036,0.870635,1.3945,0.1039,0.959974
Q93009,USP7,S,18,2,1,1,-0.068164,0.39029,1.0,1.4247,0.17348,0.959974
Q93009,USP7,T,54,2,1,1,-0.086773,0.36441,1.0,-0.48508,0.16639,1.0
P40818,USP8,S,641,2,0,1,0.45193,0.14046,0.8792,-0.94123,0.11046,1.0
Q93008,USP9X,S,1609,6,4,2,-0.12759,0.50114,1.0,-0.71374,0.15907,1.0
Q2YD98,UVSSA,S,657,4,4,1,-0.12466,0.30027,1.0,-1.3112,0.022127,0.959477
Q99536,VAT1,S,18,13,13,1,-0.12437,0.25812,1.0,1.098,0.25338,0.959974
P55072,VCP,Y,805,15,9,1,-0.19638,0.25014,1.0,-0.61037,0.16037,1.0
Q96JH7,VCPIP1,S,768,3,0,1,-0.65787,0.28031,1.0,-0.15387,0.4527,1.0
P21796,VDAC1,S,104,8,6,1,-0.22887,0.16446,1.0,1.5106,0.1039,0.959974
Q9UN37,VPS4A,S,95,8,0,1,0.64313,0.030287,0.870635,0.19885,0.47295,1.0
Q9UN37,VPS4A,S,97,8,0,1,0.56755,0.024195,0.870635,2.5139,0.046186,0.883805
Q9UN37,VPS4A,S,99,8,0,1,-0.049134,0.45412,1.0,-0.7294,0.2143,1.0
O75351,VPS4B,S,93,8,0,2,0.12,0.4331,0.975125,-0.0042767,0.34918,1.0
Q8IZQ1,WDFY3,S,3339,8,0,1,0.014751,0.47442,0.985552,0.41633,0.42093,1.0
Q96S15,WDR24,S,600,15,15,1,1.0981,0.048335,0.870635,-0.16885,0.43654,1.0
P30291,WEE1,S,127,15,4,1,-0.51787,0.29218,1.0,-0.20138,0.44258,1.0
P30291,WEE1,S,139,15,4,1,0.19962,0.35664,0.95101,0.83502,0.25132,0.959974
P30291,WEE1,T,187,15,4,1,0.12449,0.31049,0.915212,1.2885,0.21361,0.959974
P30291,WEE1,T,190,15,4,1,-0.13639,0.32438,1.0,0.28838,0.44506,1.0
P30291,WEE1,S,204,15,4,3,0.0074974,0.76835,1.0,1.5158,0.26203,0.961678
Q9H4A3,WNK1,S,19,11,6,2,0.69704,0.0011563,0.655002,0.077985,0.72245,1.0
Q9H4A3,WNK1,S,31,11,6,3,-1.4294,0.0025765,0.184048,-0.295,0.18373,1.0
Q9Y3S1,WNK2,S,1150,7,0,1,0.041851,0.46852,0.985552,4.0594,0.00396,0.67882
Q96S55,WRNIP1,S,91,12,5,2,0.016521,0.47152,0.985552,-0.54305,0.30115,1.0
Q96S55,WRNIP1,S,92,12,5,1,0.18256,0.21252,0.887649,2.1777,0.082038,0.911807
Q96S55,WRNIP1,Y,111,12,5,1,0.56373,0.17667,0.88222,0.30333,0.40108,1.0
O00308,WWP2,S,197,1,0,3,-0.001929,0.47881,1.0,0.44739,0.45648,1.0
Q9UBH6,XPR1,S,676,7,7,1,-0.36904,0.33053,1.0,2.0798,0.012061,0.725671
P12956,XRCC6,Y,103,1,0,1,-0.36232,0.10637,0.957869,-0.97758,0.10249,1.0
P12956,XRCC6,S,180,1,0,2,0.081625,0.49882,0.993279,-0.43577,0.013415,0.87425
P12956,XRCC6,S,319,1,0,1,-0.31207,0.34248,1.0,2.0,0.044199,0.883805
P12956,XRCC6,S,324,1,0,1,-0.39726,0.20628,1.0,-0.89816,0.17834,1.0
P12956,XRCC6,T,455,1,0,2,0.07825,0.2903,0.906709,-0.11999,0.49176,1.0
P12956,XRCC6,S,550,1,0,5,-0.094689,0.39511,1.0,-0.016493,0.60672,1.0
P12956,XRCC6,S,560,1,0,1,-0.49899,0.10842,0.971683,-0.045664,0.40427,1.0
P54577,YARS,S,224,5,5,1,0.018283,0.47244,0.985552,0.43194,0.42093,1.0
A8MPS7,YDJC,S,81,3,0,2,0.17529,0.58255,1.0,-0.23018,0.20352,1.0
Q5VVQ6,YOD1,S,64,5,1,1,0.67332,0.030287,0.870635,1.5604,0.14758,0.959974
Q5VVQ6,YOD1,S,130,5,1,1,0.14479,0.38457,0.956823,-0.15408,0.42034,1.0
Q96MU7,YTHDC1,S,146,7,7,1,0.48614,0.21057,0.887649,-0.071319,0.44258,1.0
Q96MU7,YTHDC1,T,148,7,7,1,0.76083,0.080366,0.870635,1.1609,0.13964,0.959974
Q96MU7,YTHDC1,S,167,7,7,1,-0.35384,0.27819,1.0,1.4397,0.16563,0.926185
Q9H6S0,YTHDC2,S,1090,13,0,2,0.19737,0.13934,0.8792,1.1635,0.086109,0.911807
Q9H6S0,YTHDC2,S,1183,13,0,1,-0.1393,0.28819,1.0,0.15898,0.49299,1.0
Q9H6S0,YTHDC2,S,1269,13,0,1,-0.0025892,0.48787,1.0,1.1992,0.23937,0.959974
Q9BYJ9,YTHDF1,S,182,9,8,1,0.298,0.22862,0.903314,0.49853,0.36324,1.0
Q9Y5A9,YTHDF2,S,4,9,9,1,0.76048,0.16054,0.88222,-0.80645,0.29795,1.0
P25490,YY1,S,184,16,16,3,-0.23005,0.2867,1.0,1.3335,0.17026,0.959974
P43403,ZAP70,S,106,10,1,1,0.12308,0.26447,0.903314,-0.013356,0.2143,1.0
P43403,ZAP70,S,167,10,1,2,0.067279,0.6354,1.0,0.42927,0.22504,0.959974
P43403,ZAP70,Y,292,10,1,3,-0.089358,0.19803,1.0,0.50304,0.051322,0.883805
P43403,ZAP70,S,301,10,1,2,0.61457,0.12954,0.8792,0.76968,0.02537,0.826064
P43403,ZAP70,Y,315,10,1,2,0.48991,0.034883,0.870635,-0.22056,0.44591,1.0
P43403,ZAP70,Y,397,10,1,2,-0.87754,0.026401,0.709362,0.98164,0.090035,0.911807
O75132,ZBED4,S,1053,16,0,1,0.50802,0.15654,0.88222,-0.78,0.20633,1.0
Q5D1E8,ZC3H12A,S,344,1,1,1,-0.19074,0.34652,1.0,-0.31475,0.39231,1.0
Q5D1E8,ZC3H12A,S,366,1,1,1,0.20119,0.36264,0.956823,-0.2493,0.43049,1.0
Q9NUE0,ZDHHC18,S,19,1,0,1,0.60669,0.38457,0.956823,-1.6807,0.054164,1.0
Q9NUE0,ZDHHC18,S,366,1,0,1,0.17608,0.35467,0.95101,-1.9942,0.01403,0.87425
Q9C0B5,ZDHHC5,S,296,1,0,3,0.069502,0.26554,0.903314,0.55064,0.5948,1.0
Q9C0B5,ZDHHC5,S,409,1,0,1,-0.51082,0.19229,1.0,-0.53888,0.35186,1.0
Q9C0B5,ZDHHC5,S,425,1,0,1,1.3963,0.064435,0.870635,-1.398,0.1202,1.0
Q9C0B5,ZDHHC5,S,529,1,0,2,-0.168,0.60039,1.0,-0.075784,0.52383,1.0
Q9C0B5,ZDHHC5,S,585,1,0,1,0.52302,0.078368,0.870635,-0.035562,0.40427,1.0
Q9C0B5,ZDHHC5,S,694,1,0,1,0.86332,0.064436,0.870635,-1.5158,0.026109,0.959477
Q9ULC8,ZDHHC8,S,627,1,0,2,1.3567,0.0060636,0.870635,0.16587,0.57654,1.0
Q9ULC8,ZDHHC8,S,682,1,0,3,0.21472,0.54082,1.0,-0.55419,0.18943,1.0
O76080,ZFAND5,S,72,12,0,1,-0.44476,0.05192,0.806728,0.60346,0.35119,1.0
Q96JP5,ZFP91,S,47,20,20,3,0.21923,0.076772,0.870635,0.90045,0.12715,0.959974
Q96JP5,ZFP91,S,69,20,20,1,-0.49791,0.18034,1.0,0.41524,0.32911,1.0
Q96JP5,ZFP91,S,101,20,20,1,0.35952,0.29245,0.906709,3.6935,0.00396,0.67882
Q8IX07,ZFPM1,S,52,20,0,1,-0.17147,0.30637,1.0,0.60732,0.33716,1.0
Q8IX07,ZFPM1,S,61,20,0,1,1.1108,0.046388,0.870635,-0.99293,0.15634,1.0
Q8IX07,ZFPM1,S,84,20,0,1,0.13487,0.40056,0.957974,0.18741,0.467,1.0
Q8IX07,ZFPM1,S,272,20,0,1,-0.16437,0.32032,1.0,0.5522,0.34312,1.0
Q8IX07,ZFPM1,T,653,20,0,2,-1.73,0.075786,0.834482,0.18024,0.48966,1.0
Q8IX07,ZFPM1,S,671,20,0,1,0.59607,0.22862,0.903314,0.61611,0.22553,0.959974
Q8IX07,ZFPM1,S,786,20,0,1,0.96879,0.13239,0.8792,1.9191,0.0079989,0.725671
Q8IX07,ZFPM1,S,901,20,0,1,0.14493,0.4386,0.975125,-0.34364,0.43864,1.0
Q5T4F4,ZFYVE27,S,25,8,0,2,-1.6689,0.16133,1.0,-0.80522,0.02605,0.959477
Q86YA3,ZGRF1,S,877,10,0,1,-0.08085,0.36849,1.0,-0.11207,0.28995,1.0
Q9ULU4,ZMYND8,S,12,19,11,2,0.38502,0.035312,0.870635,-0.050448,0.23464,1.0
Q9ULU4,ZMYND8,S,462,19,11,1,0.18851,0.17667,0.88222,0.79125,0.35313,1.0
Q9ULU4,ZMYND8,S,495,19,11,1,-0.26691,0.23817,1.0,0.17318,0.47901,1.0
Q9ULU4,ZMYND8,S,514,19,11,1,-0.46392,0.25812,1.0,-1.0779,0.17834,1.0
Q8N554,ZNF276,S,11,4,0,1,0.0221,0.47244,0.985552,2.7595,0.038222,0.883805
Q8N554,ZNF276,S,360,4,0,2,0.20668,0.37015,0.956823,-0.6099,0.047232,1.0
Q9Y462,ZNF711,T,221,3,3,1,-0.11957,0.3745,1.0,-0.47625,0.23219,1.0
Q9UHR6,ZNHIT2,S,149,8,0,1,0.24445,0.17259,0.88222,1.7433,0.12563,0.959974
Q9UHR6,ZNHIT2,S,403,8,0,1,0.52151,0.23261,0.903314,-0.46275,0.39231,1.0
Q9NWK9,ZNHIT6,S,25,8,0,2,-0.16743,0.59539,1.0,-1.2735,0.063936,1.0
O60232,ZNRD2,S,12,4,4,2,0.26008,0.15409,0.88222,-0.34237,0.2556,1.0
Q8NEG5,ZSWIM2,S,20,8,0,1,0.36707,0.20452,0.887649,0.73968,0.25539,0.959974
Q96AP4,ZUP1,S,138,3,0,1,-0.042936,0.44417,1.0,-0.66385,0.16837,1.0
O43149,ZZEF1,S,1509,16,0,2,0.6258,0.099529,0.870635,0.51759,0.048378,0.883805
O43149,ZZEF1,S,1540,16,0,1,0.57784,0.11633,0.870635,0.33789,0.42295,1.0
