acc,gene,pos,aa,min_dist_A,nearest_feat_pos,min_dist_exp_A,plddt,rsa,n_annot_residues,n_annot_exp,l3,p3,f3,l4,p4,f4
Q2M2I8,AAK1,389,T,76.19048309326172,57.0,,41.96999999999999,0.7287630653047111,11,0,-2.3218,0.0019091,0.141901,0.083665,0.49697,1.0
Q2M2I8,AAK1,640,T,32.8083610534668,52.0,,38.62,0.7490543930733647,11,0,-0.34943,0.19229,1.0,-0.2999,0.368,1.0
Q2M2I8,AAK1,653,T,26.94618797302246,52.0,,41.660000000000004,0.6790712522778788,11,0,-0.089076,0.39824,1.0,-0.41837,0.25016,1.0
Q2M2I8,AAK1,678,S,47.79728698730469,176.0,,35.03,0.728929839331405,11,0,-0.14138,0.34652,1.0,-0.49021,0.28795,1.0
Q2M2I8,AAK1,731,S,46.17741012573242,74.0,,30.889999999999997,0.860813736782387,11,0,0.5519,0.07005,0.870635,0.012406,0.48108,1.0
Q9BTE6,AARSD1,174,S,12.590218544006348,209.0,,87.5,0.3632957202217349,4,0,0.10183,0.42848,0.975125,-0.40243,0.3499,1.0
P33527,ABCC1,289,S,47.225738525390625,653.0,,35.88,0.6755066306219769,18,0,-0.96889,0.17259,1.0,-0.53069,0.28112,1.0
Q8NE71,ABCF1,22,S,40.08439636230469,661.0,,37.97,0.7609729493709977,16,0,0.141,0.50152,0.993279,-1.0985,0.11015,1.0
Q8NE71,ABCF1,108,T,38.746002197265625,336.0,,33.31,0.6649250258602352,16,0,0.55183,0.06243,0.870635,1.3708,0.17964,0.959974
Q8NE71,ABCF1,109,S,38.814361572265625,336.0,,31.110000000000003,0.5572505972721529,16,0,0.17447,0.23261,0.903314,0.82873,0.31322,1.0
Q8NE71,ABCF1,140,S,34.23447799682617,336.0,,31.360000000000003,0.6431452265757265,16,0,-1.4712,0.062094,0.814084,-0.20742,0.45058,1.0
Q8NE71,ABCF1,228,S,49.0310173034668,343.0,,29.8,0.6318400331308961,16,0,0.1498,0.26855,0.903314,-0.14455,0.51702,1.0
Q9UG63,ABCF2,349,S,50.711753845214844,119.0,,63.279999999999994,0.45270982510427576,16,0,0.22636,0.17464,0.88222,1.0199,0.24746,0.959974
Q9NUQ8,ABCF3,83,S,26.615087509155273,211.0,,36.06,0.7565038615403789,16,0,0.85828,0.06243,0.870635,-0.094526,0.40427,1.0
P42684,ABL2,783,S,12.865798950195312,409.0,,29.95,0.717147123803229,18,0,-0.052733,0.44809,1.0,0.35306,0.40108,1.0
P42684,ABL2,817,S,53.787376403808594,298.0,,33.66,0.6759841527053225,18,0,0.378,0.24469,0.903314,1.1543,0.12563,0.959974
P42684,ABL2,866,S,62.03303909301758,362.0,,38.38,0.800263450174006,18,0,0.32099,0.084311,0.870635,0.20679,0.491,1.0
P42684,ABL2,1054,S,54.92243194580078,294.0,,31.44,0.6396585046337152,18,0,0.46073,0.16663,0.88222,0.11816,0.491,1.0
Q6H8Q1,ABLIM2,364,S,26.277368545532227,212.0,,30.88,0.7128919074931306,16,0,0.55687,0.027554,0.870635,0.57964,0.27011,0.976758
Q9BR61,ACBD6,108,S,6.918799877166748,114.0,,90.75,0.253363002179992,7,0,0.33971,0.24072,0.903314,0.54527,0.32103,1.0
P53396,ACLY,447,T,34.78049087524414,346.0,34.78049087524414,30.12,0.829606436037881,27,8,0.2607,0.30043,0.90802,-0.45588,0.4003,1.0
P53396,ACLY,455,S,44.06018829345703,346.0,44.06018829345703,34.44,0.7183330648957894,27,8,0.067588,0.52938,1.0,0.45501,0.26697,0.970407
P53396,ACLY,481,S,33.71778106689453,782.0,41.45607376098633,26.97,0.5724537978081986,27,8,-0.0045671,0.48787,1.0,-0.65346,0.28003,1.0
Q15067,ACOX1,26,S,27.298995971679688,421.0,,95.56,0.1730468685488884,3,0,-0.5451,0.2561,1.0,0.99097,0.11774,0.959974
P24666,ACP1,143,Y,7.214407920837402,19.0,,98.75,0.08607151595929402,3,0,0.44066,0.20452,0.887649,2.5869,0.032105,0.883805
Q9NR19,ACSS2,30,S,12.687456130981445,463.0,,92.12,0.5574699007077132,18,0,0.82395,0.1243,0.8792,-0.85255,0.27204,1.0
O43707,ACTN4,656,S,32.33896255493164,780.0,,96.25,0.5000715841428486,3,0,0.44623,0.071326,0.870635,-0.15525,0.13206,1.0
Q13443,ADAM9,798,S,39.796539306640625,357.0,,39.25,0.6877614363184588,4,0,-0.18284,0.44217,1.0,0.63371,0.15693,0.959974
P55265,ADAR,35,S,44.807464599609375,910.0,,39.53,0.38419829680822476,4,0,0.17851,0.4386,0.975125,-0.52314,0.40825,1.0
P55265,ADAR,605,S,59.938533782958984,966.0,,25.58,0.6774283124456683,4,0,-0.087153,0.66812,1.0,0.055525,0.40384,1.0
P55265,ADAR,808,T,39.60813522338867,912.0,,27.57999999999999,0.6777452079368868,4,0,0.76731,0.034368,0.870635,0.67395,0.29717,1.0
Q9BUB4,ADAT1,50,T,36.3946647644043,93.0,,56.84000000000002,0.44291254522664086,10,0,0.25953,0.24071,0.903314,-0.70514,0.1644,1.0
P51828,ADCY7,269,S,16.183717727661133,931.0,,70.0,0.338214460575856,20,0,-0.271,0.24219,1.0,-0.30695,0.35386,1.0
Q8NDL9,AGBL5,539,S,23.537107467651367,516.0,,76.56,0.35277547903682865,4,0,-0.25512,0.3745,1.0,-0.79431,0.28204,1.0
P35573,AGL,584,Y,14.859454154968262,627.0,,89.69000000000001,0.6745098333672387,3,0,-0.22925,0.20911,1.0,0.54234,0.25986,0.961678
O00116,AGPS,82,T,6.777519226074219,306.0,,92.75,0.3156371289914634,27,0,-0.012259,0.47395,1.0,1.0262,0.21165,0.959974
O43865,AHCYL1,2,S,75.58191680908203,321.0,75.58191680908203,32.41,0.7912590375786265,15,10,0.70821,0.024195,0.870635,0.99452,0.23142,0.959974
P31749,AKT1,126,S,37.589576721191406,86.0,37.589576721191406,30.55,0.6849339218568692,22,11,0.33165,0.090389,0.870635,1.0013,0.25924,0.961678
P31749,AKT1,477,S,17.806015014648438,179.0,38.18925857543945,55.75,0.6774228805306285,22,11,0.2531,0.52356,1.0,0.84475,0.093823,0.926185
P31749,AKT1,479,T,19.631851196289062,179.0,39.60430145263672,32.72,0.749306816390066,22,11,-0.46536,0.35761,1.0,-0.98757,0.27011,1.0
P31751,AKT2,309,T,10.053559303283691,275.0,13.532209396362305,79.68999999999998,0.3181408322157859,13,2,-0.39642,0.22222,1.0,-2.0408,0.0059512,0.638681
P31751,AKT2,474,S,12.397504806518555,181.0,18.194644927978516,74.31,0.5387964361214931,13,2,-1.9254,2.45e-05,0.002644,-1.1199,0.027913,1.0
P04075,ALDOA,36,S,7.758836269378662,43.0,,94.06,0.18364364298450409,8,0,0.48534,0.19464,0.887649,0.61709,0.27911,0.994523
P09972,ALDOC,45,S,9.511601448059082,56.0,,95.94,0.48258949256422856,4,0,0.13669,0.2785,0.906709,1.3148,0.19757,0.959974
Q6NS38,ALKBH2,37,T,42.53200912475586,248.0,42.53200912475586,35.91,0.6924504186659864,15,15,0.24061,0.21849,0.893019,0.71885,0.31911,1.0
Q6P6C2,ALKBH5,384,S,48.5869255065918,206.0,48.5869255065918,40.31,0.7339426861795111,7,7,-0.35723,0.27819,1.0,2.0456,0.046186,0.883805
Q96BT7,ALKBH8,524,S,18.93454933166504,228.0,18.93454933166504,30.23,0.6702520230179223,12,9,0.48215,0.048336,0.870635,0.0183,0.53503,1.0
Q9P2G1,ANKIB1,911,S,48.95671463012695,359.0,,23.55,0.6674299404713725,21,0,0.0036903,0.51017,0.993279,-0.58107,0.21232,1.0
Q8IV38,ANKMY2,422,S,41.743900299072266,320.0,,33.41,0.6439082890287737,8,0,0.038781,0.50152,0.993279,0.51928,0.59947,1.0
Q9H8Y5,ANKZF1,607,T,34.03363037109375,246.0,,83.81000000000002,0.21607055996094773,1,0,-0.27345,0.19429,1.0,1.6153,0.12563,0.959974
Q9H8Y5,ANKZF1,675,S,47.879032135009766,246.0,,40.91,0.378477030950904,1,0,0.34231,0.13848,0.8792,1.0198,0.23937,0.959974
P61204,ARF3,64,T,6.974661827087402,67.0,,72.56,0.23217567898854588,17,0,0.070918,0.48923,0.993279,1.5347,0.05678,0.883805
Q9NRY4,ARHGAP35,773,S,133.98475646972656,231.0,133.98475646972656,28.98,0.5578435678184331,17,17,-0.065313,0.38632,1.0,0.77994,0.3271,1.0
Q9NRY4,ARHGAP35,1179,S,139.15475463867188,231.0,139.15475463867188,32.03,0.6764124632598753,17,17,0.28966,0.18834,0.887649,1.2133,0.26203,0.961678
O95671,ASMTL,239,S,49.1346435546875,525.0,,35.31,0.5739033894635841,6,0,-0.025263,0.51155,1.0,1.1148,0.24744,0.959974
Q6PL18,ATAD2,41,S,58.20586395263672,471.0,,30.079999999999995,0.6111294382580501,8,0,-1.5937,0.05192,0.806728,4.8008,0.0020098,0.443423
Q6PL18,ATAD2,421,S,11.903138160705566,474.0,,68.31,0.6524625012627239,8,0,0.47745,0.07637,0.870635,-0.90896,0.1044,1.0
Q6PL18,ATAD2,696,S,11.362363815307617,468.0,,71.88,0.20098296437827326,8,0,0.15149,0.46058,0.985552,-0.079976,0.3879,1.0
Q6PL18,ATAD2,969,S,34.01243209838867,474.0,,72.06,0.5683194618760745,8,0,0.61811,0.033327,0.870635,-0.61665,0.15803,1.0
Q6PL18,ATAD2,1176,T,53.179283142089844,474.0,,37.81,0.8398386033106229,8,0,0.38227,0.26447,0.903314,0.41258,0.34705,1.0
Q9ULI0,ATAD2B,16,S,69.49603271484375,443.0,,42.38,0.7495249857413165,8,0,0.49489,0.02859,0.870635,1.4701,0.0065081,0.67882
Q9ULI0,ATAD2B,939,S,31.883121490478516,448.0,,64.19,0.6274474785509865,8,0,0.47683,0.10428,0.870635,-2.1431,0.00595,0.638681
Q9ULI0,ATAD2B,945,S,29.967103958129883,448.0,,76.62,0.28387998731348985,8,0,0.1682,0.38659,0.956823,0.40836,0.35719,1.0
Q9NVI7,ATAD3A,120,S,58.620487213134766,352.0,,88.25,0.31141509431023845,8,0,0.48552,0.12225,0.874053,1.141,0.19757,0.959974
Q96QE3,ATAD5,219,S,48.3504753112793,1137.0,,32.88,0.7194752263745964,8,0,-0.097948,0.34449,1.0,1.2658,0.20767,0.959974
Q5SQI0,ATAT1,276,S,50.89365768432617,128.0,50.89365768432617,43.0,0.7162467230803706,24,24,0.68375,0.16054,0.88222,-1.5304,0.056241,1.0
P31939,ATIC,387,S,12.931702613830566,588.0,12.931702613830566,98.25,0.557612670892564,29,24,0.19864,0.29444,0.90802,-0.57666,0.2521,1.0
P05023,ATP1A1,653,S,20.416458129882812,692.0,28.25538444519043,91.06,0.6975678265791108,28,19,0.18815,0.37063,0.956823,0.57343,0.31911,1.0
P16615,ATP2A2,335,S,16.898473739624023,702.0,,78.0,0.2784934733546639,23,0,0.30806,0.2566,0.903314,0.97932,0.19757,0.959974
Q93084,ATP2A3,538,T,19.245622634887695,515.0,,90.31000000000002,0.18254845126184782,23,0,0.41227,0.13848,0.8792,0.0024659,0.54115,1.0
P23634,ATP2B4,13,S,54.717628479003906,785.0,,27.41,0.7359579266592604,3,0,-1.7965,0.021904,0.644867,0.53697,0.25539,0.959974
P23634,ATP2B4,17,S,45.19487762451172,785.0,,30.41,0.7123924956029084,3,0,0.17146,0.31442,0.915212,2.2405,0.056135,0.883805
P21281,ATP6V1B2,51,S,44.753814697265625,400.0,44.753814697265625,91.06,0.3933728013103714,1,1,-2.3054,5.21e-07,6e-05,-1.9573,0.022129,0.959477
Q04656,ATP7A,152,T,42.12742614746094,578.0,42.899166107177734,28.270000000000003,0.7799244130904808,17,4,0.25343,0.24669,0.903314,1.0191,0.22153,0.959974
P46100,ATRX,60,S,75.61674499511719,1596.0,,31.78,0.5909899241246076,8,0,-0.31942,0.26016,1.0,0.16886,0.46903,1.0
P46100,ATRX,598,S,50.266456604003906,1595.0,,32.91,0.539296415525227,8,0,-0.16892,0.33246,1.0,-1.1006,0.1044,1.0
P46100,ATRX,677,S,55.767303466796875,1601.0,,25.75,0.5874431268237238,8,0,-0.46311,0.11162,0.979559,-0.39793,0.17731,1.0
P46100,ATRX,876,S,49.91123962402344,1601.0,,33.25,0.5840007520089775,8,0,-0.43588,0.14241,1.0,0.20323,0.449,1.0
P46100,ATRX,1348,S,71.3665542602539,1594.0,,29.05,0.37351339563159097,8,0,0.080837,0.3667,0.956823,0.74407,0.34918,1.0
P46100,ATRX,1996,S,38.63996505737305,1596.0,,44.03,0.5472078781705922,8,0,-0.11165,0.40815,1.0,-1.9145,0.016086,0.87425
O14874,BCKDK,35,T,36.45256042480469,364.0,36.45256042480469,49.46999999999999,0.5017136618635867,10,10,-0.38618,0.15839,1.0,-0.32,0.32385,1.0
Q9H165,BCL11A,205,S,19.803590774536133,71.0,19.803590774536133,33.19,0.7175973241646584,16,16,-0.49407,0.083938,0.873128,-0.95363,0.073958,1.0
Q9H165,BCL11A,246,S,50.09705352783203,71.0,50.09705352783203,35.19,0.6200846393246364,16,16,0.11918,0.4386,0.975125,-0.67448,0.28795,1.0
Q9H165,BCL11A,328,S,37.448768615722656,747.0,37.448768615722656,39.25,0.7352002961212527,16,16,-0.29632,0.25014,1.0,-0.59301,0.27011,1.0
Q9H165,BCL11A,701,T,44.590301513671875,747.0,44.590301513671875,43.94,0.6571122502322287,16,16,0.27359,0.26447,0.903314,2.5013,0.034124,0.883805
Q9H165,BCL11A,722,T,49.040016174316406,744.0,49.040016174316406,49.910000000000004,0.7387132929018668,16,16,-0.37924,0.24219,1.0,-1.8088,0.024126,0.959477
P54132,BLM,443,S,71.62657165527344,695.0,71.62657165527344,35.03,0.6812771080080907,16,16,0.016051,0.52908,1.0,0.13388,0.55018,1.0
P54132,BLM,464,S,72.35088348388672,671.0,72.35088348388672,31.38,0.6140724011825741,16,16,0.070317,0.50977,0.993279,1.7535,0.074845,0.911807
Q9NSY1,BMP2K,680,S,53.80759048461914,57.0,,38.56,0.7753966295621592,11,0,-0.21585,0.2762,1.0,0.49273,0.37536,1.0
Q1RMZ1,BMT2,21,T,26.205673217773438,95.0,34.15279006958008,56.72000000000001,0.5927250165557288,6,2,0.021307,0.48858,0.993279,3.04,0.020103,0.760508
P25440,BRD2,298,S,77.43070220947266,161.0,77.43070220947266,45.34,0.7744907969242609,6,6,-0.48904,0.18034,1.0,-1.3891,0.078453,1.0
Q92994,BRF1,553,S,80.4050064086914,25.0,,34.56,0.6959808966539142,4,0,-2.4528,0.017835,0.623526,-0.92262,0.23012,1.0
Q92994,BRF1,614,S,92.59627532958984,6.0,,36.81,0.647021343860065,4,0,-1.1821,0.082226,0.858283,-0.33382,0.38023,1.0
Q9BX63,BRIP1,1004,S,25.093433380126953,310.0,,25.05,0.6390163225586419,12,0,-0.099788,0.40569,1.0,0.62524,0.33706,1.0
Q8TDC3,BRSK1,508,S,49.252052307128906,156.0,,45.34,0.7655574856645511,11,0,-0.16468,0.38632,1.0,1.2166,0.13964,0.959974
Q8TDC3,BRSK1,535,T,50.52726745605469,44.0,,39.589999999999996,0.7403410031978978,11,0,0.44016,0.17464,0.88222,1.3362,0.15556,0.959974
Q8TDC3,BRSK1,563,S,7.5684733390808105,156.0,,34.5,0.27396358050494324,11,0,0.25207,0.15654,0.88222,0.52091,0.39322,1.0
Q8IWQ3,BRSK2,367,S,20.538761138916016,48.0,,81.06,0.3010157335033064,11,0,0.25778,0.33735,0.943487,-0.34154,0.43866,1.0
Q8IWQ3,BRSK2,389,T,48.156742095947266,48.0,,30.770000000000003,0.6766715869125961,11,0,0.31314,0.17667,0.88222,0.23747,0.449,1.0
O14981,BTAF1,91,S,58.613914489746094,1292.0,,33.66,0.6679736994888597,8,0,-0.4174,0.27221,1.0,-0.92528,0.23012,1.0
O43683,BUB1,593,S,57.0924186706543,793.0,,39.84,0.6785923637313519,11,0,0.12568,0.42652,0.975125,-1.6919,0.032041,1.0
O43683,BUB1,602,S,51.68979263305664,793.0,,50.84,0.45658051047357473,11,0,0.28177,0.12874,0.8792,0.41532,0.36945,1.0
O60566,BUB1B,40,T,53.64714813232422,772.0,,73.25,0.18017340721573394,11,0,0.022509,0.4945,0.993279,-0.68973,0.26219,1.0
O60566,BUB1B,367,S,30.591032028198242,772.0,,41.94,0.6090868760563845,11,0,0.2852,0.14248,0.8792,0.85732,0.31911,1.0
O60566,BUB1B,633,S,84.95220947265625,774.0,,31.97,0.6662877789925654,11,0,0.29368,0.18665,0.887649,-0.17836,0.3199,1.0
O60566,BUB1B,665,S,79.83428955078125,772.0,,29.48,0.628161329475241,11,0,0.056011,0.45249,0.985208,1.2138,0.17156,0.959974
Q86YS7,C2CD5,260,S,55.784828186035156,26.0,,32.88,0.7452478796243415,6,0,0.23036,0.31049,0.915212,0.70633,0.25539,0.959974
Q86YS7,C2CD5,314,T,64.09387969970703,84.0,,37.62,0.5972972028314104,6,0,0.0043778,0.7606,1.0,0.88054,0.15121,0.959974
Q13137,CALCOCO2,445,S,1.337708592414856,444.0,,77.19,0.5552299248773639,4,0,0.18645,0.38659,0.956823,1.2051,0.13158,0.959974
Q13555,CAMK2G,311,S,6.347543716430664,24.0,,40.62,0.07691753843011045,11,0,0.087251,0.44465,0.975125,2.2966,0.038223,0.883805
Q13555,CAMK2G,349,S,45.37730407714844,25.0,,31.8,0.5949322783430879,11,0,-0.44476,0.37719,1.0,-0.55224,0.20863,1.0
Q13555,CAMK2G,382,T,44.9210205078125,25.0,,24.62,0.7643980046537916,11,0,-0.053255,0.43418,1.0,-1.1278,0.082492,1.0
Q13555,CAMK2G,419,S,33.20756912231445,136.0,,51.62,0.4368365532577289,11,0,0.25978,0.2566,0.903314,0.26411,0.43099,1.0
Q16566,CAMK4,200,T,9.988783836364746,56.0,,37.089999999999996,0.420953543180991,11,0,-0.011412,0.48377,1.0,0.59091,0.33716,1.0
Q16566,CAMK4,345,S,17.701927185058594,56.0,,40.5,0.5724537978081987,11,0,0.75705,0.066501,0.870635,0.1429,0.491,1.0
Q96RR4,CAMKK2,129,S,49.7818489074707,312.0,,37.28,0.7421621465149664,11,0,0.044664,0.37833,0.956823,-1.0857,0.077089,1.0
Q96RR4,CAMKK2,133,S,41.346839904785156,312.0,,33.91,0.7803821546883489,11,0,0.02275,0.37015,0.956823,-0.13817,0.43003,1.0
Q96RR4,CAMKK2,495,S,36.297874450683594,176.0,,65.0,0.3546752710536433,11,0,-0.043941,0.40815,1.0,-0.71498,0.070352,1.0
P27824,CANX,132,S,6.805909156799316,166.0,,95.56,0.0,8,0,0.12404,0.39857,0.956823,-0.65673,0.23814,1.0
P27824,CANX,554,S,46.45768356323242,192.0,,35.72,0.627332030088052,8,0,0.095129,0.40655,0.969392,-0.21965,0.3499,1.0
P27824,CANX,562,T,32.089935302734375,192.0,,33.0,0.8138522256036594,8,0,0.44057,0.07005,0.870635,2.2834,0.044449,0.883805
P07384,CAPN1,2,S,44.000301361083984,114.0,,31.78,0.7179983129972946,18,0,-0.31515,0.19229,1.0,0.021503,0.53299,1.0
Q8N4J0,CARNMT1,39,S,11.704800605773926,295.0,11.704800605773926,30.7,0.5499369695745959,11,11,-3.9014,0.017836,0.623526,1.0483,0.060012,0.883805
Q92851,CASP10,198,T,31.874067306518555,401.0,,37.0,0.33670041182936883,2,0,0.45573,0.13239,0.8792,0.034669,0.53101,1.0
P04040,CAT,517,S,40.27215576171875,75.0,45.07981491088867,40.59,0.677307432067694,11,9,-0.43873,0.15225,1.0,3.2171,0.016163,0.725671
O43439,CBFA2T2,76,S,20.12467384338379,527.0,,40.53,0.6860044144864951,8,0,0.04123,0.48514,0.993279,-0.14722,0.43204,1.0
O43439,CBFA2T2,264,S,95.7928695678711,527.0,,34.72,0.6427715594650065,8,0,0.42445,0.31049,0.915212,1.6815,0.060011,0.883805
O43439,CBFA2T2,551,S,11.495833396911621,521.0,,32.22,0.6509418082716688,8,0,-0.10993,0.34853,1.0,-0.53759,0.23219,1.0
O75081,CBFA2T3,459,S,130.6667022705078,556.0,,39.88,0.6383024716343875,8,0,-3.0825,0.0066519,0.383348,0.71426,0.0014864,0.443423
P22681,CBL,439,S,46.67948913574219,240.0,46.67948913574219,40.84,0.7479326239010802,6,5,0.1321,0.3125,0.915212,-1.287,0.02611,0.959477
P22681,CBL,486,S,74.06369018554688,294.0,76.00751495361328,36.69,0.6826112512005417,6,5,0.34692,0.14862,0.880494,-0.20675,0.28204,1.0
P22681,CBL,526,S,55.87195587158203,294.0,69.95731353759766,37.66,0.6406578959276713,6,5,0.029857,0.4565,0.985208,0.72887,0.33902,1.0
P22681,CBL,553,S,46.394447326660156,294.0,54.55256271362305,36.62,0.6909461599989314,6,5,-0.29277,0.31261,1.0,1.1543,0.14963,0.959974
P22681,CBL,626,S,37.1961669921875,294.0,46.322139739990234,28.75,0.6736068386051624,6,5,-0.32649,0.082226,0.858283,0.46435,0.40708,1.0
P22681,CBL,674,Y,21.301401138305664,231.0,21.301401138305664,35.15999999999999,0.6662326087260322,6,5,-0.71667,0.03598,0.76866,0.82389,0.25539,0.959974
P22681,CBL,700,Y,46.604331970214844,235.0,46.604331970214844,40.56,0.7378460613751758,6,5,0.064784,0.42848,0.975125,0.42348,0.38326,1.0
Q13191,CBLB,763,Y,43.44350051879883,227.0,,37.65999999999999,0.7096095699473415,6,0,-0.24514,0.18383,1.0,0.11901,0.71814,1.0
P35520,CBS,23,S,34.988887786865234,65.0,34.988887786865234,37.34,0.6784441616314613,9,9,-0.13911,0.5534,1.0,0.68386,0.34025,1.0
P78371,CCT2,5,S,51.85892868041992,99.0,51.85892868041992,47.94,0.6608192998679904,11,11,-0.36795,0.26016,1.0,0.37562,0.37536,1.0
P78371,CCT2,260,S,63.88280487060547,99.0,63.88280487060547,86.19,0.3271128423349783,11,11,-1.8229,0.13623,1.0,0.10576,0.65335,1.0
P49368,CCT3,170,S,10.218971252441406,163.0,10.218971252441406,90.25,0.5146326026038213,13,13,0.28263,0.12022,0.870635,-0.50085,0.16639,1.0
P49368,CCT3,252,S,50.255218505859375,95.0,50.255218505859375,89.25,0.5855433348069091,13,13,0.18461,0.26253,0.903314,0.47623,0.40306,1.0
P50991,CCT4,9,S,51.38053512573242,106.0,51.38053512573242,33.91,0.7611102876408088,11,11,-0.34744,0.33978,1.0,-0.34812,0.39247,1.0
P50991,CCT4,39,S,14.655466079711914,107.0,14.655466079711914,95.19,0.48689392040311996,11,11,-0.1571,0.31833,1.0,0.50369,0.35118,1.0
P48643,CCT5,180,S,8.470901489257812,175.0,8.470901489257812,82.06,0.6068250104191586,10,10,0.31699,0.054278,0.870635,-0.10973,0.20633,1.0
P48643,CCT5,349,T,42.43130111694336,104.0,42.43130111694336,91.31000000000002,0.3408668942909716,10,10,-0.18103,0.36044,1.0,-0.8703,0.09592,1.0
P50990,CCT8,150,S,8.89642333984375,499.0,8.89642333984375,80.81,0.4396968213562746,13,13,0.30906,0.22059,0.898723,-0.25421,0.32179,1.0
P50990,CCT8,381,T,12.84887981414795,171.0,12.84887981414795,90.12,0.41255716192235947,13,13,0.023803,0.48052,0.98948,-0.8611,0.1543,1.0
P50990,CCT8,537,S,40.74085998535156,102.0,40.74085998535156,49.91,0.6716742929513914,13,13,0.089156,0.63777,1.0,0.43152,0.1275,0.959974
P30305,CDC25B,58,T,43.901859283447266,487.0,,82.18999999999998,0.34778395071123364,1,0,-0.11037,0.36441,1.0,-0.29095,0.28995,1.0
P30305,CDC25B,91,S,69.20304107666016,487.0,,31.670000000000005,0.6597542391534044,1,0,0.23646,0.31838,0.915212,0.68298,0.25733,0.961678
P30305,CDC25B,151,S,45.98005294799805,487.0,,57.279999999999994,0.6134521089143776,1,0,0.45282,0.16054,0.88222,1.1765,0.1836,0.959974
P30305,CDC25B,249,S,48.181575775146484,487.0,,36.59,0.7234667921218697,1,0,0.2711,0.21451,0.887649,-0.50648,0.2602,1.0
P30305,CDC25B,353,S,81.57865905761719,487.0,,46.38,0.6076816315282639,1,0,0.036387,0.4565,0.985208,0.81738,0.29103,1.0
P30307,CDC25C,216,S,36.94343185424805,377.0,,42.25,0.6292045003829503,1,0,-0.35834,0.29218,1.0,-0.049319,0.39834,1.0
Q5VT25,CDC42BPA,1635,S,84.47525787353516,106.0,84.47525787353516,28.52,0.6202274095094874,11,1,0.33986,0.096363,0.870635,0.34546,0.44308,1.0
Q6DT37,CDC42BPG,1462,S,44.775657653808594,100.0,44.775657653808594,27.66,0.6508482496156109,11,1,0.23881,0.18435,0.887473,-0.042863,0.34918,1.0
Q99741,CDC6,45,S,50.113101959228516,202.0,,31.610000000000003,0.6642178950689834,8,0,0.2836,0.29444,0.90802,0.098434,0.49496,1.0
Q99741,CDC6,54,S,28.944965362548828,202.0,,44.53,0.4605501864139714,8,0,0.88562,0.012,0.870635,0.73151,0.29717,1.0
Q99741,CDC6,74,S,53.58931350708008,204.0,,42.72,0.6808761191754544,8,0,0.15238,0.32934,0.93679,0.18602,0.64518,1.0
O00311,CDC7,27,S,22.050508499145508,66.0,,42.84,0.43320706113086666,11,0,0.24166,0.33668,0.943235,-1.6075,0.052154,1.0
P06493,CDK1,15,Y,1.3360249996185303,16.0,,76.19000000000001,0.12739719635609723,11,0,-1.6646,5.21e-07,6e-05,-0.67545,0.19586,1.0
P06493,CDK1,161,T,5.564102649688721,14.0,,39.71999999999999,0.33690848754744845,11,0,-0.7848,5.21e-07,6e-05,1.078,0.23142,0.959974
Q9NYV4,CDK12,158,T,75.64632415771484,756.0,,37.410000000000004,0.6141299293296387,18,0,-0.29816,0.21223,1.0,0.51655,0.35313,1.0
Q9NYV4,CDK12,291,S,60.994998931884766,814.0,,36.72,0.6524132897339309,18,0,-0.59078,0.21419,1.0,-0.79088,0.27602,1.0
Q9NYV4,CDK12,383,S,46.99896240234375,737.0,,36.62,0.5903641999413715,18,0,0.12358,0.26447,0.903314,1.3388,0.22349,0.959974
Q9NYV4,CDK12,681,S,73.65098571777344,738.0,,36.97,0.616427825475858,18,0,0.13704,0.32875,0.935664,-0.82512,0.10373,1.0
Q9NYV4,CDK12,1244,T,48.937252044677734,818.0,,33.88,0.7608453017243472,18,0,-0.12235,0.34052,1.0,1.9267,0.096008,0.926185
Q14004,CDK13,238,S,61.03550338745117,734.0,,37.84,0.7879813227556077,11,0,0.0056541,0.51017,0.993279,0.89527,0.19757,0.959974
Q14004,CDK13,253,S,63.86944580078125,711.0,,36.97,0.644814121666672,11,0,0.1078,0.44056,0.975125,-1.4219,0.086482,1.0
Q14004,CDK13,286,S,32.17380905151367,718.0,,36.5,0.7394774022382278,11,0,-0.19262,0.31428,1.0,0.65327,0.29923,1.0
Q14004,CDK13,328,S,70.90962219238281,837.0,,37.69,0.5402514596919183,11,0,-0.16973,0.33246,1.0,-0.10503,0.4003,1.0
Q14004,CDK13,367,S,81.223388671875,837.0,,38.34,0.6331960661302235,11,0,0.46575,0.21347,0.887649,0.014572,0.65691,1.0
Q14004,CDK13,1048,S,55.22963333129883,711.0,,34.09,0.5986328718056197,11,0,-0.026631,0.45224,1.0,1.3476,0.31473,1.0
Q14004,CDK13,1246,T,51.98548889160156,837.0,,36.44,0.8396902178529615,11,0,-0.48362,0.15028,1.0,2.6464,0.034124,0.883805
Q00536,CDK16,90,S,55.5634880065918,194.0,,37.97,0.5645253097574849,11,0,0.17673,0.24469,0.903314,0.78117,0.33902,1.0
Q00534,CDK6,223,S,14.660364151000977,145.0,,91.69,0.3149291379741661,11,0,-0.13873,0.28031,1.0,0.78603,0.31709,1.0
Q5VV42,CDKAL1,53,S,39.19944763183594,138.0,,28.91,0.5327623081725542,6,0,-0.3027,0.30222,1.0,-0.41711,0.368,1.0
O76039,CDKL5,306,S,30.200307846069336,135.0,,50.72,0.4868665986812036,11,0,0.22039,0.29444,0.90802,-1.5239,0.033994,1.0
Q6ZMG9,CERS6,381,S,47.307559967041016,211.0,47.307559967041016,33.28,0.7280240066935069,1,1,-0.56607,0.30222,1.0,-0.20212,0.4527,1.0
Q9Y5P4,CERT1,126,S,69.05422973632812,472.0,69.05422973632812,34.69,0.6254049163493209,4,4,0.54521,0.024194,0.870635,0.30228,0.46097,1.0
Q9Y5P4,CERT1,377,S,23.91971778869629,530.0,23.91971778869629,34.06,0.7183057431738731,4,4,0.5685,0.061715,0.870635,-0.43334,0.24812,1.0
O14646,CHD1,90,S,26.340417861938477,508.0,,37.59,0.3822103780503919,8,0,-0.26395,0.25014,1.0,0.35389,0.40306,1.0
O14646,CHD1,1387,S,37.07665252685547,506.0,,33.41,0.6579972173214405,8,0,0.033937,0.44465,0.975125,1.2391,0.22751,0.959974
O14646,CHD1,1677,S,45.000038146972656,513.0,,33.69,0.6506781577088436,8,0,-0.98188,0.10637,0.957869,1.9181,0.046186,0.883805
O14646,CHD1,1683,S,55.9271240234375,513.0,,35.09,0.6888817079903893,8,0,-0.14287,0.33246,1.0,-0.16601,0.37015,1.0
O14646,CHD1,1689,S,52.309120178222656,513.0,,29.41,0.6803985970921088,8,0,-0.008975,0.48183,1.0,0.65842,0.31518,1.0
O14646,CHD1,1700,T,52.074432373046875,513.0,,39.88,0.7452843357684684,8,0,-0.40776,0.30027,1.0,-0.88663,0.29399,1.0
O14647,CHD2,1753,Y,54.841949462890625,511.0,,27.69,0.6862172471582734,8,0,-0.42508,0.32032,1.0,-1.1771,0.17039,1.0
O14647,CHD2,1795,S,19.035614013671875,512.0,,37.91,0.6973096079313252,8,0,-0.2387,0.30027,1.0,0.11925,0.49298,1.0
Q12873,CHD3,73,S,75.29910278320312,761.0,,25.78,0.5726955585641472,8,0,-0.23323,0.17506,1.0,-0.47691,0.2872,1.0
Q8TD26,CHD6,27,S,59.86003112792969,493.0,,26.91,0.7159557507956291,8,0,-0.0077989,0.79916,1.0,0.89921,0.05678,0.883805
Q9HCK8,CHD8,550,S,85.53318786621094,838.0,,27.52,0.5491793390365882,8,0,0.018065,0.35645,0.95101,0.11245,0.67183,1.0
Q9HCK8,CHD8,1978,S,90.17835998535156,843.0,,28.05,0.6206283983421236,8,0,-0.48648,0.18235,1.0,-0.3197,0.37222,1.0
Q9HCK8,CHD8,1982,T,93.71546173095703,843.0,,27.92000000000001,0.6671073368500662,8,0,0.0522,0.45449,0.985208,-0.66392,0.23413,1.0
O96017,CHEK2,506,T,7.0487565994262695,302.0,,67.0,0.48166430978955377,20,0,0.23958,0.29245,0.906709,2.2262,0.046185,0.883805
Q9UHD1,CHORDC1,204,T,7.771334648132324,179.0,25.282560348510742,91.75,0.4124777453824885,16,8,0.30729,0.13755,0.8792,1.3356,0.17146,0.959974
Q9NPF2,CHST11,194,S,1.3375908136367798,193.0,,96.75,0.13221864934947666,16,0,0.0075387,0.18435,0.887473,0.47556,0.62201,1.0
Q9NPF2,CHST11,207,S,13.151052474975586,125.0,,96.06,0.6352113066099728,16,0,0.23064,0.099529,0.870635,0.018854,0.6095,1.0
Q9BW66,CINP,70,S,63.659183502197266,202.0,63.659183502197266,60.09000000000001,0.42805144409790974,1,1,-0.27097,0.15225,1.0,0.078758,0.51718,1.0
P0C7P0,CISD3,83,S,4.387120723724365,75.0,4.387120723724365,96.5,0.5601054334556589,8,8,0.011012,0.50426,0.993279,0.95465,0.20164,0.959974
O14578,CIT,446,S,56.583702087402344,221.0,,46.78,0.502855318990685,11,0,0.14768,0.54082,1.0,1.3214,0.15556,0.883805
O14578,CIT,480,S,58.359188079833984,126.0,,70.19,0.4358425938788124,11,0,-0.048828,0.42613,1.0,1.9603,0.089911,0.911807
P49759,CLK1,138,T,16.910869598388672,174.0,,53.97000000000001,0.744660766156878,11,0,0.22064,0.24469,0.903314,0.33715,0.43298,1.0
P49759,CLK1,140,S,12.179980278015137,174.0,,64.75,0.4666997628258448,11,0,0.0056278,0.50619,0.993279,0.61711,0.34705,1.0
P49760,CLK2,142,S,12.651191711425781,176.0,,74.25,0.4967003106637719,11,0,-0.21411,0.30027,1.0,0.31244,0.41109,1.0
Q9HAZ1,CLK4,138,S,12.242600440979004,172.0,,65.44,0.5108111287633152,11,0,0.44439,0.1445,0.880494,0.045602,0.52906,1.0
O76031,CLPX,87,S,32.28825759887695,108.0,,31.47,0.7115358744938031,12,0,-0.42443,0.27619,1.0,-0.10998,0.44258,1.0
O76031,CLPX,443,T,33.322715759277344,294.0,,55.15999999999998,0.5668131603489204,12,0,0.0056579,0.23758,0.903314,-0.32999,0.077831,1.0
Q8N1G2,CMTR1,31,S,4.623780727386475,234.0,4.623780727386475,38.78,0.4114751851571879,23,20,0.35673,0.22862,0.903314,-1.1888,0.12211,1.0
Q8N1G2,CMTR1,121,S,16.551790237426758,205.0,16.551790237426758,53.25,0.6878768847813932,23,20,0.71453,0.030287,0.870635,0.85302,0.26332,0.961678
O75208,COQ9,78,S,74.14639282226562,244.0,74.14639282226562,43.66,0.6515839903467419,1,1,-0.18386,0.31833,1.0,3.8008,0.0059641,0.67882
O75976,CPD,1368,T,60.24383544921875,139.0,,28.62,0.55862419726572,8,0,-0.36209,0.11043,0.978643,-0.038629,0.368,1.0
Q17RY0,CPEB4,99,S,85.57207489013672,684.0,,33.72,0.7439191683469303,8,0,0.34752,0.25859,0.903314,1.1875,0.15964,0.959974
Q17RY0,CPEB4,332,S,73.24500274658203,684.0,,32.25,0.6224619534247968,8,0,0.023811,0.48858,0.993279,0.12679,0.491,1.0
Q9BSW2,CRACR2A,426,S,128.6693115234375,600.0,,37.31,0.666123119000838,20,0,0.086894,0.29729,0.90802,0.24091,0.54689,1.0
Q9BSW2,CRACR2A,473,S,76.59370422363281,600.0,,35.59,0.6740789287734682,20,0,-0.3568,0.26016,1.0,0.73328,0.25539,0.959974
Q9BSW2,CRACR2A,495,S,47.39462661743164,689.0,,31.579999999999995,0.6143852632741924,20,0,-0.4882,0.070261,0.826886,1.1045,0.22349,0.959974
Q9BSW2,CRACR2A,518,T,14.109352111816406,571.0,,35.34,0.739653359708233,20,0,-1.3843,0.049915,0.806728,-0.30262,0.40624,1.0
Q92793,CREBBP,974,T,34.95906448364258,1723.0,,25.28,0.7544872296155412,28,0,-0.56623,0.15225,1.0,-0.67624,0.27204,1.0
Q92793,CREBBP,2063,S,52.67941665649414,404.0,,29.22,0.4322793386860918,28,0,0.054273,0.48858,0.993279,-1.5378,0.072371,1.0
P48730,CSNK1D,331,S,75.548828125,15.0,,44.16,0.7347993072886164,11,0,0.048882,0.47052,0.985552,-1.4903,0.042078,1.0
P48730,CSNK1D,347,T,60.07648468017578,15.0,,41.88,0.7196144552562805,11,0,-0.081089,0.4928,1.0,1.2791,0.074844,0.911807
P48730,CSNK1D,356,S,35.08571243286133,15.0,,35.72,0.6630592756983396,11,0,-2.6396,0.05192,0.806728,1.1826,0.034122,0.883805
P48730,CSNK1D,384,S,5.7466959953308105,128.0,,36.0,0.21868435939245362,11,0,0.15625,0.52072,1.0,-0.47498,0.29559,1.0
P48730,CSNK1D,398,S,35.02231979370117,20.0,,36.59,0.6789216837148069,11,0,-1.0704,0.10243,0.937792,0.075902,0.491,1.0
P49674,CSNK1E,363,S,32.60749435424805,15.0,,27.25,0.734963967280344,11,0,0.27345,0.09188,0.870635,0.89821,0.33373,1.0
P78368,CSNK1G2,33,S,25.42185401916504,59.0,,32.53,0.6832704586809631,11,0,0.99581,0.012,0.870635,0.57372,0.34312,1.0
P78368,CSNK1G2,359,S,49.97682189941406,52.0,,35.34,0.5391974249541294,11,0,0.19867,0.24469,0.903314,1.4052,0.1876,0.959974
P17812,CTPS1,200,S,3.389369249343872,198.0,3.389369249343872,96.81,0.053659537550336894,27,27,0.40406,0.20452,0.887649,-1.2632,0.072371,1.0
P07339,CTSD,37,S,18.125757217407227,295.0,18.125757217407227,69.62,0.1089606484697031,2,2,0.69037,0.24469,0.903314,-1.3053,0.13209,1.0
Q8IWT3,CUL9,329,S,13.454459190368652,1364.0,72.23826599121094,35.16,0.6134794306362941,33,16,0.10758,0.38059,0.956823,-0.1536,0.3479,1.0
Q9P0U4,CXXC1,6,S,65.73528289794922,208.0,,43.41,0.698330889032158,8,0,-0.024298,0.46601,1.0,-0.020065,0.44258,1.0
Q9P0U4,CXXC1,19,S,35.16394805908203,208.0,,40.72,0.6990666297632891,8,0,0.44373,0.21451,0.887649,0.49014,0.3411,1.0
O43169,CYB5B,11,S,34.443626403808594,83.0,,47.69,0.764964515118271,2,0,-1.333,0.049915,0.806728,-0.86642,0.24429,1.0
Q9UBU7,DBF4,420,S,44.65320587158203,315.0,,33.0,0.6418165152983152,4,0,0.01693,0.48858,0.993279,0.21779,0.46097,1.0
Q9UBU7,DBF4,636,S,32.00389862060547,296.0,,35.94,0.6628618620696558,4,0,0.16339,0.33667,0.943235,-0.90052,0.12211,1.0
Q9UK59,DBR1,478,S,20.562654495239258,228.0,,29.45,0.5712678567156384,7,0,0.062626,0.44465,0.975125,1.2174,0.1836,0.959974
Q66K64,DCAF15,50,S,21.569561004638672,234.0,21.569561004638672,89.0,0.2707023235737612,7,7,0.8892,0.11633,0.870635,1.04,0.15556,0.959974
Q66K64,DCAF15,310,S,24.473161697387695,234.0,24.473161697387695,34.25,0.6637676947075543,7,7,0.68492,0.00086369,0.547525,1.2502,0.36621,1.0
P27707,DCK,11,S,24.220226287841797,133.0,,36.88,0.6421239454748936,24,0,-0.3031,0.20911,1.0,1.049,0.33373,1.0
Q6PJP8,DCLRE1A,364,S,57.13401412963867,144.0,,28.78,0.5652391606817393,4,0,-0.53384,0.039932,0.76866,0.55672,0.35918,1.0
Q6PJP8,DCLRE1A,590,S,89.52498626708984,140.0,,30.8,0.713468420147574,4,0,-0.32923,0.068203,0.826886,0.73216,0.34312,1.0
Q8IU60,DCP2,347,S,28.22878646850586,148.0,,29.23,0.6151210040053234,2,0,1.133,0.012,0.870635,1.4671,0.11774,0.959974
Q96C86,DCPS,24,S,31.982736587524414,175.0,31.982736587524414,26.47,0.6887553956973752,16,4,0.47818,0.070675,0.870635,1.2522,0.18214,0.959974
Q8NEL9,DDHD1,11,S,50.76102066040039,537.0,,42.75,0.6877887580403752,1,0,0.021141,0.4945,0.993279,-0.92982,0.17834,1.0
Q8NEL9,DDHD1,727,S,34.09843444824219,537.0,,34.41,0.7002306810489727,1,0,-0.99121,0.076363,0.834482,-0.73368,0.2143,1.0
Q5TDH0,DDI2,128,S,61.790950775146484,252.0,,37.0,0.4506891527094868,1,0,-0.23975,0.24423,1.0,1.0572,0.21551,0.959974
Q5TDH0,DDI2,150,S,47.76203155517578,252.0,,82.19,0.44969519333057034,1,0,-0.051423,0.45608,1.0,-0.1201,0.44662,1.0
Q13206,DDX10,577,T,61.8293571472168,113.0,,31.5,0.7761938083444899,12,0,-0.037582,0.46208,1.0,-0.49539,0.38023,1.0
Q13206,DDX10,831,S,65.3661880493164,89.0,,33.84,0.5701584488737874,12,0,0.40206,0.2569,0.903314,1.706,0.02537,0.826064
Q9NVP1,DDX18,308,T,13.86485767364502,230.0,,94.56000000000002,0.05221034749089158,8,0,-0.45256,0.21619,1.0,1.6167,0.082038,0.911807
Q9UHI6,DDX20,672,S,55.56207275390625,113.0,,33.0,0.46460798909538625,8,0,-0.080496,0.4202,1.0,3.09,0.018149,0.725671
Q9UHI6,DDX20,714,S,45.08811950683594,113.0,,35.06,0.6874540061418805,8,0,0.72282,0.034368,0.870635,0.71512,0.29717,1.0
Q9GZR7,DDX24,287,S,60.4088020324707,244.0,,38.75,0.6697580430427398,8,0,0.090968,0.39458,0.956823,2.9578,0.024043,0.810102
O00148,DDX39A,171,T,13.82970905303955,95.0,,97.25,0.12004624623779607,8,0,-0.41728,0.16446,1.0,-2.0656,0.0059512,0.638681
O00571,DDX3X,2,S,30.662757873535156,202.0,,36.12,0.7300446790882957,16,0,-0.32927,0.092291,0.899189,-0.059063,0.29399,1.0
O00571,DDX3X,86,S,48.95420837402344,200.0,,36.31,0.6124635814505011,16,0,0.49712,0.10624,0.870635,0.4184,0.38326,1.0
O00571,DDX3X,630,S,62.612884521484375,224.0,,41.66,0.7682920089835945,16,0,0.0082797,0.63292,1.0,-0.96136,0.10373,1.0
Q9UJV9,DDX41,23,S,97.2431869506836,225.0,,29.95,0.6127710116270794,8,0,-0.050194,0.45608,1.0,-0.64723,0.30585,1.0
Q9UJV9,DDX41,66,S,59.254337310791016,225.0,,28.31,0.7081864908216031,8,0,0.041065,0.50348,0.993279,-0.25176,0.21495,1.0
Q86XP3,DDX42,58,S,37.31258010864258,303.0,,30.91,0.6602536510436265,8,0,-0.38317,0.076363,0.834482,0.44562,0.40108,1.0
Q86XP3,DDX42,109,S,65.0768814086914,300.0,,40.0,0.6867182654107494,8,0,0.02339,0.48858,0.993279,0.19414,0.46097,1.0
Q86XP3,DDX42,111,S,62.5733528137207,300.0,,46.5,0.6336024868778997,8,0,0.76323,0.064435,0.870635,-0.25886,0.39231,1.0
Q86XP3,DDX42,829,S,79.5981674194336,299.0,,40.91,0.7151318833234799,8,0,-0.11474,0.38632,1.0,0.066256,0.51522,1.0
Q86XP3,DDX42,831,S,80.55794525146484,299.0,,40.09,0.7493603257495891,8,0,0.16242,0.23261,0.903314,-0.24677,0.20633,1.0
Q9H0S4,DDX47,9,S,45.36215591430664,69.0,,37.84,0.615972193199389,8,0,-0.091009,0.36641,1.0,2.9161,0.018149,0.862274
Q9H0S4,DDX47,434,T,31.334049224853516,70.0,,37.589999999999996,0.6502198151311356,8,0,-0.48074,0.13237,1.0,0.2542,0.42704,1.0
P17844,DDX5,507,T,80.47517395019531,140.0,,40.089999999999996,0.6303144648971079,12,0,-0.15806,0.2762,1.0,2.7054,0.038223,0.883805
Q8N8A6,DDX51,83,S,55.9167366027832,257.0,,37.0,0.73878544112085,8,0,0.45336,0.047402,0.870635,1.353,0.15693,0.959974
Q8TDD1,DDX54,39,S,47.52663040161133,145.0,,24.09,0.7024433351574056,8,0,-0.70121,0.15225,1.0,-0.66498,0.27204,1.0
Q8TDD1,DDX54,41,S,44.9067268371582,145.0,,26.22,0.7123043688618903,8,0,-0.1735,0.30027,1.0,-0.16754,0.35186,1.0
Q8TDD1,DDX54,75,S,33.06065368652344,147.0,,36.78,0.5866362847569232,8,0,0.3797,0.21347,0.887649,-1.1317,0.090763,1.0
O75398,DEAF1,171,T,68.17855072021484,507.0,,41.81,0.7616418781127678,8,0,0.8456,0.12225,0.874053,0.71285,0.20962,0.959974
O75398,DEAF1,312,T,28.722951889038086,528.0,,40.03000000000001,0.6565286446016038,8,0,0.40559,0.1183,0.870635,0.67454,0.34705,1.0
O75398,DEAF1,432,T,71.87631225585938,504.0,,43.12,0.6822625989918661,8,0,0.080321,0.39458,0.956823,0.051741,0.52906,1.0
Q6ICB0,DESI1,25,S,14.500238418579102,38.0,,96.0,0.02263770861157703,2,0,-0.19123,0.39141,1.0,-0.47519,0.23464,1.0
O75907,DGAT1,18,S,32.35283660888672,390.0,32.35283660888672,31.09,0.7500906345656804,13,13,0.11687,0.21261,0.887649,-0.88852,0.17315,1.0
Q8WYQ5,DGCR8,95,S,44.600929260253906,352.0,,30.47,0.7417338359604139,1,0,-1.2678,0.043898,0.806728,-1.1174,0.14408,1.0
Q8WYQ5,DGCR8,127,S,40.161529541015625,352.0,,44.06,0.6017459266369111,1,0,-0.32601,0.11249,0.979559,-0.18113,0.30787,1.0
Q8WYQ5,DGCR8,271,S,58.182212829589844,352.0,,39.62,0.6161422851061562,1,0,-0.42595,0.21419,1.0,0.35147,0.3893,1.0
Q8WYQ5,DGCR8,377,S,34.486724853515625,352.0,,40.34,0.6244826258195858,1,0,0.16372,0.53224,1.0,2.7124,0.0098888,0.725671
O43143,DHX15,15,S,86.37706756591797,162.0,,38.22,0.7769343479585628,8,0,0.14281,0.41059,0.975125,-0.40818,0.38614,1.0
O60231,DHX16,103,S,62.170352935791016,429.0,,35.78,0.6308460737519797,8,0,-0.01913,0.45608,1.0,2.2294,0.060012,0.883805
Q14147,DHX34,20,S,64.11190032958984,192.0,,40.88,0.41151410036941305,8,0,0.86874,0.070472,0.870635,-0.98759,0.16037,1.0
Q14562,DHX8,129,S,35.86463165283203,595.0,,44.75,0.44125642955955474,8,0,0.80221,0.082355,0.870635,-1.0194,0.16639,1.0
Q08211,DHX9,1171,S,56.27302169799805,419.0,56.27302169799805,28.91,0.7767915777737119,10,10,0.030513,0.77512,1.0,0.058025,0.26203,0.961678
Q9UNQ2,DIMT1,24,S,19.910192489624023,37.0,19.910192489624023,36.69,0.6590622780360265,6,6,0.14282,0.22862,0.903314,1.2594,0.23142,0.959974
Q8IYB7,DIS3L2,31,S,87.87705993652344,392.0,,44.25,0.7723054645377444,2,0,-0.37561,0.25014,1.0,1.0802,0.26332,0.959974
O60832,DKC1,422,S,51.086334228515625,125.0,,51.31,0.2209578185199882,1,0,0.04283,0.45249,0.985208,0.056358,0.5232,1.0
O60832,DKC1,485,S,70.76245880126953,125.0,,35.16,0.7056445167297152,1,0,-0.60279,0.25411,1.0,-1.0723,0.19433,1.0
P31689,DNAJA1,335,S,82.99027252197266,134.0,,86.44,0.3670953042553643,8,0,-0.22544,0.17043,1.0,1.4856,0.17348,0.959974
Q96EY1,DNAJA3,169,S,35.85841369628906,275.0,35.85841369628906,33.94,0.6728710978740311,8,8,0.32787,0.19662,0.887649,0.95167,0.22751,0.959974
O75061,DNAJC6,572,T,59.11860656738281,164.0,,33.72,0.6837173025110667,1,0,0.203,0.21057,0.887649,-0.22062,0.2602,1.0
O75061,DNAJC6,745,S,62.58355712890625,164.0,,34.38,0.6345028876007582,1,0,-0.077871,0.66812,1.0,0.97804,0.010262,0.725671
Q5SXM8,DNLZ,171,S,58.2927131652832,75.0,,58.19,0.6755285204288536,4,0,-0.35132,0.12647,1.0,2.4504,0.046185,0.883805
P26358,DNMT1,143,S,8.35550308227539,670.0,8.35550308227539,30.73,0.27417258762393565,29,29,-0.25983,0.19026,1.0,1.1472,0.22553,0.959974
P26358,DNMT1,154,S,40.67732238769531,667.0,40.67732238769531,36.69,0.7256794462303026,29,29,0.53211,0.066501,0.870635,0.81001,0.28313,0.995855
Q9Y6K1,DNMT3A,75,S,47.7293701171875,710.0,53.66007995605469,36.16,0.6943666450068012,13,12,-0.14799,0.5345,1.0,1.2801,0.048378,0.883805
Q9Y6K1,DNMT3A,138,T,50.83406066894531,643.0,50.83406066894531,33.84,0.7367193313506629,13,12,0.24401,0.26853,0.903314,0.030971,0.53101,1.0
Q9Y6K1,DNMT3A,260,T,47.17313766479492,891.0,47.17313766479492,31.110000000000007,0.7548732071501673,13,12,0.37242,0.33152,0.941036,-0.45907,0.28508,1.0
Q9Y6K1,DNMT3A,261,T,46.11284637451172,710.0,46.178016662597656,27.229999999999997,0.7640612697575033,13,12,0.69126,0.1023,0.870635,1.1898,0.16955,0.959974
Q9UBC3,DNMT3B,136,S,30.078872680664062,629.0,,38.69,0.5115741912163626,13,0,0.16209,0.2785,0.906709,1.098,0.22751,0.959974
O43598,DNPH1,12,S,18.78093719482422,104.0,18.78093719482422,34.19,0.6574207046669971,8,8,0.23713,0.34874,0.95101,-0.64558,0.27602,1.0
O43598,DNPH1,128,S,8.063755989074707,98.0,8.063755989074707,98.06,0.3534620082391667,8,8,0.28518,0.034475,0.870635,0.62761,0.37569,1.0
O43598,DNPH1,169,S,20.598960876464844,104.0,20.598960876464844,44.81,0.6439356107506902,8,8,0.55677,0.21451,0.887649,0.92097,0.12752,0.959974
P04053,DNTT,273,T,18.491159439086914,342.0,,98.0,0.3470963072215688,13,0,0.31991,0.20049,0.887649,0.34351,0.41699,1.0
Q14183,DOC2A,221,S,19.479053497314453,183.0,,47.03,0.29564081303478923,9,0,-0.26905,0.26016,1.0,-0.032451,0.42656,1.0
Q8TEK3,DOT1L,374,S,72.40371704101562,139.0,72.40371704101562,31.44,0.712463596938578,6,6,-0.34914,0.17818,1.0,0.83628,0.32718,1.0
Q8TEK3,DOT1L,471,S,57.660282135009766,222.0,57.660282135009766,40.94,0.44731787923041,6,6,-0.33315,0.34652,1.0,-0.51718,0.43249,1.0
Q8TEK3,DOT1L,772,T,63.84977722167969,168.0,63.84977722167969,35.62,0.5202978627963386,6,6,0.12046,0.34874,0.95101,1.6648,0.16955,0.959974
Q8TEK3,DOT1L,786,S,61.24961853027344,168.0,61.24961853027344,41.66,0.4842310659332579,6,6,0.7303,0.03634,0.870635,0.086127,0.50307,1.0
Q8TEK3,DOT1L,826,S,82.7610092163086,168.0,82.7610092163086,32.94,0.7458243922787848,6,6,0.35896,0.17667,0.88222,2.983,0.024043,0.810102
Q8TEK3,DOT1L,1001,S,62.36300277709961,222.0,62.36300277709961,31.48,0.6552681259174369,6,6,0.4942,0.14862,0.880494,1.0582,0.19364,0.959974
Q8TEK3,DOT1L,1009,S,70.70320892333984,223.0,70.70320892333984,31.81,0.712732679416443,6,6,-0.090148,0.53839,1.0,1.2226,0.17026,0.959974
Q8TEK3,DOT1L,1035,S,49.53398132324219,223.0,49.53398132324219,32.62,0.5296546852563025,6,6,0.23593,0.18802,0.887649,-0.68176,0.1389,1.0
Q8TEK3,DOT1L,1093,S,31.123226165771484,139.0,31.123226165771484,28.06,0.7218525404747568,6,6,-0.71304,0.22615,1.0,0.05001,0.50919,1.0
Q9BQC3,DPH2,488,S,45.63667297363281,89.0,,59.06,0.751111915666513,3,0,0.10045,0.30118,0.90802,0.54214,0.363,1.0
O60941,DTNB,394,S,36.42707061767578,284.0,,44.16,0.28376453885055536,8,0,-0.77507,0.074313,0.834482,-0.21414,0.43864,1.0
Q86UW9,DTX2,282,S,75.70641326904297,415.0,75.70641326904297,43.38,0.6584747394047862,8,8,1.1443,0.07047,0.870635,-1.815,0.048124,1.0
Q9NRD9,DUOX1,851,S,15.221299171447754,839.0,15.221299171447754,73.44,0.2530009285595809,47,38,-0.31505,0.32438,1.0,0.13681,0.45098,1.0
Q9NRD8,DUOX2,968,T,30.640289306640625,843.0,,29.41,0.7246021354254728,9,0,0.17562,0.35265,0.95101,-0.11355,0.40427,1.0
Q9BY84,DUSP16,501,S,48.8505859375,244.0,,30.670000000000005,0.7189041456351929,1,0,0.093845,0.52908,1.0,1.5114,0.036749,0.883805
P33316,DUT,88,S,49.237579345703125,192.0,49.237579345703125,51.69,0.7295228098776853,14,14,-0.96837,0.062154,0.814084,-0.45612,0.28508,1.0
Q9Y6G9,DYNC1LI1,415,S,35.1702995300293,76.0,,34.59,0.6504916079102395,8,0,-0.59869,0.037914,0.76866,0.1193,0.49299,1.0
Q9Y6G9,DYNC1LI1,516,S,42.17098617553711,81.0,,35.81,0.6914182501672373,8,0,-1.3599,0.060042,0.814084,0.80457,0.19364,0.959974
O43237,DYNC1LI2,407,S,36.15537643432617,63.0,,37.81,0.7076208419972392,8,0,-0.77963,0.25014,1.0,-0.044291,0.45482,1.0
O43237,DYNC1LI2,446,S,52.38312530517578,64.0,,36.88,0.7197826565511749,8,0,-0.10763,0.64822,1.0,-0.29557,0.17549,1.0
O43781,DYRK3,369,Y,8.737726211547852,335.0,15.249456405639648,90.38,0.1295362506513962,15,1,0.059175,0.4386,0.975125,0.84455,0.26127,0.961678
Q5JPH6,EARS2,44,S,3.2590255737304688,76.0,,95.94,0.32484481512248353,17,0,-0.10736,0.38047,1.0,2.1715,0.060012,0.883805
P13639,EEF2,57,T,4.151663303375244,33.0,,73.62,0.007021094279301839,15,0,-0.4216,0.28228,1.0,-0.22907,0.44863,1.0
P13639,EEF2,435,T,34.43867111206055,26.0,,86.62,0.3516629409148858,15,0,0.24828,0.23758,0.903314,0.30454,0.37258,1.0
P13639,EEF2,502,S,16.18589210510254,28.0,,64.25,0.2947233869065822,15,0,-0.30715,0.23817,1.0,0.56604,0.31911,1.0
O00418,EEF2K,462,S,47.497047424316406,296.0,,29.25,0.6843628411174657,7,0,0.23679,0.26853,0.903314,0.14815,0.48897,1.0
O00418,EEF2K,474,S,19.999792098999023,296.0,,50.44,0.06926915883405865,7,0,0.066892,0.43453,0.975125,1.3139,0.17964,0.959974
Q96C19,EFHD2,11,S,44.51528549194336,143.0,,68.19,0.4340855720468486,8,0,0.00069408,0.51017,0.993279,-0.36291,0.40427,1.0
Q96C19,EFHD2,192,S,26.418710708618164,152.0,,57.40999999999999,0.42757392201456407,8,0,-0.058922,0.34449,1.0,0.58658,0.40108,1.0
Q9GZT9,EGLN1,125,S,37.86124038696289,315.0,37.86124038696289,41.34,0.7739197161848573,12,3,-0.44797,0.50674,1.0,-0.29328,0.23345,1.0
Q9H4M9,EHD1,3,S,64.85907745361328,489.0,64.85907745361328,34.72,0.6558064530198843,14,12,0.043835,0.45449,0.985208,-0.2573,0.30787,1.0
Q9BQI3,EIF2AK1,258,S,48.08846664428711,180.0,,29.360000000000003,0.6537693227332584,11,0,-1.8363,0.0096631,0.427423,-0.34998,0.40624,1.0
Q9P2K8,EIF2AK4,230,S,63.509490966796875,619.0,,34.22,0.7774391917638248,11,0,0.073833,0.4565,0.985208,0.22465,0.429,1.0
Q9P2K8,EIF2AK4,667,T,24.437210083007812,598.0,,31.0,0.715616595953852,11,0,1.2758,0.030287,0.870635,0.6544,0.2057,0.959974
P38919,EIF4A3,84,S,1.3379276990890503,85.0,1.3379276990890503,77.12,0.04425413612232127,14,14,-1.4043,0.0019101,0.141901,0.3799,0.39912,1.0
O60573,EIF4E2,41,S,15.609604835510254,79.0,21.99945831298828,42.66,0.6774228805306285,14,9,-0.0136,0.46996,1.0,-0.23215,0.34789,1.0
P55010,EIF5,149,S,28.293792724609375,34.0,,37.34,0.7821337446052729,8,0,0.43687,0.1183,0.870635,-0.68582,0.15634,1.0
O60841,EIF5B,135,S,43.44729995727539,706.0,46.963050842285156,28.8,0.677900402613974,17,16,-0.43546,0.10243,0.937792,1.216,0.19757,0.959974
O60841,EIF5B,303,T,68.31907653808594,760.0,68.31907653808594,27.19,0.7960597060196122,17,16,-0.42086,0.25014,1.0,0.71383,0.2057,0.959974
O60841,EIF5B,1168,S,61.962005615234375,706.0,65.22205352783203,79.81,0.534470118475725,17,16,0.86509,0.07047,0.870635,-1.1779,0.12211,1.0
Q9H777,ELAC1,146,S,21.993549346923828,62.0,21.993549346923828,68.62,0.48734955267958896,7,7,0.054311,0.45449,0.985208,-0.33436,0.3822,1.0
Q92979,EMG1,14,S,23.51606559753418,219.0,,57.220000000000006,0.6724100336825225,9,0,0.75088,0.048336,0.870635,-0.36869,0.29989,1.0
P06733,ENO1,37,S,3.187354326248169,372.0,7.01533317565918,96.19,0.027793325644533986,13,4,-0.22121,0.36849,1.0,-0.3353,0.43864,1.0
P06733,ENO1,44,Y,7.652477264404297,318.0,7.652477264404297,95.05999999999999,0.3175935636642176,13,4,0.20216,0.35467,0.95101,-0.66889,0.21625,1.0
P06733,ENO1,72,T,22.519285202026367,343.0,27.415569305419922,98.68999999999998,0.31019939740957075,13,4,-0.19078,0.31626,1.0,-1.0946,0.10048,1.0
P06733,ENO1,272,S,14.140670776367188,293.0,14.140670776367188,98.5,0.21803674540234072,13,4,0.19748,0.33706,0.943235,1.2249,0.074844,0.911807
P06733,ENO1,419,S,23.028722763061523,394.0,29.61565589904785,97.06,0.8018284902923257,13,4,0.97213,0.046389,0.870635,3.539,0.0059654,0.67882
Q9Y6I3,EPN1,470,T,47.87346267700195,63.0,,64.81,0.4397458198318223,6,0,-0.52645,0.05285,0.811873,0.43769,0.3566,1.0
P07814,EPRS,883,S,51.691829681396484,1276.0,51.691829681396484,29.59,0.632295665407365,16,16,0.17002,0.2785,0.906709,-0.13191,0.30787,1.0
P42566,EPS15,108,S,26.292797088623047,236.0,,29.53,0.401163951091274,9,0,-0.13913,0.30637,1.0,2.0872,0.08005,0.911807
P42566,EPS15,221,S,18.461772918701172,236.0,,81.12,0.2725747938686595,9,0,-0.095388,0.40008,1.0,0.97044,0.28037,0.994523
P42566,EPS15,681,S,28.99394416809082,247.0,,37.62,0.6147916840218683,9,0,-0.21339,0.25609,1.0,0.36649,0.41109,1.0
P42566,EPS15,796,S,89.14030456542969,238.0,,36.19,0.6036292607618889,9,0,0.36789,0.21451,0.887649,-0.57623,0.28204,1.0
Q9UBC2,EPS15L1,241,S,53.205257415771484,172.0,,34.84,0.5637403574975609,5,0,0.81313,0.0059355,0.870635,1.7075,0.14564,0.959974
Q9UBC2,EPS15L1,366,T,97.84745025634766,183.0,,35.22,0.7883953158492671,5,0,0.19703,0.36063,0.95655,0.7871,0.25132,0.959974
Q9UBC2,EPS15L1,575,S,121.30815887451172,178.0,,39.97,0.6568112762288801,5,0,-0.05914,0.45608,1.0,-1.2363,0.14001,1.0
Q9UBC2,EPS15L1,612,T,67.68792724609375,176.0,,33.91,0.7761938083444899,5,0,0.4513,0.10428,0.870635,1.9681,0.070036,0.911807
Q9UBC2,EPS15L1,797,T,57.672359466552734,172.0,,40.38,0.7414989358017756,5,0,-0.76558,0.090227,0.889094,0.58917,0.26332,0.961678
Q2NKX8,ERCC6L,739,S,59.18360900878906,129.0,,34.69,0.6799483967306794,8,0,0.69517,0.08431,0.870635,-1.1044,0.1321,1.0
Q2NKX8,ERCC6L,826,T,45.84349060058594,122.0,,25.109999999999996,0.5915030100737767,8,0,-0.22596,0.04538,0.806728,0.64468,0.48389,1.0
Q7Z2K6,ERMP1,53,S,81.01068878173828,278.0,,27.23,0.683654422108251,6,0,-0.16123,0.30985,1.0,-0.28335,0.22362,1.0
Q5FWF5,ESCO1,288,S,69.74620056152344,772.0,69.74620056152344,34.19,0.6287597319365608,12,12,-0.56206,0.22615,1.0,1.2668,0.046186,0.883805
Q14674,ESPL1,1126,S,38.32431411743164,2029.0,,31.69,0.6360016907849366,1,0,0.048647,0.45249,0.985208,0.47251,0.37333,1.0
Q14674,ESPL1,1501,S,35.70387649536133,2029.0,,27.52,0.69184656072179,1,0,0.031447,0.73519,1.0,-0.58205,0.35548,1.0
Q9BSJ8,ESYT1,638,T,43.37961196899414,357.0,,84.75,0.5784803048614101,8,0,0.52329,0.066501,0.870635,0.065128,0.51921,1.0
A0FGR8,ESYT2,711,S,44.68360137939453,464.0,44.68360137939453,34.5,0.6130292302748648,9,9,0.51304,0.24869,0.903314,-1.5862,0.054164,1.0
Q9UQ84,EXO1,639,S,67.3191909790039,78.0,71.80704498291016,33.75,0.6843628411174657,8,3,0.36651,0.1183,0.870635,0.86294,0.29717,1.0
Q01780,EXOSC10,13,S,62.15510177612305,315.0,62.15510177612305,32.44,0.7118433046703816,4,4,-0.55009,0.21419,1.0,-1.0017,0.21232,1.0
Q01780,EXOSC10,866,S,55.9010124206543,315.0,55.9010124206543,38.59,0.7165760430638256,4,4,0.53244,0.11633,0.870635,0.45675,0.36324,1.0
Q99504,EYA3,264,S,64.25406646728516,309.0,,45.53,0.7470049014563054,3,0,-0.11138,0.16133,1.0,-0.29762,0.21744,1.0
Q6SJ93,FAM111B,301,S,30.750375747680664,490.0,,22.83,0.5463682824668356,3,0,-0.79494,0.070261,0.826886,0.80583,0.23544,0.959974
Q8IYD8,FANCM,34,S,60.83073043823242,118.0,,34.28,0.7092350936443521,8,0,0.042887,0.39857,0.956823,0.9488,0.33716,1.0
Q8IYD8,FANCM,1005,S,77.7127685546875,117.0,,37.0,0.5853513530932652,8,0,0.1885,0.47424,0.985552,-0.21879,0.084134,1.0
P22087,FBL,118,Y,3.771951913833618,172.0,12.48751163482666,88.75,0.21004855714970364,10,8,-0.15798,0.32438,1.0,2.7809,0.024043,0.810102
Q6PCT2,FBXL19,225,T,17.89510154724121,50.0,17.89510154724121,33.16,0.7713150610740536,16,16,0.025918,0.46852,0.985552,0.35805,0.42704,1.0
P98174,FGD1,365,S,64.77928924560547,753.0,,39.5,0.7538902185993097,8,0,1.0397,0.015902,0.870635,-0.2193,0.35386,1.0
Q5JSP0,FGD3,128,S,91.9958724975586,566.0,,39.22,0.6611321619596084,8,0,-0.93666,0.14825,1.0,-0.79062,0.29795,1.0
Q6ZV73,FGD6,554,S,94.33708190917969,1244.0,,30.69,0.7581946464382011,8,0,0.025432,0.48859,0.993279,0.42694,0.35118,1.0
Q6ZV73,FGD6,693,T,66.40335083007812,1228.0,,34.06,0.6947065936133239,8,0,-0.063216,0.40417,1.0,0.6627,0.34705,1.0
Q6PIW4,FIGNL1,317,S,54.50828170776367,529.0,54.50828170776367,33.38,0.8393400794564935,14,14,0.30091,0.079237,0.870635,-0.31391,0.15803,1.0
Q14318,FKBP8,296,S,23.828201293945312,149.0,,98.44,0.23701764016513924,2,0,-0.25771,0.30637,1.0,0.016011,0.533,1.0
Q8TF40,FNIP1,232,S,64.92741394042969,613.0,,28.69,0.6758359506054319,4,0,-1.6696,0.037367,0.76866,-0.76747,0.19116,1.0
Q8TF40,FNIP1,292,S,45.9339485168457,613.0,,63.40999999999999,0.2345521993239608,4,0,0.33293,0.17464,0.88222,-0.28404,0.24019,1.0
Q8TF40,FNIP1,296,S,44.31817626953125,613.0,,56.0,0.24732887423105315,4,0,-0.028365,0.45608,1.0,1.6862,0.11574,0.959974
Q8TF40,FNIP1,946,S,87.23291015625,608.0,,41.91,0.49452041019229515,4,0,0.29207,0.28045,0.906709,-0.84903,0.20633,1.0
P49356,FNTB,436,T,58.03530502319336,302.0,58.03530502319336,53.75,0.74294874428126,15,15,-0.056084,0.66576,1.0,-0.13831,0.46589,1.0
Q01167,FOXK2,252,S,27.915515899658203,316.0,27.915515899658203,49.0,0.6114368684346284,4,4,-0.90041,0.0077847,0.409031,-0.69873,0.16837,1.0
Q01167,FOXK2,398,S,40.39401626586914,313.0,40.39401626586914,36.72,0.7543731725976951,4,4,-0.033674,0.45608,1.0,-0.26027,0.30787,1.0
Q9C0B1,FTO,4,T,12.411660194396973,234.0,12.411660194396973,52.0,0.5568032424913463,14,14,-0.020343,0.464,1.0,2.5673,0.040141,0.883805
Q9BQS8,FYCO1,1165,S,8.757351875305176,1198.0,,50.03,0.39512982314233513,8,0,0.21232,0.21451,0.887649,-0.40901,0.20633,1.0
P06241,FYN,21,S,38.18632507324219,281.0,,37.03,0.6714215062186458,11,0,0.077297,0.47244,0.985552,-1.4597,0.078453,1.0
O14976,GAK,826,S,86.86048126220703,173.0,,35.19,0.5969748405447536,1,0,0.49784,0.11036,0.870635,0.074657,0.51522,1.0
Q10471,GALNT2,536,S,42.28505325317383,331.0,42.28505325317383,96.81,0.18098078851464197,11,11,-0.060151,0.42414,1.0,0.39165,0.40906,1.0
P04406,GAPDH,83,S,6.417060375213623,80.0,6.417060375213623,97.88,0.18236414323588593,13,7,-0.44716,0.0023995,0.174174,0.31251,0.4722,1.0
P04406,GAPDH,143,S,16.807369232177734,122.0,16.807369232177734,97.38,0.4903806423451312,13,7,-0.48966,0.074313,0.834482,0.2396,0.45698,1.0
P04406,GAPDH,237,T,5.8686299324035645,182.0,6.558360576629639,98.75,0.27144763284665785,13,7,-0.76399,0.086198,0.879462,-0.88298,0.17834,1.0
P41250,GARS,54,S,27.948205947875977,458.0,27.948205947875977,29.0,0.7287597474246378,13,13,-0.14395,0.11674,0.9938,0.32633,0.63367,1.0
P41250,GARS,386,S,16.09663963317871,457.0,16.09663963317871,83.0,0.3234341386793232,13,13,0.16819,0.64017,1.0,-1.5144,0.02554,0.959477
P22102,GART,802,S,28.75585174560547,913.0,28.75585174560547,25.33,0.6749301179675337,28,25,0.20303,0.4002,0.957974,0.12352,0.67183,1.0
Q9UG22,GIMAP2,252,S,22.6081485748291,31.0,22.6081485748291,93.56,0.45822208384260404,17,14,0.26467,0.19464,0.887649,0.44789,0.40707,1.0
Q49A26,GLYR1,130,S,56.21530532836914,271.0,56.21530532836914,36.44,0.5836270848982577,17,17,-0.16721,0.36047,1.0,0.94329,0.21361,0.959974
Q49A26,GLYR1,167,S,27.51284408569336,285.0,27.51284408569336,34.34,0.7525669392369383,17,17,0.15407,0.58512,1.0,-0.96528,0.10716,1.0
Q49A26,GLYR1,540,S,8.936968803405762,277.0,8.936968803405762,98.44,0.19114925239570502,17,17,-0.18343,0.40417,1.0,1.7206,0.018148,0.725671
O60547,GMDS,14,S,31.487777709960938,31.0,31.487777709960938,35.44,0.7899248943861755,24,21,0.39535,0.070675,0.870635,0.79561,0.24941,0.959974
O60547,GMDS,324,Y,11.461165428161621,157.0,13.25935173034668,96.12,0.2819631726657002,24,21,0.78502,0.08431,0.870635,-0.97286,0.20831,1.0
Q14344,GNA13,43,T,25.871639251708984,61.0,,82.43999999999998,0.39207748471507897,17,0,0.21356,0.29245,0.906709,0.49074,0.35313,1.0
P36915,GNL1,48,T,26.759050369262695,369.0,,28.07999999999999,0.6414866989762159,17,0,0.24986,0.2719,0.906443,-0.31377,0.43719,1.0
Q9NVN8,GNL3L,214,S,13.125088691711426,175.0,,58.0,0.44731787923041,16,0,-0.019731,0.46601,1.0,-0.6802,0.2143,1.0
Q9NVN8,GNL3L,279,S,3.6549179553985596,266.0,,92.06,0.508060147552435,16,0,-0.048507,0.41227,1.0,0.37068,0.429,1.0
Q9HCL2,GPAM,695,S,41.15338134765625,462.0,41.15338134765625,36.12,0.5242135278536438,6,6,-1.1518,0.070262,0.826886,-1.8358,0.030096,1.0
Q9NQX3,GPHN,283,S,34.18258285522461,524.0,,31.8,0.7067866782085223,9,0,-0.018031,0.464,1.0,2.4843,0.046185,0.883805
P06744,GPI,109,T,20.36139488220215,211.0,25.980472564697266,98.38,0.4514129643443121,12,3,-0.17361,0.30027,1.0,-0.54559,0.23012,1.0
Q9HCN4,GPN1,328,T,25.62095832824707,56.0,,33.81,0.5035192739761639,8,0,0.28747,0.29245,0.906709,1.1836,0.15964,0.959974
P81274,GPSM2,565,S,17.651084899902344,608.0,,38.38,0.6768299099843482,4,0,-0.10654,0.38632,1.0,0.033394,0.53101,1.0
P35626,GRK3,670,S,65.51248931884766,220.0,,36.22,0.7353595241979404,11,0,-0.37933,0.18441,1.0,0.77196,0.22751,0.959974
P49840,GSK3A,85,S,21.103975296020508,125.0,,42.25,0.6167079339305199,11,0,-0.33433,0.20152,1.0,-0.14415,0.53595,1.0
P49841,GSK3B,390,T,35.88556671142578,181.0,,52.15999999999998,0.5082693620683917,11,0,0.38471,0.18802,0.887649,-1.0521,0.018612,0.959477
P48637,GSS,415,S,11.531452178955078,215.0,,89.56,0.38985875764644373,37,0,-0.88431,0.039932,0.76866,0.92295,0.21743,0.959974
Q00403,GTF2B,82,T,15.375653266906738,61.0,15.375653266906738,77.68999999999998,0.652827556214498,16,16,-0.45603,0.082227,0.858283,-0.75321,0.17039,1.0
Q00403,GTF2B,108,S,15.2090425491333,152.0,15.2090425491333,81.0,0.26342761108842927,16,16,-0.19251,0.32643,1.0,0.2803,0.42295,1.0
P35269,GTF2F1,156,T,43.282508850097656,512.0,43.282508850097656,57.34000000000002,0.46228842750809734,3,3,0.39529,0.18264,0.883851,2.6894,0.026065,0.827751
P35269,GTF2F1,389,T,47.54610061645508,512.0,47.54610061645508,41.38,0.7477234536926567,3,3,0.28038,0.30985,0.915212,1.0018,0.11113,0.959974
P35269,GTF2F1,436,S,41.35924530029297,517.0,41.35924530029297,36.69,0.6924395312680701,3,3,-0.0061494,0.48787,1.0,1.6454,0.12563,0.959974
P35269,GTF2F1,437,T,37.52920150756836,517.0,37.52920150756836,48.75,0.7720027045637184,3,3,0.35146,0.17667,0.88222,0.61613,0.32103,1.0
P35269,GTF2F1,445,T,13.891325950622559,517.0,13.891325950622559,40.660000000000004,0.761231279258973,3,3,0.18272,0.14113,0.8792,-0.14207,0.16721,1.0
O00178,GTPBP1,44,S,58.693641662597656,253.0,,33.19,0.7175973241646584,17,0,-1.6689,0.03598,0.76866,-4.0664,6.42e-07,0.000198
O00178,GTPBP1,47,S,64.55607604980469,253.0,,32.84,0.7079999410229989,17,0,0.14355,0.2566,0.903314,-0.040035,0.29795,1.0
O00178,GTPBP1,580,S,35.42792892456055,253.0,,31.889999999999997,0.5621698854642011,17,0,0.036095,0.70026,1.0,0.70027,0.17489,0.959974
Q969Y2,GTPBP3,25,S,21.11565589904785,152.0,,31.59,0.612288057628694,28,0,0.34588,0.30043,0.90802,-1.4475,0.07237,1.0
Q9BZE4,GTPBP4,623,S,101.7214584350586,221.0,,80.31,0.45306646680964713,17,0,-0.0089367,0.46996,1.0,1.6048,0.14564,0.959974
P13807,GYS1,645,S,17.513784408569336,582.0,17.513784408569336,44.88,0.4880306499668872,16,16,-0.00078794,0.48983,1.0,-0.44706,0.38023,1.0
P13807,GYS1,649,S,27.61178207397461,582.0,27.61178207397461,29.41,0.6197717772330184,16,16,0.44927,0.3481,0.95101,-1.9721,0.0027014,0.463476
P13807,GYS1,702,S,46.62218475341797,512.0,46.62218475341797,26.66,0.7231758198371282,16,16,0.14241,0.35664,0.95101,-0.73526,0.17834,1.0
P13807,GYS1,706,S,54.330596923828125,291.0,54.330596923828125,30.45,0.7361499083729042,16,16,0.60667,0.096364,0.870635,0.57554,0.32911,1.0
P13807,GYS1,727,S,69.24248504638672,205.0,69.24248504638672,36.16,0.6478560751622938,16,16,0.26369,0.11895,0.870635,1.7306,0.067289,0.896302
B0YJ81,HACD1,30,S,42.09670639038086,210.0,,26.59,0.6418657268271081,2,0,-0.2321,0.35761,1.0,-0.17848,0.30971,1.0
P49590,HARS2,67,S,16.460987091064453,174.0,,93.0,0.26005633760935254,9,0,0.07276,0.37856,0.956823,0.17435,0.49299,1.0
Q8TF76,HASPIN,288,S,65.68634033203125,606.0,65.68634033203125,41.16,0.5814363205967014,25,15,0.31081,0.20173,0.887649,1.1911,0.23937,0.954353
O14929,HAT1,361,S,20.980525970458984,276.0,27.45677947998047,87.44,0.41663080219014487,11,10,0.0038964,0.50816,0.993279,0.75785,0.34918,1.0
Q9Y450,HBS1L,58,Y,25.73415756225586,270.0,25.73415756225586,31.829999999999995,0.8556910003910393,15,15,-0.094919,0.29421,1.0,0.23365,0.48103,1.0
Q13547,HDAC1,409,S,26.33908462524414,31.0,32.9725227355957,69.88,0.3916157794784076,7,1,0.61976,0.088298,0.870635,-0.79345,0.18036,1.0
Q13547,HDAC1,421,S,34.18109130859375,31.0,43.40055465698242,55.779999999999994,0.48510957684923983,7,1,-0.83699,0.11453,0.990041,0.37454,0.34312,1.0
Q92769,HDAC2,394,S,22.398818969726562,188.0,22.398818969726562,46.19,0.5128755807718574,14,10,-0.026718,0.45608,1.0,-0.48921,0.2004,1.0
O15379,HDAC3,74,S,11.292983055114746,17.0,11.292983055114746,97.56,0.17568240129683416,8,7,0.30964,0.046388,0.870635,0.9544,0.32911,1.0
P56524,HDAC4,197,S,62.52058792114258,667.0,,35.44,0.6589195078511756,5,0,0.021607,0.49056,0.993279,-0.46774,0.30984,1.0
P56524,HDAC4,246,S,36.47410583496094,675.0,,36.94,0.7132710065188904,5,0,0.50048,0.18264,0.883851,-0.31265,0.4003,1.0
P56524,HDAC4,467,S,13.461167335510254,803.0,,30.2,0.8522814143553136,5,0,-0.56951,0.067836,0.826886,1.3154,0.097526,0.926185
P56524,HDAC4,565,S,59.16958999633789,803.0,,32.72,0.565118280303765,5,0,-0.041503,0.43811,1.0,1.7032,0.11187,0.959974
Q9UQL6,HDAC5,499,S,32.100677490234375,833.0,,37.03,0.538060695390362,5,0,0.045293,0.25923,0.903314,1.4121,0.33303,1.0
Q9UQL6,HDAC5,662,S,71.71353912353516,696.0,,39.03,0.7067423310812573,5,0,-0.14933,0.47035,1.0,-1.3194,0.056241,1.0
P51858,HDGF,83,S,4.6372761726379395,79.0,,95.12,0.383177015707392,6,0,-0.68525,0.25208,1.0,-1.5697,0.078452,1.0
P51858,HDGF,132,S,41.85731887817383,80.0,,49.78,0.703892926812791,6,0,0.2193,0.49329,0.993279,-0.50614,0.15803,1.0
Q8WVB3,HEXD,477,S,66.33049011230469,149.0,,46.41,0.6515839903467421,1,0,-0.084517,0.32438,1.0,0.5567,0.40108,1.0
O14964,HGS,246,S,18.78727912902832,215.0,,45.12,0.5488883667518467,8,0,0.064861,0.33706,0.943235,0.88331,0.35017,1.0
Q68CP4,HGSNAT,243,S,62.3663330078125,297.0,62.3663330078125,31.02,0.6747654579758061,1,1,-0.058018,0.3222,1.0,0.26049,0.71772,1.0
P49773,HINT1,45,S,1.331830620765686,44.0,1.331830620765686,94.38,0.31129964584730396,9,9,0.22002,0.2066,0.887649,0.60618,0.35719,1.0
Q9H2X6,HIPK2,827,S,70.198486328125,207.0,,34.19,0.6681656812025035,11,0,-0.00026601,0.48983,1.0,0.78882,0.29717,1.0
P10321,HLA-C,360,S,27.687227249145508,195.0,27.687227249145508,34.84,0.6489211358768798,5,5,0.6742,0.0628,0.870635,-0.52097,0.28508,1.0
Q96FZ2,HMCES,160,S,24.306224822998047,127.0,24.306224822998047,46.78,0.35581200061741064,2,2,-0.31105,0.24219,1.0,0.57188,0.3271,1.0
Q96FZ2,HMCES,281,S,31.579240798950195,127.0,31.579240798950195,41.72,0.43652912308115055,2,2,-0.4634,0.16446,1.0,0.62171,0.29717,1.0
Q01581,HMGCS1,476,T,34.77130889892578,343.0,43.73575210571289,42.96999999999999,0.6500665346337582,14,7,0.043807,0.4386,0.975125,1.8576,0.12563,0.959974
P30519,HMOX2,2,S,62.73041534423828,203.0,62.73041534423828,39.62,0.7643496547651143,4,4,0.50679,0.11633,0.870635,0.73087,0.28713,0.997333
Q00839,HNRNPU,4,S,53.444522857666016,511.0,,42.28,0.5824576016975342,8,0,0.17524,0.21531,0.887837,0.032369,0.48677,1.0
Q00839,HNRNPU,59,S,73.35918426513672,506.0,,26.38,0.7001152325860382,8,0,0.39391,0.033233,0.870635,-0.49916,0.12477,1.0
Q00839,HNRNPU,66,S,80.42583465576172,506.0,,27.12,0.6644542239098923,8,0,0.085201,0.43453,0.975125,0.51789,0.34918,1.0
P07900,HSP90AA1,624,T,43.54750061035156,400.0,,74.0,0.31663688605824764,5,0,0.29601,0.15654,0.88222,0.047179,0.53101,1.0
P08238,HSP90AB1,104,T,3.279726266860962,107.0,,78.93999999999998,0.33057503675781147,5,0,-0.30423,0.28819,1.0,-0.54834,0.30585,1.0
P08238,HSP90AB1,226,S,38.82754898071289,88.0,,69.88,0.27980029482519847,5,0,-0.1073,0.3745,1.0,-1.9279,0.0059512,0.638681
P08238,HSP90AB1,307,S,19.44028663635254,392.0,,89.12,0.214665471923264,5,0,0.032331,0.62066,1.0,1.4159,0.24249,0.959974
P08238,HSP90AB1,587,S,63.568702697753906,392.0,,96.94,0.181485632319904,5,0,0.051617,0.44465,0.975125,1.4568,0.16563,0.959974
P08238,HSP90AB1,616,T,43.00326156616211,392.0,,60.27999999999999,0.43203708206285574,5,0,-0.099943,0.40815,1.0,-0.0041205,0.45058,1.0
P11142,HSPA8,113,S,14.589696884155273,71.0,,96.12,0.30674243127566686,20,0,0.17271,0.070676,0.870635,0.42296,0.27011,0.976758
P38646,HSPA9,200,S,17.59541893005371,63.0,17.59541893005371,81.88,0.10720362663773929,7,7,0.090272,0.39211,0.956823,-0.22613,0.20352,1.0
P32942,ICAM3,441,S,159.6840362548828,66.0,159.6840362548828,76.81,0.7584801868079029,1,1,-0.47061,0.45528,1.0,0.26109,0.011761,0.725671
P48735,IDH2,423,S,12.06766128540039,353.0,,97.19,0.6758086288835156,23,0,-0.0021669,0.78428,1.0,0.8949,0.28171,0.995848
P38935,IGHMBP2,677,S,57.49064254760742,403.0,,32.75,0.7306649713564923,17,0,-0.52983,0.33395,1.0,0.21729,0.051324,0.883805
P38935,IGHMBP2,716,S,51.21097183227539,403.0,,30.829999999999995,0.730544090978518,17,0,0.49789,0.26253,0.903314,0.25834,0.40108,1.0
O14920,IKBKB,11,T,13.372326850891113,28.0,,90.56000000000002,0.4537578344888928,11,0,0.35129,0.21451,0.887649,2.2854,0.046185,0.883805
Q14164,IKBKE,673,S,101.9184799194336,135.0,,38.88,0.6049252184023439,11,0,-0.37215,0.28228,1.0,-0.45504,0.39231,1.0
Q9UNL4,ING4,123,S,39.21476364135742,217.0,,56.25,0.6423432489104539,8,0,-0.46317,0.15028,1.0,0.78388,0.27912,0.994523
Q9ULG1,INO80,51,S,80.89051055908203,545.0,,43.62,0.6140231896537811,8,0,0.34727,0.084311,0.870635,0.052362,0.53101,1.0
Q9ULG1,INO80,1512,S,86.9110336303711,545.0,,37.78,0.7349420774734672,8,0,0.36375,0.1445,0.880494,0.89876,0.25924,0.961678
Q9ULG1,INO80,1516,S,83.27303314208984,545.0,,32.75,0.6877614363184589,8,0,0.37706,0.10824,0.870635,-0.22964,0.27204,1.0
Q96PE3,INPP4A,955,S,16.682607650756836,895.0,,85.44,0.4370066451644961,1,0,0.18494,0.24071,0.903314,1.7149,0.13573,0.959974
Q9NRR6,INPP5E,99,S,39.002906799316406,340.0,,35.28,0.7652281656810961,2,0,-0.45725,0.29834,1.0,0.10702,0.45698,1.0
Q92551,IP6K1,129,S,49.651126861572266,226.0,,36.47,0.6244553040976694,9,0,0.17534,0.17667,0.88222,0.81351,0.35522,1.0
Q86U28,ISCA2,42,S,31.96974754333496,146.0,,45.72,0.597468820519936,3,0,0.43725,0.24072,0.903314,-2.1834,0.016086,0.87425
Q9H1K1,ISCU,14,S,59.68365478515625,95.0,59.68365478515625,59.220000000000006,0.6378795929948747,7,6,0.087877,0.43453,0.975125,2.5746,0.038222,0.883805
Q9H1K1,ISCU,29,S,21.21617889404297,95.0,21.21617889404297,55.38,0.6600835591368593,7,6,0.76129,0.047403,0.870635,0.084181,0.6095,1.0
Q9H1K1,ISCU,51,S,11.182145118713379,46.0,11.182145118713379,97.0,0.4542851615391636,7,6,-0.9994,0.074312,0.834482,-0.27565,0.44258,1.0
Q96J02,ITCH,240,S,56.85834884643555,871.0,,36.16,0.7008509733171694,1,0,-1.5201,0.049915,0.806728,-0.56957,0.39231,1.0
P20701,ITGAL,1165,S,49.60172653198242,476.0,49.60172653198242,38.16,0.7119422952414791,17,17,1.2399,0.030287,0.870635,-1.6786,0.052154,1.0
P05556,ITGB1,785,S,21.14063835144043,246.0,21.14063835144043,72.69,0.3681931186069065,10,10,0.25815,0.17667,0.88222,-0.0639,0.23413,1.0
P05107,ITGB2,170,S,7.772823810577393,173.0,7.772823810577393,96.0,0.0,11,11,0.03551,0.66846,1.0,-0.67543,0.20863,1.0
Q08881,ITK,160,T,34.39231491088867,121.0,,35.0,0.6891550340929592,15,0,0.16352,0.46057,0.985552,1.2543,0.11638,0.959974
Q08881,ITK,267,S,27.775203704833984,482.0,,81.0,0.10632511572175736,15,0,-0.32277,0.20628,1.0,-1.1671,0.10249,1.0
Q08881,ITK,512,Y,3.0995147228240967,482.0,,43.84000000000001,0.09028158458124234,15,0,-0.15909,0.33246,1.0,-0.39991,0.28795,1.0
P23677,ITPKA,94,T,27.200698852539062,285.0,27.200698852539062,28.520000000000003,0.7608453017243472,19,19,-2.3235,0.037914,0.76866,0.25228,0.40108,1.0
P27987,ITPKB,55,S,42.83457565307617,679.0,,36.44,0.6035965071249328,19,0,0.47736,0.075237,0.870635,-0.036244,0.24936,1.0
P27987,ITPKB,65,S,53.759735107421875,766.0,,32.31,0.645692632582654,19,0,-0.47872,0.14217,1.0,-0.36818,0.59759,1.0
P27987,ITPKB,269,S,36.883331298828125,794.0,,33.72,0.7336571458098093,19,0,0.12485,0.44465,0.975125,-0.73593,0.24222,1.0
P27987,ITPKB,449,T,61.729347229003906,798.0,,35.72,0.71163356789116,19,0,0.47305,0.10721,0.870635,1.8884,0.018939,0.749505
Q96DU7,ITPKC,9,S,37.079193115234375,558.0,,33.69,0.7244607515007861,24,0,0.27523,0.28752,0.906709,0.13701,0.42792,1.0
Q14573,ITPR3,1567,S,55.337242126464844,1122.0,55.337242126464844,29.610000000000003,0.638467131626115,27,27,-0.751,0.21419,1.0,-0.59807,0.35591,1.0
Q14573,ITPR3,1832,S,46.53257369995117,2581.0,46.53257369995117,28.98,0.6085601424442459,27,27,0.35581,0.17674,0.88222,0.86646,0.1275,0.959974
Q15811,ITSN1,902,S,43.7164421081543,1670.0,,41.06,0.48057968399951917,13,0,0.69126,0.2066,0.887649,-1.4141,0.098502,1.0
Q15811,ITSN1,1071,S,100.58200073242188,1670.0,,31.69,0.6860979731425528,13,0,-0.19235,0.28819,1.0,1.0532,0.2057,0.959974
Q9NZM3,ITSN2,872,S,45.12540817260742,1643.0,,25.38,0.6024105660323725,8,0,0.16587,0.25071,0.903314,0.78468,0.32911,1.0
P23458,JAK1,3,Y,143.2953643798828,888.0,,28.56,0.8191772843219985,11,0,-0.33722,0.13441,1.0,1.5936,0.13158,0.959974
P52333,JAK3,17,S,65.57574462890625,855.0,,32.03,0.49582179974778995,11,0,-0.24295,0.20911,1.0,2.7173,0.029101,0.877263
P52333,JAK3,785,Y,43.480674743652344,828.0,,44.720000000000006,0.3527742410497224,11,0,-1.2004,0.0096631,0.427423,-0.071812,0.43653,1.0
Q92794,KAT6A,377,S,90.57278442382812,648.0,90.57278442382812,26.98,0.5632628354142152,14,13,0.45193,0.022089,0.870635,0.16112,0.50512,1.0
Q92794,KAT6A,420,S,54.84318161010742,648.0,54.84318161010742,31.78,0.7199527484579421,14,13,0.51912,0.086339,0.870635,-0.71142,0.17834,1.0
Q8WYB5,KAT6B,1303,S,76.80669403076172,871.0,,37.66,0.7257675729713207,14,0,0.24357,0.29245,0.906709,2.1603,0.050273,0.883805
Q8WYB5,KAT6B,1502,S,59.38609313964844,867.0,,32.72,0.6367817786433325,14,0,-0.82708,0.14181,1.0,0.68602,0.31386,1.0
O95251,KAT7,50,S,6.49143648147583,483.0,6.49143648147583,29.02,0.6906825094361064,16,15,0.2384,0.21849,0.893019,-0.11641,0.33997,1.0
O95251,KAT7,64,S,43.38127136230469,521.0,43.38127136230469,30.69,0.6145061436521666,16,15,1.4722,0.009939,0.870635,-1.6391,0.020148,0.959477
O75449,KATNA1,81,T,29.213104248046875,251.0,,39.71999999999999,0.6190235078398119,8,0,-0.28774,0.3445,1.0,-0.25855,0.44258,1.0
O75449,KATNA1,121,S,65.98641967773438,249.0,,38.44,0.6114095467127122,8,0,0.67197,0.030287,0.870635,1.8749,0.082038,0.911807
Q9P0J7,KCMF1,2,S,10.711407661437988,33.0,10.711407661437988,88.12,0.2688298532788629,16,16,-1.7391,5.21e-07,6e-05,-1.2689,0.084443,1.0
Q13303,KCNAB2,9,S,48.71939468383789,85.0,48.71939468383789,38.59,0.7275738063320775,23,19,-0.071737,0.36441,1.0,1.4902,0.1876,0.959974
Q13303,KCNAB2,116,T,2.8384017944335938,85.0,2.8384017944335938,98.93999999999998,0.0,23,19,0.015912,0.44103,0.975125,0.51612,0.69356,1.0
Q719H9,KCTD1,9,S,65.48960876464844,222.0,65.48960876464844,49.38,0.7009937435020202,1,1,-0.30389,0.24281,1.0,0.17024,0.63894,1.0
Q8NB78,KDM1B,247,S,37.466556549072266,439.0,37.466556549072266,27.12,0.6301103330208485,74,74,0.95242,0.028284,0.870635,0.29282,0.43298,1.0
Q8NHM5,KDM2B,449,T,51.481475830078125,259.0,87.26422119140625,38.96999999999999,0.6838705830084443,21,15,0.081829,0.44465,0.975125,-0.58341,0.31586,1.0
Q8NHM5,KDM2B,495,T,45.882076263427734,665.0,45.882076263427734,32.62,0.8285130887341375,21,15,0.017899,0.49056,0.993279,-0.22075,0.31586,1.0
Q8NHM5,KDM2B,497,S,45.4935302734375,665.0,45.4935302734375,32.72,0.7304013207936672,21,15,-0.10355,0.42583,1.0,1.9723,0.024248,0.810102
Q8NHM5,KDM2B,746,S,8.901251792907715,616.0,8.901251792907715,31.62,0.4883435120585054,21,15,-0.0028541,0.48983,1.0,-1.0475,0.18636,1.0
Q8NHM5,KDM2B,795,S,42.0239143371582,624.0,42.0239143371582,31.02,0.5040193702763687,21,15,-0.22277,0.22421,1.0,-0.7065,0.14408,1.0
Q8NHM5,KDM2B,975,S,37.047813415527344,722.0,37.047813415527344,34.88,0.6055455106705404,21,15,-0.60649,0.18034,1.0,-1.4761,0.084445,1.0
Q8NHM5,KDM2B,1031,S,16.27642822265625,691.0,16.27642822265625,32.09,0.6089167841496174,21,15,-0.51586,0.25127,1.0,0.81171,0.097526,0.926185
Q9Y4C1,KDM3A,308,T,56.055030822753906,1122.0,,31.72,0.7909236403927585,3,0,-1.0697,0.035981,0.76866,-0.38913,0.3903,1.0
Q9Y4C1,KDM3A,325,S,51.279258728027344,1120.0,,28.2,0.6845329330242329,3,0,0.21682,0.37856,0.956823,-0.88646,0.23012,1.0
Q9Y4C1,KDM3A,445,S,57.467689514160156,1122.0,,33.38,0.72525113567575,3,0,0.24146,0.31049,0.915212,-0.21232,0.40624,1.0
Q9Y4C1,KDM3A,463,S,64.56661987304688,1122.0,,36.56,0.6965519773933176,3,0,0.24113,0.24071,0.903314,2.8203,0.028046,0.862274
Q9Y4C1,KDM3A,819,S,37.80348205566406,1122.0,,29.360000000000003,0.448004408432748,3,0,-0.33187,0.32841,1.0,-1.4991,0.094506,1.0
Q7LBC6,KDM3B,289,S,79.15210723876953,1560.0,,30.28,0.6322737756004885,3,0,-0.49388,0.26519,1.0,0.4026,0.13486,0.959974
Q7LBC6,KDM3B,311,S,99.4601821899414,1562.0,,36.44,0.5046396625445653,3,0,0.22592,0.142,0.8792,0.55873,0.57921,1.0
Q7LBC6,KDM3B,314,S,98.30325317382812,1562.0,,28.97,0.7188822558283163,3,0,-0.37479,0.29631,1.0,1.6794,0.10788,0.911807
Q7LBC6,KDM3B,698,S,68.4681625366211,1562.0,,34.97,0.7162905026941239,3,0,0.22312,0.2507,0.903314,2.4081,0.056134,0.883805
Q7LBC6,KDM3B,766,S,37.92005920410156,1562.0,,29.98,0.5568714982463933,3,0,0.50362,0.14046,0.8792,0.57731,0.32911,1.0
P29375,KDM5A,1438,S,64.89107513427734,409.0,64.89107513427734,86.62,0.27198182332237936,7,4,0.098261,0.52356,1.0,-0.90854,0.15804,1.0
P29375,KDM5A,1598,S,39.57793045043945,493.0,39.57793045043945,28.19,0.6678747089177619,7,4,-0.76549,0.029282,0.709362,2.6743,0.0081285,0.725671
Q9BY66,KDM5D,884,S,85.70955657958984,514.0,,61.09000000000001,0.4003516771094336,7,0,0.078625,0.3966,0.956823,0.72508,0.32911,1.0
O15550,KDM6A,580,S,68.51555633544922,1226.0,68.51555633544922,24.17,0.5325757583739501,7,7,-0.07405,0.50959,1.0,1.0533,0.097525,0.926185
Q6ZMT4,KDM7A,604,S,34.898136138916016,284.0,34.898136138916016,36.88,0.752446058858964,5,3,0.060391,0.4605,0.985552,2.1288,0.046185,0.883805
Q92628,KIAA0232,814,S,36.558284759521484,91.0,,30.09,0.6453797704910358,8,0,-0.53276,0.068204,0.826886,0.34461,0.429,1.0
Q9NQT8,KIF13B,1400,S,85.76441192626953,103.0,,28.95,0.5869929264622946,8,0,0.060834,0.4386,0.975125,0.35107,0.40503,1.0
O43896,KIF1C,674,S,77.78054809570312,97.0,,49.09,0.6017459266369111,8,0,-0.050072,0.42613,1.0,-0.8084,0.11637,1.0
O43896,KIF1C,915,S,73.72889709472656,104.0,,36.28,0.6339318068613546,8,0,-0.13589,0.42613,1.0,-1.2865,0.14613,1.0
Q96Q89,KIF20B,560,T,92.69204711914062,159.0,,32.31,0.6838213403701066,8,0,0.059155,0.4386,0.975125,2.0869,0.064036,0.896302
O75037,KIF21B,513,S,104.24242401123047,93.0,,32.69,0.7133202180476833,8,0,-0.10455,0.47885,1.0,0.34178,0.38815,1.0
O75037,KIF21B,1149,S,64.50794219970703,94.0,,28.389999999999997,0.7634930336560091,8,0,0.075735,0.28752,0.906709,0.07172,0.45197,1.0
O75037,KIF21B,1167,S,63.67649841308594,93.0,,26.420000000000005,0.6850766920417201,8,0,-0.52276,0.20628,1.0,-0.30874,0.39834,1.0
O75037,KIF21B,1197,S,71.78182983398438,87.0,,26.94,0.5202000722994939,8,0,0.59191,0.080482,0.870635,0.56915,0.45197,1.0
Q14807,KIF22,377,S,33.60857391357422,133.0,,84.38,0.3174492222591773,8,0,-0.69163,0.15225,1.0,-0.40113,0.368,1.0
Q02241,KIF23,867,S,24.305076599121094,114.0,,72.25,0.843611753658429,8,0,-0.058723,0.647,1.0,1.2349,0.10134,0.945616
Q5T7B8,KIF24,574,S,69.94876098632812,313.0,,33.66,0.6893756879655718,8,0,0.040209,0.47244,0.985552,-0.11285,0.43003,1.0
Q5T7B8,KIF24,636,S,69.748291015625,319.0,,31.91,0.7026079951491331,8,0,0.041387,0.2291,0.903314,0.26456,0.25986,0.961678
Q9ULI4,KIF26A,31,S,62.083885192871094,476.0,,29.05,0.6398504863473591,8,0,0.18932,0.29245,0.906709,-0.768,0.17834,1.0
Q9ULI4,KIF26A,1231,S,20.25372886657715,470.0,,25.33,0.6833688817385493,8,0,-0.49196,0.17818,1.0,-0.95088,0.080135,1.0
Q9ULI4,KIF26A,1418,S,74.44429016113281,470.0,,29.28,0.6669797401099431,8,0,0.22127,0.2785,0.906709,-0.96358,0.13209,1.0
Q86VH2,KIF27,388,S,75.46483612060547,90.0,,43.09,0.5091968771162022,8,0,0.33812,0.18869,0.887649,-0.89053,0.14613,1.0
Q99661,KIF2C,22,S,34.47697067260742,264.0,,75.38,0.8497886517922185,9,0,0.20206,0.25348,0.903314,-0.28725,0.39382,1.0
Q99661,KIF2C,519,S,11.222843170166016,354.0,,90.62,0.07541873524593201,9,0,-0.10969,0.40023,1.0,-1.259,0.084443,1.0
O14782,KIF3C,8,S,24.38032341003418,97.0,,80.88,0.4064896600309983,8,0,0.45008,0.087699,0.870635,0.42213,0.18942,0.959974
O95239,KIF4A,1016,S,73.54578399658203,89.0,,40.97,0.7032009656954132,8,0,0.2586,0.29838,0.90802,0.20521,0.68761,1.0
O95239,KIF4A,1038,S,71.34315490722656,89.0,,27.38,0.7474332120108579,8,0,0.47657,0.050306,0.870635,1.3565,0.19364,0.959974
Q2M1P5,KIF7,657,S,83.29204559326172,101.0,,28.34,0.6583100794130585,8,0,0.68079,0.027553,0.870635,1.6804,0.15693,0.959974
Q2M1P5,KIF7,1281,S,74.04187774658203,96.0,,30.05,0.6505353875239928,8,0,-0.62404,0.2301,1.0,-0.52391,0.36407,1.0
Q9BW19,KIFC1,26,S,46.36358642578125,416.0,,30.78,0.7145061591402436,8,0,-0.29059,0.17043,1.0,0.40515,0.40503,1.0
Q9BW19,KIFC1,33,S,62.09175491333008,416.0,,35.34,0.6705156735807475,8,0,0.056172,0.43657,0.975125,-0.21968,0.29795,1.0
Q8IZD2,KMT2E,845,S,44.79294204711914,146.0,44.79294204711914,28.06,0.6931314923854479,8,8,-0.13722,0.31833,1.0,-0.07792,0.36001,1.0
Q8IZD2,KMT2E,1070,S,60.556182861328125,123.0,60.556182861328125,28.23,0.3065777712839394,8,8,0.48873,0.14046,0.8792,0.38291,0.38528,1.0
Q969R5,L3MBTL2,76,T,36.376094818115234,90.0,,31.550000000000004,0.6611795898745078,4,0,0.37694,0.11347,0.870635,-1.0573,0.020227,0.959477
Q969R5,L3MBTL2,79,S,28.15704917907715,90.0,,31.45,0.6125735979983957,4,0,0.25555,0.26231,0.903314,1.6603,0.13486,0.959974
Q969R5,L3MBTL2,688,S,27.869953155517578,90.0,,31.22,0.6696317307497258,4,0,0.00024411,0.51017,0.993279,-1.7135,0.052152,1.0
P28838,LAP3,238,S,18.194650650024414,366.0,,98.69,0.40346473194072496,12,0,0.97231,0.02209,0.870635,-2.0853,0.0059512,0.638681
O95835,LATS1,464,S,63.54030227661133,734.0,63.54030227661133,35.38,0.5606546243881858,11,1,0.16269,0.34281,0.947607,-1.2542,0.052154,1.0
Q9NRM7,LATS2,528,S,30.98307991027832,681.0,33.9152717590332,28.09,0.7180202028041712,11,1,-1.4988,0.062094,0.814084,-0.49088,0.42034,1.0
P06239,LCK,94,S,26.07432746887207,273.0,,85.0,0.314841011233148,11,0,-0.47024,0.30027,1.0,0.94302,0.1138,0.959974
P06239,LCK,104,T,40.60668182373047,273.0,,94.25,0.6219821575165507,11,0,0.25089,0.31049,0.915212,-0.41641,0.3822,1.0
P06239,LCK,159,T,35.19651412963867,364.0,,84.81000000000002,0.3321583994552207,11,0,-0.21765,0.27651,1.0,-0.14806,0.41222,1.0
P06239,LCK,162,S,37.143497467041016,364.0,,90.25,0.12706303231651972,11,0,0.12921,0.21057,0.887649,0.83039,0.34312,1.0
P06239,LCK,213,S,45.96500778198242,251.0,,93.0,0.27854811679849667,11,0,-0.33336,0.34449,1.0,-0.54689,0.39231,1.0
P06239,LCK,281,S,11.734540939331055,256.0,,79.56,0.2935982508331236,11,0,-1.4663,0.0077857,0.409031,-1.9096,0.022129,0.959477
P06239,LCK,394,Y,8.668281555175781,256.0,,41.720000000000006,0.4425090690570479,11,0,-0.5839,0.0099182,0.436629,-0.48755,0.34003,1.0
P06239,LCK,414,Y,14.42210578918457,364.0,,87.75,0.6866637594525364,11,0,0.33276,0.18264,0.883851,-1.1724,0.066405,1.0
P13796,LCP1,124,Y,24.786087036132812,33.0,,93.88,0.32211726596187945,10,0,0.38494,0.12022,0.870635,-0.90415,0.092499,1.0
P13796,LCP1,290,S,23.00653648376465,33.0,,91.81,0.19191231484875243,10,0,-0.13927,0.40569,1.0,0.97635,0.17146,0.959974
O95202,LETM1,190,S,40.04656219482422,676.0,,84.0,0.739329200138337,5,0,-0.36193,0.29421,1.0,-1.3568,0.0905,1.0
P18858,LIG1,66,S,51.97554397583008,744.0,51.97554397583008,32.94,0.7425850251544793,7,5,-0.02541,0.081288,0.858283,0.11281,0.53669,1.0
P18858,LIG1,76,S,69.86769104003906,744.0,69.86769104003906,32.91,0.6607038514050558,7,5,0.33793,0.22059,0.898723,0.51434,0.34312,1.0
P18858,LIG1,199,S,52.22026824951172,744.0,52.22026824951172,30.95,0.5835943312613014,7,5,-0.0072494,0.46208,1.0,-0.051513,0.45482,1.0
P18858,LIG1,201,S,50.017208099365234,744.0,50.017208099365234,33.03,0.67495743968945,7,5,-0.0017315,0.65986,1.0,1.3149,0.3553,1.0
P18858,LIG1,417,S,30.730268478393555,573.0,30.730268478393555,91.81,0.6894692466216296,7,5,-0.22947,0.24554,1.0,1.5268,0.084098,0.911807
P18858,LIG1,801,S,18.231063842773438,744.0,18.231063842773438,90.94,0.2979908054130332,7,5,0.62828,0.1249,0.8792,-0.42586,0.20352,1.0
P18858,LIG1,911,S,24.258148193359375,720.0,29.029857635498047,31.62,0.6027398860158276,7,5,-0.42392,0.20822,1.0,-0.82084,0.21625,1.0
P49916,LIG3,210,S,55.82688903808594,528.0,58.96857833862305,27.19,0.6540767529098368,13,4,0.53607,0.064435,0.870635,0.13776,0.491,1.0
P49916,LIG3,227,S,26.786094665527344,513.0,26.786094665527344,26.610000000000003,0.7140559587788143,13,4,0.20158,0.18869,0.887649,0.39467,0.42704,1.0
P49916,LIG3,854,S,44.992591857910156,105.0,46.57075119018555,33.81,0.726266984861543,13,4,0.06904,0.68454,1.0,0.32453,0.40384,1.0
Q6MZP7,LIN54,314,S,45.313907623291016,532.0,45.313907623291016,42.56,0.6665733193622673,18,18,0.18909,0.3245,0.928594,-0.049954,0.38023,1.0
Q8IWU2,LMTK2,1107,S,37.39130783081055,150.0,,35.66,0.6111294382580501,11,0,0.17284,0.37462,0.956823,2.5542,0.038222,0.883805
Q8IWU2,LMTK2,1397,S,78.9258041381836,265.0,,36.97,0.7184758350806403,11,0,-2.0472,0.032051,0.752536,-0.1065,0.68059,1.0
Q8IWU2,LMTK2,1450,S,32.236305236816406,143.0,,39.75,0.6384998852630712,11,0,-0.22715,0.12647,1.0,0.09862,0.51522,1.0
Q9UIQ6,LNPEP,46,Y,64.72342681884766,487.0,,26.579999999999995,0.7245012447150025,10,0,0.050861,0.45051,0.985208,0.63027,0.33902,1.0
Q9UIQ6,LNPEP,91,S,68.19770812988281,428.0,,34.53,0.7374075183146458,10,0,-1.7042,0.053951,0.813034,-1.6178,0.052154,1.0
Q14693,LPIN1,248,S,38.324928283691406,800.0,,37.66,0.6655520382614344,3,0,0.45855,0.21057,0.887649,-1.0497,0.15634,1.0
Q14693,LPIN1,252,S,40.31159591674805,800.0,,37.31,0.685955202957702,3,0,0.012413,0.48859,0.993279,1.5707,0.17156,0.959974
Q14693,LPIN1,441,S,62.086185455322266,680.0,,43.56,0.6151483257272398,3,0,-0.076333,0.40218,1.0,0.092757,0.51314,1.0
Q14693,LPIN1,889,S,52.438812255859375,678.0,,44.16,0.7875803339229713,3,0,0.22637,0.21451,0.887649,-0.44797,0.21232,1.0
Q92539,LPIN2,106,S,35.29587173461914,691.0,,82.31,0.21846505595689336,3,0,0.42576,0.088297,0.870635,0.26604,0.44309,1.0
Q92539,LPIN2,384,S,38.12840270996094,811.0,,31.329999999999995,0.5999889048049473,3,0,-0.3045,0.23817,1.0,1.0211,0.23142,0.959974
Q9H089,LSG1,252,S,20.718910217285156,215.0,,32.34,0.5811234585050833,16,0,0.0072085,0.50816,0.993279,-0.55677,0.23012,1.0
Q9NX58,LYAR,244,S,55.649452209472656,21.0,,37.56,0.7534454501529201,8,0,0.59731,0.047403,0.870635,1.4484,0.032942,0.883805
P45985,MAP2K4,20,T,63.86553955078125,229.0,,43.44,0.7843082499275353,11,0,-2.2966,0.0030825,0.215529,-0.31553,0.55738,1.0
P45985,MAP2K4,26,S,57.68046569824219,229.0,,39.97,0.6929170533514158,11,0,-0.6576,0.20152,1.0,-0.33483,0.20442,1.0
P45985,MAP2K4,80,S,17.402780532836914,131.0,,41.81,0.6180912886517639,11,0,0.27178,0.17066,0.88222,0.76397,0.31911,1.0
P45985,MAP2K4,394,S,11.134200096130371,108.0,,30.8,0.391731227941342,11,0,-0.51642,0.30027,1.0,-0.96591,0.24626,1.0
O14733,MAP2K7,35,S,20.679576873779297,133.0,,29.25,0.6533683339006221,11,0,-0.39034,0.16446,1.0,0.54374,0.32911,1.0
O14733,MAP2K7,61,S,52.26854705810547,133.0,,43.91,0.7649426253113945,11,0,-1.148,0.13237,1.0,-0.60427,0.40624,1.0
Q13233,MAP3K1,21,S,61.390201568603516,1251.0,,34.34,0.6799757184525959,11,0,0.41143,0.37015,0.956823,0.28026,0.044451,0.883805
Q13233,MAP3K1,292,S,24.651533126831055,1256.0,,31.920000000000005,0.5063304474423875,11,0,-0.0621,0.56945,1.0,0.68944,0.032941,0.883805
Q02779,MAP3K10,589,S,48.219791412353516,222.0,,32.09,0.7059354890144566,11,0,-0.18485,0.4057,1.0,-0.46841,0.30115,1.0
Q16584,MAP3K11,21,S,49.75905990600586,241.0,56.114742279052734,38.16,0.7787679030412359,11,1,0.057818,0.33706,0.943235,1.1928,0.12379,0.959974
Q16584,MAP3K11,745,T,56.55572509765625,127.0,56.74747848510742,36.94,0.7939617066093684,11,1,0.020151,0.4945,0.993279,1.0999,0.1856,0.959974
Q16584,MAP3K11,758,S,60.81053924560547,128.0,64.76068878173828,42.91,0.6696644843866819,11,1,0.35805,0.30985,0.915212,1.6247,0.17026,0.959974
Q12852,MAP3K12,13,S,27.015972137451172,133.0,,34.22,0.6743098256993371,11,0,-0.032201,0.70835,1.0,-0.92979,0.077832,1.0
Q9NYL2,MAP3K20,593,S,73.3871841430664,27.0,78.83606719970703,30.31,0.7162412911653308,11,1,0.40391,0.09256,0.870635,-0.3817,0.45001,1.0
Q9Y6R4,MAP3K4,77,T,64.82968139648438,1349.0,,28.88,0.7190406397050877,11,0,-0.37015,0.068203,0.826886,-0.54529,0.16837,1.0
Q9Y6R4,MAP3K4,431,S,38.7440185546875,1349.0,,39.16,0.6155219928379596,11,0,0.039623,0.46657,0.985552,0.21292,0.467,1.0
Q9Y6R4,MAP3K4,447,T,56.2004508972168,1349.0,,29.949999999999996,0.6806792362944568,11,0,0.22138,0.21849,0.893019,1.6721,0.12752,0.959974
Q12851,MAP4K2,298,S,29.48617172241211,22.0,,32.5,0.4266954110985822,11,0,-0.61749,0.064554,0.826886,-0.48464,0.28112,1.0
Q12851,MAP4K2,328,S,46.64507293701172,29.0,,80.0,0.0,11,0,-1.6133,0.020571,0.644867,-0.21959,0.32883,1.0
O95819,MAP4K4,175,S,8.77792739868164,153.0,,37.84,0.27497942969073624,11,0,0.62334,0.13848,0.8792,-0.1998,0.40624,1.0
O95819,MAP4K4,600,S,60.747779846191406,153.0,,27.329999999999995,0.6109593463512828,11,0,0.59718,0.10026,0.870635,-0.9828,0.11105,1.0
O95819,MAP4K4,771,S,30.114089965820312,38.0,,32.09,0.7249601633910084,11,0,0.37927,0.14046,0.8792,-0.35009,0.25016,1.0
Q9Y4K4,MAP4K5,433,S,62.03234100341797,31.0,67.00557708740234,30.8,0.7949431731493214,11,1,0.24201,0.13848,0.8792,-1.0031,0.059783,1.0
Q9Y4K4,MAP4K5,436,S,61.397159576416016,31.0,66.21917724609375,31.47,0.6548179255560076,11,1,0.062982,0.47244,0.985552,1.0622,0.17348,0.959974
P28482,MAPK1,187,Y,6.752336502075195,36.0,,52.69,0.17495202188835063,11,0,-0.54543,0.15225,1.0,-2.1235,0.016086,0.87425
P28482,MAPK1,360,S,23.960479736328125,54.0,,62.59000000000002,1.0016084881726905,11,0,0.19456,0.36264,0.956823,2.5897,0.032107,0.883805
Q13164,MAPK7,720,S,21.514957427978516,61.0,,37.53,0.7240105511393568,11,0,0.3843,0.13755,0.8792,0.74766,0.32393,1.0
Q13164,MAPK7,731,S,18.490793228149414,63.0,,28.0,0.6834570084795673,11,0,-0.46416,0.13528,1.0,0.57854,0.44277,1.0
Q13164,MAPK7,733,T,13.275588035583496,63.0,,29.949999999999996,0.6712584766498723,11,0,0.13782,0.31948,0.917811,0.97752,0.48365,1.0
P49137,MAPKAPK2,67,S,6.648055076599121,70.0,,93.06,0.7208258274588842,14,0,-0.52609,0.13899,1.0,-0.26494,0.3893,1.0
Q7KZI7,MARK2,43,S,21.301300048828125,66.0,,38.72,0.7768626791093814,11,0,0.20613,0.29245,0.906709,0.83449,0.25539,0.959974
Q7KZI7,MARK2,366,S,15.355690002441406,59.0,,47.56,0.40525450740964497,11,0,-0.50934,0.28031,1.0,2.1241,0.038222,0.883805
Q7KZI7,MARK2,390,S,44.821983337402344,82.0,,39.53,0.6776202941593121,11,0,-0.40297,0.28423,1.0,-0.31801,0.44662,1.0
Q96L34,MARK4,438,S,52.58433532714844,181.0,,37.03,0.7196672080882404,11,0,0.17732,0.33377,0.943235,0.82507,0.25163,0.959974
Q96L34,MARK4,458,S,44.496952056884766,181.0,,32.78,0.6690387602034457,11,0,0.24203,0.20219,0.887649,1.8201,0.13259,0.959974
P56192,MARS,209,S,36.19934844970703,596.0,,52.220000000000006,0.6295173624745685,1,0,-0.13573,0.4057,1.0,-0.4564,0.045607,1.0
Q6P0Q8,MAST2,66,S,59.148292541503906,522.0,,23.67,0.662158874975481,11,0,0.072392,0.4565,0.985208,2.6125,0.016163,0.725671
Q6P0Q8,MAST2,148,S,28.935394287109375,518.0,,28.03,0.749640434204251,11,0,0.68963,0.26447,0.903314,-1.1037,0.22008,1.0
Q6P0Q8,MAST2,846,S,14.085371017456055,541.0,,70.0,0.055301110919366216,11,0,0.39606,0.1686,0.88222,2.1813,0.064036,0.896302
Q6P0Q8,MAST2,876,S,48.54016876220703,518.0,,30.12,0.49392743964601504,11,0,0.33751,0.16054,0.88222,0.51801,0.38528,1.0
Q6P0Q8,MAST2,900,S,71.62831115722656,541.0,,28.75,0.7220172004664843,11,0,0.00046481,0.51017,0.993279,0.17652,0.47697,1.0
Q6P0Q8,MAST2,1035,S,65.0387191772461,635.0,,27.5,0.5961401092425249,11,0,-0.3103,0.21223,1.0,0.080404,0.50919,1.0
Q6P0Q8,MAST2,1364,S,60.18320846557617,518.0,,35.12,0.7060065903501263,11,0,-0.58773,0.15225,1.0,1.2691,0.13371,0.959974
Q6P0Q8,MAST2,1381,S,57.693695068359375,520.0,,26.670000000000005,0.6333715899520306,11,0,0.46325,0.070676,0.870635,-0.21589,0.34918,1.0
Q6P0Q8,MAST2,1644,S,56.70682144165039,635.0,,26.7,0.6898094304351642,11,0,0.25098,0.26217,0.903314,-0.60899,0.28077,1.0
O60307,MAST3,47,S,80.81293487548828,490.0,,35.91,0.7443693687083596,11,0,1.1148,0.04694,0.870635,-0.52936,0.16721,1.0
O60307,MAST3,50,S,78.02794647216797,490.0,,28.44,0.7346511051887258,11,0,0.18284,0.2903,0.906709,-1.5214,0.051338,1.0
O60307,MAST3,348,S,44.97830581665039,396.0,,35.31,0.4762260446318347,11,0,0.076992,0.38253,0.956823,1.0245,0.28515,0.996152
O60307,MAST3,711,S,21.419921875,396.0,,46.66,0.3044143287042996,11,0,0.17568,0.11263,0.870635,1.6254,0.15693,0.959974
O60307,MAST3,728,S,46.30751037597656,373.0,,27.41,0.554807046237851,11,0,0.2074,0.31789,0.915212,-0.17175,0.18942,1.0
O60307,MAST3,754,S,59.38583755493164,396.0,,25.97,0.5824083901687412,11,0,0.30823,0.33706,0.943235,-0.17445,0.56138,1.0
O60307,MAST3,793,S,35.05633544921875,490.0,,32.41,0.6515566686248256,11,0,0.0087577,0.66148,1.0,0.035048,0.38815,1.0
O60307,MAST3,900,S,61.1962890625,490.0,,29.670000000000005,0.6378795929948746,11,0,0.19053,0.11895,0.870635,-0.22645,0.48779,1.0
O60307,MAST3,1160,S,48.83571243286133,373.0,,36.16,0.6778839447221373,11,0,-0.79052,0.039931,0.76866,-0.83655,0.1884,1.0
O60307,MAST3,1203,S,61.28838348388672,396.0,,33.03,0.7519958584975347,11,0,-0.03076,0.32664,1.0,0.97652,0.069744,0.896302
O60307,MAST3,1215,S,59.48641586303711,378.0,,28.77,0.7498324159178948,11,0,0.34258,0.74983,1.0,0.7965,0.0098901,0.725671
Q96GX5,MASTL,677,S,37.27498245239258,43.0,,34.94,0.7659639064122271,11,0,-0.73733,0.039932,0.76866,-0.98277,0.14612,1.0
Q9NZL9,MAT2B,309,T,10.872175216674805,185.0,10.872175216674805,98.56000000000002,0.20884138996356633,13,13,0.32733,0.15854,0.88222,-0.68838,0.17039,1.0
Q9UIS9,MBD1,297,S,22.622417449951172,237.0,66.00679779052734,37.16,0.6751002098743009,24,8,-0.63194,0.18034,1.0,-0.53839,0.3822,1.0
Q9UIS9,MBD1,311,S,25.418075561523438,243.0,56.680511474609375,41.62,0.6660022386228637,24,8,-0.51999,0.29883,1.0,0.39419,0.13114,0.959974
Q6ZNC8,MBOAT1,488,S,41.01163101196289,350.0,,37.19,0.6774502022525449,2,0,0.3474,0.082354,0.870635,0.36009,0.44113,1.0
Q7L590,MCM10,261,S,29.877016067504883,390.0,,91.38,0.2919566774640943,12,0,-0.23932,0.30985,1.0,-0.30118,0.52778,1.0
P49736,MCM2,139,S,91.5611343383789,530.0,91.5611343383789,34.0,0.581535311167799,2,2,0.14974,0.29844,0.90802,-0.35005,0.24019,1.0
P49736,MCM2,170,S,62.102046966552734,531.0,62.102046966552734,56.720000000000006,0.6431452265757263,2,2,-0.16762,0.48165,1.0,1.4147,0.055928,0.883805
P49736,MCM2,381,S,18.070755004882812,530.0,18.070755004882812,83.44,0.1455664049959726,2,2,0.087322,0.2569,0.903314,-0.0028625,0.64263,1.0
P25205,MCM3,728,S,33.374324798583984,664.0,33.374324798583984,30.22,0.6094932968040605,7,7,-0.10113,0.40023,1.0,0.031301,0.53101,1.0
P33991,MCM4,110,T,76.68151092529297,517.0,76.68151092529297,35.19,0.7083579095975855,8,8,-0.14002,0.35449,1.0,0.31471,0.41109,1.0
P33991,MCM4,131,S,70.64765167236328,517.0,70.64765167236328,35.31,0.669208852110213,8,8,-0.28012,0.21419,1.0,-0.37876,0.28599,1.0
P33991,MCM4,142,S,73.15580749511719,517.0,73.15580749511719,38.03,0.42610244055230206,8,8,0.0080809,0.51017,0.993279,-0.33547,0.37016,1.0
P33992,MCM5,483,S,11.456207275390625,371.0,11.456207275390625,90.19,0.006912638864920777,1,1,-1.4269,0.0012635,0.115527,-0.55267,0.16006,1.0
Q14566,MCM6,13,S,71.18708038330078,403.0,71.18708038330078,31.420000000000005,0.7032726345445945,9,9,-0.87298,0.21223,1.0,-1.8058,0.042079,1.0
Q14566,MCM6,138,S,25.393478393554688,403.0,25.393478393554688,87.62,0.013825277729841554,9,9,0.057875,0.4245,0.975125,1.3227,0.19757,0.959974
Q14566,MCM6,278,T,73.89313507080078,403.0,73.89313507080078,40.75,0.7877322936787711,9,9,-0.18207,0.30637,1.0,1.9904,0.070035,0.896302
P33993,MCM7,156,S,36.48231887817383,388.0,36.48231887817383,85.38,0.041475833189524657,8,8,-0.64693,0.0096631,0.427423,0.98681,0.20962,0.959974
Q6DN12,MCTP2,11,S,49.22322463989258,585.0,,54.220000000000006,0.40247077256180863,10,0,-0.43257,0.082227,0.858283,2.9001,0.026064,0.827751
Q6DN12,MCTP2,77,S,30.768930435180664,216.0,,28.59,0.6289906288624298,10,0,0.52335,0.19264,0.887649,-0.30264,0.37829,1.0
Q14680,MELK,529,S,5.061628818511963,22.0,,32.47,0.41612595838488287,11,0,0.72399,0.015901,0.870635,-0.24114,0.24019,1.0
Q7L2J0,MEPCE,69,S,73.13750457763672,433.0,73.13750457763672,47.06,0.6693516222950638,10,10,-0.47259,0.15425,1.0,-0.45234,0.29989,1.0
Q7L2J0,MEPCE,152,S,39.87944412231445,475.0,39.87944412231445,41.31,0.6609182904390879,10,10,0.1584,0.64583,1.0,0.643,0.33752,1.0
Q7L2J0,MEPCE,254,S,5.898373603820801,422.0,5.898373603820801,50.81,0.22234117324123212,10,10,-0.054242,0.36441,1.0,1.2573,0.23937,0.959974
Q7L2J0,MEPCE,360,S,54.155338287353516,422.0,54.155338287353516,39.41,0.7064349009046789,10,10,0.056493,0.44465,0.975125,-0.65482,0.22215,1.0
Q9UBP6,METTL1,27,S,3.6517891883850098,108.0,3.6517891883850098,80.38,0.22291225398063563,10,9,-0.94617,0.051921,0.806728,-1.5316,0.052154,1.0
Q86W50,METTL16,419,S,93.9951400756836,82.0,93.9951400756836,40.12,0.6708012139504492,6,6,0.3322,0.16554,0.88222,0.60935,0.53247,1.0
Q86W50,METTL16,498,S,39.22886276245117,82.0,39.22886276245117,27.48,0.7143196093416395,6,6,0.22012,0.32268,0.924481,-0.17782,0.28486,1.0
Q6P1Q9,METTL2B,4,S,56.00537109375,260.0,,35.88,0.6937682425454812,7,0,0.34969,0.14046,0.8792,2.3634,0.056134,0.883805
Q6P1Q9,METTL2B,154,T,33.30548858642578,213.0,,26.25,0.7657043227153306,7,0,-0.73741,0.029989,0.709362,0.12398,0.49298,1.0
Q86U44,METTL3,4,T,32.5333366394043,513.0,32.5333366394043,76.43999999999998,0.5218812254937479,10,10,-0.026144,0.44998,1.0,0.55778,0.40108,1.0
Q86U44,METTL3,43,S,38.45427703857422,377.0,38.45427703857422,37.38,0.6533410121787058,10,10,0.17709,0.29245,0.906709,0.038598,0.53101,1.0
Q86U44,METTL3,58,S,50.67945098876953,378.0,50.67945098876953,35.59,0.7457916386418287,10,10,-1.0012,0.16244,1.0,-1.9124,0.032041,1.0
Q8TDZ2,MICAL1,617,S,58.146514892578125,181.0,74.37055206298828,29.95,0.743611738170352,18,8,0.73034,0.013963,0.870635,-0.15687,0.25815,1.0
Q7RTP6,MICAL3,649,S,30.293333053588867,116.0,,35.28,0.41669703912428635,18,0,-0.2585,0.33053,1.0,-1.087,0.14612,1.0
Q7RTP6,MICAL3,1176,T,51.78630828857422,117.0,,27.38,0.6059360712067224,18,0,0.35619,0.062595,0.870635,0.4798,0.65986,1.0
Q7RTP6,MICAL3,1310,S,38.6485481262207,298.0,,28.94,0.7359360368523837,18,0,0.80092,0.046389,0.870635,-0.93307,0.14002,1.0
Q7RTP6,MICAL3,1457,S,7.311394214630127,118.0,,30.75,0.48587263930228725,18,0,0.12931,0.41651,0.975125,-1.3378,0.080424,1.0
Q7RTP6,MICAL3,1745,S,47.453407287597656,97.0,,29.2,0.8174381115760475,18,0,-0.22611,0.2642,1.0,-0.97434,0.1044,1.0
Q8N5J2,MINDY1,103,S,31.24095344543457,137.0,,41.59,0.5331632970051904,2,0,0.46801,0.074909,0.870635,-0.0079581,0.38203,1.0
Q8NBR6,MINDY2,62,S,31.5568790435791,448.0,,33.69,0.7001152325860382,2,0,-2.9571,0.037912,0.76866,-2.2932,0.01403,0.87425
Q8N4C8,MINK1,565,T,57.052093505859375,54.0,,32.22,0.7061312510091331,11,0,-0.0077575,0.48377,1.0,-0.74728,0.18234,1.0
Q8N4C8,MINK1,601,S,35.01301574707031,153.0,,36.38,0.5181793999047051,11,0,-0.21365,0.20423,1.0,0.64735,0.34511,1.0
Q8N4C8,MINK1,674,S,38.354835510253906,153.0,,28.88,0.5962555577054593,11,0,-0.22423,0.36246,1.0,-1.1192,0.16837,1.0
Q8N4C8,MINK1,763,S,70.74344635009766,38.0,,31.139999999999997,0.6694725026730382,11,0,0.14301,0.40656,0.969392,0.88978,0.21362,0.959974
Q8N4C8,MINK1,927,S,93.61257934570312,35.0,,34.59,0.660561081220205,11,0,-0.092587,0.5799,1.0,1.3475,0.18585,0.959974
P55198,MLLT6,382,S,59.42720413208008,35.0,,32.88,0.7432053174226758,8,0,-0.32024,0.4057,1.0,-0.97986,0.25924,1.0
P55198,MLLT6,423,S,75.45087432861328,11.0,,38.72,0.6942238748219502,8,0,-0.68824,0.14044,1.0,-2.0319,0.024128,0.959477
Q7L9L4,MOB1B,38,S,26.30788230895996,166.0,,68.12,0.5259651177705679,4,0,-0.22029,0.30027,1.0,-0.5094,0.23219,1.0
Q9Y6X9,MORC2,615,S,21.38882064819336,427.0,21.38882064819336,34.44,0.6751002098743009,16,12,0.62286,0.14046,0.8792,-0.12455,0.44258,1.0
Q9Y6X9,MORC2,733,T,32.298336029052734,536.0,36.54180145263672,35.0,0.7546158887937499,16,12,-0.23742,0.28624,1.0,0.0024891,0.54115,1.0
Q14149,MORC3,514,S,100.40322875976562,413.0,,34.28,0.5156593156196938,4,0,0.033433,0.47635,0.985767,-0.75535,0.2143,1.0
Q14149,MORC3,765,S,58.32817840576172,413.0,,58.220000000000006,0.30433779545359013,4,0,-0.65177,0.051921,0.806728,0.093996,0.49901,1.0
P49959,MRE11,670,S,56.652217864990234,217.0,56.652217864990234,35.69,0.6000878953760449,8,7,0.27809,0.17667,0.88222,1.5896,0.13964,0.959974
P52701,MSH6,43,S,65.38191986083984,1138.0,,41.81,0.729808350247387,8,0,0.21147,0.34256,0.947607,0.57349,0.11638,0.959974
P52701,MSH6,65,S,82.10365295410156,1141.0,,36.91,0.6489484575987963,8,0,-0.27944,0.11954,0.995368,0.7425,0.33706,1.0
P52701,MSH6,137,S,30.562671661376953,1137.0,,67.12,0.552144191767989,8,0,0.10396,0.39752,0.956823,2.1023,0.067291,0.896302
P80297,MT1X,8,S,1.3350088596343994,7.0,,73.88,0.3111349858555765,20,0,0.46568,0.14113,0.8792,-0.15039,0.46383,1.0
P02795,MT2A,6,S,1.3325337171554565,7.0,1.3325337171554565,77.12,0.6623181030521688,20,20,0.35255,0.21057,0.887649,-0.013652,0.43864,1.0
P13995,MTHFD2,22,S,47.07472610473633,311.0,47.07472610473633,43.22,0.5881296560260618,17,17,0.1138,0.41843,0.975125,-0.91558,0.17039,1.0
Q13613,MTMR1,46,T,42.81289291381836,484.0,45.458030700683594,26.31,0.6735294828369462,11,5,0.0051483,0.30118,0.90802,1.0178,0.11638,0.959974
Q8NCE2,MTMR14,624,S,17.216766357421875,382.0,,34.16,0.6593751401276445,6,0,-0.24434,0.070261,0.826886,0.96999,0.31911,1.0
Q13614,MTMR2,631,S,72.21241760253906,423.0,72.21241760253906,46.06,0.6380661427934787,12,12,-0.14277,0.39626,1.0,0.22961,0.4111,1.0
Q13615,MTMR3,652,S,45.091651916503906,1144.0,,31.02,0.6167352556524363,20,0,-0.05232,0.42414,1.0,1.153,0.22349,0.959974
P42345,MTOR,1262,T,43.00475311279297,2245.0,43.00475311279297,79.0,0.17148953369915187,17,17,0.7016,0.096363,0.870635,0.67173,0.29717,1.0
P42345,MTOR,2454,S,40.057952880859375,2357.0,40.057952880859375,32.22,0.6758359506054319,17,17,0.19454,0.26253,0.903314,2.6528,0.046185,0.883805
Q9UIF7,MUTYH,24,S,40.41725540161133,131.0,,27.75,0.7303739990717507,5,0,-0.00051312,0.48983,1.0,-0.52566,0.25815,1.0
P53602,MVD,96,S,22.791568756103516,160.0,,62.529999999999994,0.6795419759830034,12,0,-0.074842,0.27078,1.0,-0.48309,0.17625,1.0
P53602,MVD,222,S,6.930285453796387,24.0,,98.44,0.04940975315527823,12,0,0.052412,0.4386,0.975125,0.84543,0.27306,0.985584
P35579,MYH9,630,T,44.60972213745117,176.0,,33.84,0.6690367131011358,8,0,-0.91618,0.14825,1.0,-1.8728,0.02611,0.959477
Q15746,MYLK,305,S,102.7335205078125,1477.0,,27.3,0.735699708011475,11,0,0.51139,0.012557,0.870635,-0.83476,0.08948,1.0
B0I1T2,MYO1G,737,Y,70.72046661376953,107.0,,94.94000000000001,0.5067544238090133,8,0,0.20194,0.46058,0.985552,0.30385,0.4578,1.0
B0I1T2,MYO1G,1010,S,131.87026977539062,109.0,,88.94,0.24041623536613238,8,0,-0.27765,0.33053,1.0,-0.79108,0.27011,1.0
Q6PIF6,MYO7B,904,S,76.7920913696289,165.0,,27.110000000000003,0.6111021165361337,8,0,-0.32373,0.072688,0.834482,-0.4404,0.10716,1.0
B2RTY4,MYO9A,1219,S,96.01750183105469,246.0,,29.44,0.6461209431372066,8,0,0.39839,0.13848,0.8792,-0.48058,0.17436,1.0
B2RTY4,MYO9A,2464,S,42.948516845703125,246.0,,25.829999999999995,0.7774064381268686,8,0,-0.0024548,0.48983,1.0,1.1899,0.19364,0.959974
Q13459,MYO9B,1043,S,142.61244201660156,246.0,,76.31,0.35880960698576747,8,0,0.23011,0.26231,0.903314,0.35105,0.40983,1.0
Q13459,MYO9B,1115,S,78.20320129394531,246.0,,28.8,0.7222535293073931,8,0,-0.18097,0.26465,1.0,0.18706,0.68261,1.0
Q13459,MYO9B,1261,S,65.34040069580078,244.0,,28.53,0.6131774323747553,8,0,0.52127,0.13848,0.8792,0.56451,0.32911,1.0
Q13459,MYO9B,1281,S,74.82312774658203,243.0,,27.610000000000003,0.7409980952292827,8,0,-0.13028,0.40617,1.0,-1.0178,0.20633,1.0
Q5VVJ2,MYSM1,110,S,57.99625778198242,656.0,,31.170000000000005,0.609202324519319,3,0,-0.78117,0.021905,0.644867,-0.70845,0.15634,1.0
Q9H0A0,NAT10,987,S,80.6488037109375,725.0,,40.81,0.5703620240777401,22,0,-0.33824,0.056577,0.814084,0.7444,0.48389,1.0
Q9H0A0,NAT10,990,S,90.853759765625,725.0,,37.59,0.6646516375385758,22,0,0.14407,0.35861,0.952795,0.28386,0.42704,1.0
Q9Y618,NCOR2,67,S,47.136661529541016,471.0,47.136661529541016,33.5,0.7627080813960848,3,3,0.37295,0.19204,0.887649,-0.30183,0.51067,1.0
Q9Y618,NCOR2,215,S,93.33680725097656,471.0,93.33680725097656,37.19,0.6884971770495898,3,3,-3.3163,0.047932,0.806728,0.23332,0.11971,0.959974
Q9Y618,NCOR2,2044,S,38.890384674072266,470.0,38.890384674072266,25.02,0.5262068785265164,3,3,0.19963,0.25923,0.903314,0.081296,0.85787,1.0
Q8TAT5,NEIL3,450,S,32.2049674987793,556.0,,29.75,0.6065941134932896,11,0,-0.59905,0.21619,1.0,-1.0488,0.16837,1.0
Q96PY6,NEK1,439,S,61.079689025878906,128.0,,40.59,0.7647944232115037,11,0,0.35997,0.13848,0.8792,1.1199,0.22553,0.959974
Q96PY6,NEK1,868,S,75.23295593261719,33.0,,24.53,0.7067204412743807,11,0,-0.034763,0.5534,1.0,1.5016,0.18585,0.959974
Q96PY6,NEK1,881,S,75.56175994873047,33.0,,18.69,0.6960082183758305,11,0,-0.034686,0.53995,1.0,-1.8242,0.00043558,0.108751
P51957,NEK4,340,S,48.75553894042969,35.0,,32.22,0.6280458810123064,11,0,-0.12293,0.36246,1.0,-0.066262,0.43653,1.0
Q8TD19,NEK9,829,S,26.35252571105957,60.0,,31.53,0.6676164902699766,11,0,-0.08721,0.49943,1.0,0.56917,0.63294,1.0
Q8TD19,NEK9,869,S,53.938011169433594,176.0,,24.34,0.6858343225797278,11,0,-1.671,0.021904,0.644867,-0.66439,0.27204,1.0
Q8N4C6,NIN,152,S,17.134052276611328,421.0,,28.84,0.6021742371914638,17,0,0.20842,0.20049,0.887649,1.9046,0.12563,0.959974
Q969F2,NKD2,31,S,43.63804626464844,143.0,,43.22,0.801998582199093,4,0,-0.3639,0.15839,1.0,-0.40779,0.24019,1.0
Q969F2,NKD2,286,S,50.59714126586914,134.0,,57.220000000000006,0.6418930485490245,4,0,-1.3213,0.17541,1.0,0.80531,0.0065081,0.67882
Q969F2,NKD2,299,S,78.71430969238281,134.0,,49.69,0.600225233645856,4,0,-1.869,0.076363,0.834482,-1.6425,0.056241,1.0
Q9UBE8,NLK,522,S,14.355033874511719,264.0,,43.62,0.42930905403965136,11,0,0.34841,0.23055,0.903314,-0.54076,0.24626,1.0
O00746,NME4,30,S,28.990093231201172,121.0,,38.09,0.7123924956029084,8,0,0.92425,0.046389,0.870635,-1.5188,0.052154,1.0
P30419,NMT1,47,S,40.42625045776367,256.0,40.42625045776367,38.81,0.7292153797011068,11,11,0.32018,0.13848,0.8792,1.4042,0.17964,0.959974
O60551,NMT2,38,S,38.11326599121094,260.0,38.11326599121094,35.53,0.7995277094428749,8,8,0.13156,0.28752,0.906709,0.27348,0.59459,1.0
Q9ULX3,NOB1,184,S,56.61750411987305,270.0,56.61750411987305,30.09,0.5287434207033644,4,4,0.23977,0.28045,0.906709,0.7522,0.28313,0.995855
Q9ULX3,NOB1,201,S,28.958839416503906,270.0,28.958839416503906,35.91,0.6766871397994975,4,4,0.020051,0.52358,1.0,0.65702,0.26697,0.970407
Q5SY16,NOL9,93,S,68.60279083251953,311.0,,39.84,0.7093067624935335,8,0,0.62788,0.28752,0.906709,-0.53286,0.079324,1.0
Q5SY16,NOL9,97,S,65.65184783935547,311.0,,37.38,0.7752265376553918,8,0,0.29258,0.091881,0.870635,0.21275,0.67642,1.0
P46087,NOP2,58,S,30.0443172454834,517.0,,41.78,0.5955963502250378,11,0,0.47142,0.0665,0.870635,1.425,0.17964,0.959974
P46087,NOP2,67,S,53.6639518737793,517.0,,30.889999999999997,0.6761214909751336,11,0,-0.038965,0.49643,1.0,1.6265,0.22728,0.959974
P46087,NOP2,181,S,45.905364990234375,395.0,,27.47,0.5296492533412629,11,0,-0.45222,0.15635,1.0,-0.73009,0.19433,1.0
P46087,NOP2,603,T,37.67483139038086,443.0,,28.300000000000004,0.7125933609769787,11,0,0.077189,0.34874,0.95101,1.0116,0.30723,1.0
P46087,NOP2,646,S,46.32157516479492,443.0,,29.53,0.6230276022491605,11,0,0.05667,0.41254,0.975125,0.70151,0.35522,1.0
P46531,NOTCH1,1861,T,47.363914489746094,508.0,,28.17000000000001,0.6512441935170887,16,0,0.031892,0.47442,0.985552,1.1916,0.1836,0.959974
P46531,NOTCH1,1941,S,43.48806381225586,508.0,,83.62,0.3241309641982291,16,0,-0.64573,0.20628,1.0,0.007139,0.53503,1.0
P46531,NOTCH1,2121,S,61.55160903930664,452.0,,25.889999999999997,0.608466583788188,16,0,-0.080871,0.42414,1.0,-0.027492,0.40825,1.0
P46531,NOTCH1,2141,S,58.464752197265625,435.0,,24.75,0.3469995697356751,16,0,2.3292,0.0059355,0.870635,-1.4122,0.092498,1.0
Q99743,NPAS2,812,S,86.22923278808594,119.0,,39.84,0.5734531891021548,2,0,-0.012877,0.464,1.0,0.25595,0.467,1.0
P20393,NR1D1,280,S,37.73688507080078,602.0,,51.62,0.6136495225430614,2,0,0.53435,0.12022,0.870635,1.7004,0.0080002,0.911807
O43847,NRDC,86,S,53.2154655456543,236.0,,27.579999999999995,0.5681766916912236,4,0,0.2198,0.26447,0.903314,0.6882,0.31911,1.0
Q96L73,NSD1,938,S,77.80108642578125,2065.0,77.80108642578125,28.579999999999995,0.675693180420581,11,2,0.18893,0.35467,0.95101,-1.3845,0.038108,1.0
Q96L73,NSD1,1507,T,83.44649505615234,1954.0,88.88446044921875,24.31,0.7165369364807652,11,2,-0.57676,0.10036,0.937448,-1.6911,0.026109,0.959477
Q96L73,NSD1,2426,S,23.057859420776367,1996.0,23.125370025634766,25.77,0.5659749014128702,11,2,0.020542,0.33431,0.943235,0.30203,0.49541,1.0
Q96L73,NSD1,2471,S,50.87904357910156,2065.0,50.87904357910156,27.55,0.42026029431700707,11,2,0.34188,0.1023,0.870635,0.80405,0.31321,1.0
Q96L73,NSD1,2573,S,83.0160140991211,2065.0,83.0160140991211,33.75,0.6147862521068287,11,2,-0.30917,0.083938,0.873128,-0.85191,0.079323,1.0
O96028,NSD2,115,T,61.064266204833984,1115.0,61.064266204833984,25.5,0.671362514508912,20,20,0.21283,0.32041,0.918808,0.61489,0.31911,1.0
O96028,NSD2,194,S,48.00967025756836,1193.0,48.00967025756836,37.94,0.6755339523438932,20,20,0.6281,0.012,0.870635,0.98302,0.28107,0.994523
O96028,NSD2,422,T,32.7796630859375,1046.0,32.7796630859375,32.88,0.6911489956441632,20,20,0.47579,0.080367,0.870635,1.3314,0.1856,0.959974
O96028,NSD2,437,S,34.21034622192383,1016.0,34.21034622192383,26.06,0.7329214050786783,20,20,-0.018215,0.076524,0.834482,-0.63466,0.24019,1.0
O96028,NSD2,580,S,42.51203536987305,1192.0,42.51203536987305,33.5,0.619969190861702,20,20,-0.47982,0.30027,1.0,-1.8031,0.052152,1.0
O96028,NSD2,1214,S,18.945600509643555,1144.0,18.945600509643555,38.16,0.6080382732336352,20,20,-0.42034,0.22615,1.0,0.31087,0.38931,1.0
Q08J23,NSUN2,743,S,67.68602752685547,187.0,,24.2,0.6705648851095405,11,0,0.23057,0.31838,0.915212,-0.098099,0.38023,1.0
Q08J23,NSUN2,751,S,52.46492385864258,187.0,,21.92,0.6993521701329908,11,0,-0.060435,0.44998,1.0,0.11323,0.48103,1.0
P53384,NUBP1,41,T,16.20684051513672,31.0,,81.56000000000002,0.5717165289385255,14,0,-0.041969,0.43612,1.0,-0.94518,0.078453,1.0
Q8NFP7,NUDT10,150,T,26.226579666137695,133.0,,38.160000000000004,0.6625253604949526,16,0,-0.04565,0.42613,1.0,0.45272,0.40108,1.0
Q9BRQ3,NUDT22,290,T,21.988990783691406,274.0,21.988990783691406,56.59000000000002,0.8662109585522123,12,10,0.56064,0.10098,0.870635,0.61544,0.33706,1.0
Q9UKK9,NUDT5,3,S,41.60845947265625,46.0,41.60845947265625,45.62,0.7206830572740334,12,12,0.26176,0.088298,0.870635,-0.53195,0.056241,1.0
Q9UKK9,NUDT5,48,S,1.3298239707946777,47.0,1.3298239707946777,98.56,0.12190741528356276,12,12,-0.10874,0.35449,1.0,0.54457,0.37332,1.0
P49790,NUP153,257,S,26.13199234008789,681.0,33.830421447753906,56.88,0.25676159738098514,16,12,-0.463,0.15225,1.0,-1.1096,0.10048,1.0
P49790,NUP153,297,S,17.99190330505371,802.0,17.99190330505371,32.16,0.6694943924799146,16,12,0.098828,0.26447,0.903314,0.69641,0.39122,1.0
P49790,NUP153,334,S,38.67141342163086,667.0,39.69574737548828,37.09,0.7192388975336876,16,12,0.33208,0.1023,0.870635,0.8445,0.31911,1.0
P49790,NUP153,516,S,60.84971237182617,681.0,61.514930725097656,39.5,0.684340951310589,16,12,0.056218,0.47244,0.985552,0.22941,0.42495,1.0
P49790,NUP153,648,S,18.811058044433594,664.0,40.37184143066406,33.91,0.7332288352552567,16,12,0.054277,0.11331,0.870635,-1.2042,0.012425,0.87425
P49790,NUP153,699,T,39.309486389160156,728.0,39.309486389160156,35.5,0.7069229323578377,16,12,0.13335,0.29245,0.906709,0.73872,0.33716,1.0
P52948,NUP98,546,T,62.81440353393555,881.0,62.81440353393555,40.38,0.6463654462466523,1,1,-0.2145,0.26016,1.0,1.4493,0.17964,0.959974
P52948,NUP98,625,S,25.862836837768555,881.0,25.862836837768555,30.170000000000005,0.7799319543269196,1,1,-0.60632,0.070262,0.826886,0.47919,0.36324,1.0
P52948,NUP98,1028,S,52.517513275146484,881.0,52.517513275146484,35.28,0.6225828338027711,1,1,0.40303,0.1786,0.883851,-0.60842,0.25617,1.0
P52948,NUP98,1060,S,89.33154296875,881.0,89.33154296875,34.38,0.6673090600933983,1,1,-0.16416,0.065322,0.826886,0.57688,0.3566,1.0
P52948,NUP98,1070,T,97.80680084228516,881.0,97.80680084228516,33.0,0.7175213508857529,1,1,0.61444,0.030286,0.870635,-0.67089,0.14002,1.0
Q96E22,NUS1,76,S,41.103553771972656,291.0,41.103553771972656,58.34000000000001,0.5514084510368579,2,2,-0.97508,0.21419,1.0,-0.96866,0.28003,1.0
P29728,OAS2,468,S,7.446225166320801,481.0,26.820463180541992,90.88,0.22219840305638125,8,2,0.082051,0.45233,0.985208,-1.007,0.048428,1.0
O15294,OGT,20,S,118.9119644165039,508.0,123.48259735107422,79.5,0.47591318254021653,14,13,-0.019555,0.464,1.0,0.47211,0.37536,1.0
O43482,OIP5,14,T,17.623092651367188,140.0,,46.78000000000001,0.7307718580956518,4,0,-0.72946,0.17441,1.0,-1.2025,0.14002,1.0
Q13415,ORC1,203,T,56.17689514160156,620.0,56.17689514160156,29.979999999999997,0.7397179450083673,14,14,0.21499,0.2785,0.906709,1.5207,0.13158,0.959974
Q13415,ORC1,255,S,62.32832336425781,654.0,62.32832336425781,25.62,0.6791580125557156,14,14,0.12176,0.29245,0.906709,1.956,0.12563,0.959974
Q13415,ORC1,273,S,32.73344421386719,621.0,32.73344421386719,26.09,0.6201065291315131,14,14,0.078408,0.45249,0.985208,-0.46203,0.36001,1.0
P22059,OSBP,338,S,40.39515686035156,314.0,,36.19,0.7861034205456696,13,0,-0.24589,0.28819,1.0,-0.65666,0.22008,1.0
Q9H0X9,OSBPL5,44,S,63.14479446411133,387.0,,31.2,0.6700873630261948,16,0,-0.28929,0.30222,1.0,-0.90778,0.22215,1.0
Q9BZF1,OSBPL8,68,S,63.09755325317383,420.0,,33.0,0.6715588444884569,16,0,0.028628,0.33706,0.943235,0.07756,0.48966,1.0
Q9BZF1,OSBPL8,807,S,73.36443328857422,515.0,,45.44,0.694652185376503,16,0,0.097364,0.37262,0.956823,0.4399,0.40306,1.0
Q01804,OTUD4,1024,S,43.904693603515625,42.0,45.16066360473633,41.03,0.6647616540864706,3,1,0.27638,0.13848,0.8792,-0.54893,0.16037,1.0
Q6GQQ9,OTUD7B,100,S,10.895784378051758,191.0,11.076518058776855,68.75,0.09765545502487279,7,2,0.99306,0.022089,0.870635,3.1241,0.016163,0.725671
Q6GQQ9,OTUD7B,449,S,39.011322021484375,822.0,47.93077850341797,36.94,0.5955471386962448,7,2,0.12308,0.38059,0.956823,0.15885,0.48897,1.0
Q6GQQ9,OTUD7B,508,S,30.055198669433594,822.0,46.4219970703125,32.75,0.5915555729489714,7,2,0.58077,0.01203,0.870635,-0.59054,0.20863,1.0
Q96BN8,OTULIN,81,S,6.249556064605713,126.0,6.249556064605713,97.12,0.02940757729164693,3,3,-0.070591,0.42414,1.0,-0.7275,0.21232,1.0
Q13153,PAK1,212,T,33.814083099365234,280.0,33.814083099365234,32.84,0.7429733656004288,14,14,0.089828,0.41449,0.975125,1.8987,0.072049,0.911807
Q13177,PAK2,20,S,42.77803039550781,367.0,,35.41,0.663366705874918,11,0,-0.050651,0.42812,1.0,1.1375,0.20767,0.959974
Q13177,PAK2,141,S,7.004364967346191,259.0,,28.77,0.48097524091711563,11,0,0.6969,0.064435,0.870635,1.0568,0.1836,0.959974
Q13177,PAK2,197,S,15.41869068145752,257.0,,25.06,0.7443693687083595,11,0,0.48804,0.062431,0.870635,1.7256,0.12752,0.959974
O96013,PAK4,41,S,31.298154830932617,331.0,31.298154830932617,73.88,0.4240325566287201,17,16,1.2869,0.024194,0.870635,-0.51503,0.33592,1.0
O96013,PAK4,148,S,47.200584411621094,327.0,47.200584411621094,39.19,0.8386262285322393,17,16,-0.18525,0.55881,1.0,-0.32996,0.30971,1.0
O96013,PAK4,181,S,24.89878273010254,396.0,24.89878273010254,37.66,0.7446549090780614,17,16,0.64416,0.15055,0.881502,0.74921,0.2057,0.959974
O96013,PAK4,291,S,35.312225341796875,460.0,35.312225341796875,43.97,0.6109866680731992,17,16,1.1027,0.028283,0.870635,-1.2116,0.098502,1.0
Q9BZ23,PANK2,169,S,41.681331634521484,407.0,,39.72,0.7364135589357294,4,0,-0.52881,0.30027,1.0,-1.2062,0.18636,1.0
P51003,PAPOLA,545,S,28.97618293762207,167.0,,30.41,0.7098061743837557,12,0,0.18263,0.35664,0.95101,-0.10296,0.42249,1.0
P51003,PAPOLA,552,S,33.73384475708008,109.0,,32.22,0.7484326033048141,12,0,0.28886,0.12836,0.8792,0.68477,0.34918,1.0
Q9BWT3,PAPOLG,648,S,40.32403564453125,236.0,40.32403564453125,35.81,0.7165760430638256,12,10,0.41926,0.18264,0.883851,0.60498,0.31911,1.0
Q86W56,PARG,68,S,34.117557525634766,795.0,40.84971618652344,29.88,0.8209302654330987,14,13,-4.7643,0.0058449,0.338898,0.75205,0.080049,0.911807
P09874,PARP1,177,S,13.737668991088867,159.0,13.737668991088867,88.19,0.08306711484198381,19,12,0.070171,0.60574,1.0,1.0807,0.41597,1.0
P09874,PARP1,519,S,27.39625358581543,125.0,27.39625358581543,31.97,0.4792182190851518,19,12,-0.15843,0.28787,1.0,1.7315,0.0065081,0.67882
Q460N5,PARP14,33,S,58.7888069152832,961.0,58.7888069152832,91.62,0.18160108078283851,34,34,0.12661,0.65433,1.0,-1.2125,0.12574,1.0
Q96RG2,PASK,116,S,21.996837615966797,1086.0,,27.829999999999995,0.7255312441304119,20,0,-0.40231,0.30222,1.0,-1.0638,0.18036,1.0
Q96RG2,PASK,783,S,50.29509735107422,1128.0,,25.48,0.7034154047294454,20,0,-0.13977,0.47881,1.0,0.35186,0.26697,0.970407
Q96RG2,PASK,1287,S,50.25524139404297,1086.0,,29.78,0.7315380503574344,20,0,-0.64573,0.082227,0.858283,-0.059873,0.40235,1.0
Q96KB5,PBK,59,S,10.98002815246582,38.0,,67.12,0.28302879811942433,11,0,0.054497,0.4245,0.975125,-0.27041,0.23219,1.0
Q9H4Z3,PCIF1,116,S,36.57136535644531,235.0,41.41105651855469,30.889999999999997,0.6376432641539659,15,7,0.045521,0.46058,0.985552,0.44865,0.48389,1.0
P49585,PCYT1A,343,S,70.21085357666016,200.0,,34.34,0.7401195843133008,12,0,-0.30101,0.28787,1.0,0.91382,0.036749,0.883805
Q99447,PCYT2,163,S,16.300748825073242,259.0,,35.66,0.6036183969318094,16,0,-0.53315,0.066167,0.826886,2.094,0.060012,0.883805
Q13370,PDE3B,295,S,24.487619400024414,821.0,24.487619400024414,28.5,0.583758991253029,6,4,0.63721,0.024194,0.870635,0.28978,0.45894,1.0
Q13370,PDE3B,296,S,22.709383010864258,821.0,22.709383010864258,33.25,0.41643882047650105,6,4,-0.66231,0.27022,1.0,2.7064,0.0039587,0.67882
Q13370,PDE3B,442,S,73.8615493774414,937.0,73.8615493774414,38.25,0.7152473317864143,6,4,0.094062,0.33263,0.941656,0.97683,0.2771,0.994523
P27815,PDE4A,13,S,45.56134796142578,642.0,51.89949035644531,31.05,0.6999451406792709,7,4,-0.016298,0.74276,1.0,2.0981,0.046186,0.725671
P27815,PDE4A,49,S,34.05206298828125,591.0,34.05206298828125,30.110000000000003,0.5805304879588031,7,4,-0.99753,0.21419,1.0,-1.5782,0.078452,1.0
P27815,PDE4A,274,S,11.987671852111816,645.0,24.52313995361328,87.94,0.13913128821439746,7,4,0.37118,0.11633,0.870635,0.11197,0.50307,1.0
P27815,PDE4A,279,S,8.801694869995117,642.0,21.191444396972656,85.19,0.10335483107531689,7,4,0.13323,0.37063,0.956823,1.7537,0.10586,0.954353
P27815,PDE4A,688,S,21.832687377929688,642.0,35.94205093383789,35.78,0.6524625012627239,7,4,-0.10772,0.43811,1.0,-0.99514,0.25016,1.0
O60658,PDE8A,386,S,26.123106002807617,726.0,26.123106002807617,34.47,0.48258949256422856,5,4,-0.29244,0.15225,1.0,0.58806,0.36124,1.0
O95263,PDE8B,446,S,31.75233268737793,781.0,,33.19,0.5949487362349248,5,0,-0.027552,0.45608,1.0,0.2745,0.43298,1.0
P08559,PDHA1,331,S,28.373659133911133,119.0,28.373659133911133,97.75,0.10292652052076424,12,12,0.022115,0.48859,0.993279,-0.085276,0.42249,1.0
O00151,PDLIM1,130,S,60.870723724365234,280.0,,40.59,0.5965684197970774,8,0,-1.3314,0.074313,0.834482,0.021709,0.53101,1.0
O00151,PDLIM1,215,S,36.655853271484375,280.0,,75.94,0.45344013392036703,8,0,-0.18907,0.42003,1.0,0.28061,0.66675,1.0
O00151,PDLIM1,291,T,2.949017286300659,286.0,,91.62,0.2519677127061616,8,0,0.1567,0.10026,0.870635,1.0899,0.15693,0.959974
O15530,PDPK1,37,T,35.600643157958984,161.0,35.600643157958984,40.81,0.7595192573833552,11,10,-0.047169,0.46004,1.0,-0.45025,0.4003,1.0
Q9UBM1,PEMT,195,S,15.255769729614258,181.0,,58.720000000000006,0.40830748688206386,5,0,0.020019,0.4945,0.993279,-1.864,0.022129,0.959477
O60683,PEX10,130,S,23.320064544677734,296.0,,31.170000000000005,0.7368637592971586,8,0,-0.1337,0.19798,1.0,-0.78991,0.060492,1.0
O15067,PFAS,1337,S,23.065059661865234,1299.0,,51.90999999999999,0.5326195379877032,24,0,-0.59988,0.25014,1.0,-0.52263,0.368,1.0
O60825,PFKFB2,493,S,22.292205810546875,158.0,,35.12,0.5984901016207689,41,0,0.46121,0.11633,0.870635,0.78718,0.29717,1.0
P17858,PFKL,377,S,10.93224811553955,166.0,,84.5,0.3009665219745134,37,0,-0.060641,0.44998,1.0,-0.27802,0.42656,1.0
P52209,PGD,129,S,1.339622974395752,130.0,5.635159969329834,97.25,0.05793664366731195,29,17,-0.7438,0.014255,0.544376,-0.41804,0.27605,1.0
P00558,PGK1,77,S,7.341869831085205,25.0,7.341869831085205,98.38,0.08145286319487087,29,15,-0.90684,0.042738,0.804735,0.3832,0.21444,0.959974
P36871,PGM1,115,T,2.868492364883423,117.0,2.868492364883423,98.62,0.03431379004780457,10,4,0.083405,0.40056,0.957974,0.8619,0.3053,0.961678
P36871,PGM1,117,S,2.672071933746338,288.0,2.672071933746338,95.25,0.05014549388640926,10,4,0.16751,0.35368,0.95101,0.0032006,0.63894,1.0
Q8NDX5,PHC3,842,S,31.840545654296875,788.0,,41.59,0.8097897319799958,4,0,-0.23337,0.11657,0.993217,1.1209,0.40069,1.0
Q8NDX5,PHC3,862,S,47.35886764526367,788.0,,29.66,0.675819492713595,4,0,0.20416,0.38659,0.956823,0.15246,0.46903,1.0
Q96QT6,PHF12,586,T,49.65982437133789,318.0,49.65982437133789,33.03,0.6960720905132213,13,13,-0.13659,0.3712,1.0,-0.084231,0.59392,1.0
Q96QT6,PHF12,655,T,61.69804382324219,318.0,61.69804382324219,32.03,0.746679349027251,13,13,0.18652,0.42755,0.975125,0.75459,0.37258,1.0
Q96QT6,PHF12,671,T,54.24911880493164,318.0,54.24911880493164,29.800000000000004,0.6818617902175035,13,13,-0.45576,0.19026,1.0,-1.3523,0.064363,1.0
Q96QT6,PHF12,691,S,86.53977966308594,318.0,86.53977966308594,34.16,0.7302585506088163,13,13,0.32503,0.24869,0.903314,-0.80471,0.19433,1.0
O94880,PHF14,280,S,50.89566421508789,498.0,,32.22,0.6944875253847754,36,0,0.16166,0.29245,0.906709,0.97022,0.23142,0.959974
O94880,PHF14,835,S,46.334800720214844,463.0,,39.28,0.6616813528921354,36,0,0.35527,0.23467,0.903314,-1.4286,0.052152,1.0
O75151,PHF2,541,T,34.90755081176758,321.0,34.90755081176758,34.12,0.7450516387312199,8,3,0.5813,0.11633,0.870635,-1.5644,0.052152,1.0
O75151,PHF2,654,T,43.38719940185547,259.0,50.50448226928711,35.53,0.799018355696351,8,3,1.0748,0.036339,0.870635,-0.16426,0.44258,1.0
O75151,PHF2,905,S,58.99471664428711,251.0,58.99471664428711,43.41,0.43462933106433577,8,3,1.118,0.012001,0.870635,1.6966,0.096008,0.926185
Q9UPP1,PHF8,501,S,57.3848876953125,355.0,57.3848876953125,32.41,0.7185912835435748,5,5,0.15878,0.41449,0.975125,-0.36995,0.40235,1.0
Q9UPP1,PHF8,722,S,52.96000671386719,285.0,52.96000671386719,34.41,0.8215505577012951,5,5,-0.75925,0.17541,1.0,-1.0995,0.14279,1.0
Q9UPP1,PHF8,857,S,45.05594253540039,283.0,45.05594253540039,39.44,0.7094714224852608,5,5,-0.26717,0.44066,1.0,-0.83529,0.085228,1.0
Q9UPP1,PHF8,969,S,70.5709228515625,285.0,70.5709228515625,39.81,0.6906879413511461,5,5,0.44061,0.088298,0.870635,2.3301,0.060011,0.883805
O43175,PHGDH,326,S,18.999099731445312,155.0,18.999099731445312,77.88,0.1358481414763388,14,13,0.36373,0.18435,0.887473,-0.44456,0.24936,1.0
O43175,PHGDH,371,S,23.98101806640625,155.0,23.98101806640625,93.94,0.046746898685416115,14,13,-0.033285,0.45412,1.0,-0.51421,0.20832,1.0
Q9BTU6,PI4K2A,51,S,61.51837158203125,136.0,61.51837158203125,40.16,0.7764124787479523,13,13,0.14914,0.61327,1.0,0.18457,0.1532,0.959974
O75925,PIAS1,488,S,52.4998779296875,377.0,,48.09,0.729808350247387,4,0,0.17973,0.2066,0.887649,-0.41939,0.14001,1.0
Q9H611,PIF1,151,S,60.890777587890625,235.0,,37.69,0.5642124476658668,8,0,-0.23259,0.29421,1.0,0.31484,0.41316,1.0
Q92643,PIGK,306,S,9.506908416748047,79.0,9.506908416748047,81.12,0.29574466800741495,8,7,-0.17065,0.3745,1.0,1.6918,0.066073,0.896302
P48736,PIK3CG,595,S,24.734216690063477,969.0,,96.75,0.062213749784286995,28,0,-0.62605,0.062094,0.814084,1.223,0.1856,0.959974
Q99570,PIK3R4,895,S,25.62179946899414,32.0,,25.44,0.7094933122921374,11,0,-0.57886,0.017279,0.623526,0.97856,0.090033,0.911807
Q9Y2I7,PIKFYVE,312,S,65.6560287475586,213.0,,24.09,0.649233997968498,8,0,0.26868,0.21645,0.890611,-0.98485,0.078452,1.0
Q8N4L2,PIP4P2,47,S,30.085819244384766,107.0,,51.06,0.5735024006309477,1,0,-0.55785,0.039932,0.76866,0.3918,0.40708,1.0
Q9BZ72,PITPNM2,872,S,54.98874282836914,1151.0,,27.52,0.6422940373816608,7,0,0.56505,0.10879,0.870635,0.86722,0.011274,0.725671
Q9BZ72,PITPNM2,1277,S,20.852298736572266,1151.0,,39.56,0.1253060104845559,7,0,-1.0547,0.01588,0.587568,-1.2002,0.080424,1.0
Q9BZ72,PITPNM2,1298,S,41.772621154785156,1113.0,,27.06,0.6582773257761024,7,0,-1.8951,0.042085,0.794034,-0.00063018,0.67861,1.0
Q13563,PKD2,125,S,40.9464225769043,641.0,40.9464225769043,27.72,0.7297810285254706,7,7,-1.2453,0.14181,1.0,1.1813,0.017787,0.725671
P14618,PKM,37,S,20.613981246948242,70.0,20.613981246948242,98.06,0.02940757729164693,31,27,-0.4565,0.15225,1.0,-1.1435,0.078452,1.0
P14618,PKM,100,S,8.633979797363281,106.0,8.633979797363281,97.44,0.7033164141583478,31,27,0.17222,0.18066,0.883851,0.97865,0.28713,0.997333
P14618,PKM,127,S,12.469955444335938,207.0,12.469955444335938,80.75,0.5732830971953875,31,27,-2.0542,0.015701,0.587568,-0.40293,0.32527,1.0
P14618,PKM,437,S,1.3332210779190063,436.0,1.3332210779190063,98.25,0.09691971429374177,31,27,-0.52384,0.038883,0.76866,1.2582,0.31403,1.0
Q99640,PKMYT1,40,S,36.353023529052734,120.0,,40.75,0.5814363205967014,14,0,-0.034619,0.44998,1.0,-0.38787,0.23012,1.0
Q99640,PKMYT1,160,S,5.610630512237549,253.0,,94.88,0.07618179769897943,14,0,0.054858,0.82029,1.0,0.10765,0.63618,1.0
Q16512,PKN1,374,S,42.831024169921875,625.0,,25.8,0.7012519621498055,11,0,0.13073,0.4386,0.975125,-0.62308,0.38023,1.0
Q16512,PKN1,537,S,22.08284568786621,628.0,,28.55,0.7112776558460177,11,0,0.30387,0.06243,0.870635,1.6655,0.1836,0.959974
Q16512,PKN1,608,S,17.229665756225586,644.0,,70.62,0.4061002646886708,11,0,-1.1228,0.010655,0.460554,0.93487,0.11113,0.959974
Q16513,PKN2,583,S,78.3017349243164,667.0,,35.0,0.6581618773131679,11,0,-0.091146,0.71756,1.0,-0.27231,0.40332,1.0
Q01970,PLCB3,537,S,62.159236907958984,362.0,62.159236907958984,36.91,0.7823092684270799,6,4,-0.0095165,0.48787,1.0,0.39207,0.35918,1.0
Q01970,PLCB3,632,S,22.25689125061035,332.0,22.846708297729492,96.38,0.15899069389317788,6,4,0.15397,0.24469,0.903314,2.255,0.078088,0.911807
Q01970,PLCB3,926,S,40.88399887084961,379.0,43.81601333618164,26.84,0.6696590524716421,6,4,-0.10232,0.16411,1.0,0.78242,0.23553,0.959974
P19174,PLCG1,525,S,17.479995727539062,380.0,,46.78,0.6993521701329908,7,0,0.48221,0.14862,0.880494,2.1151,0.056135,0.883805
P19174,PLCG1,672,S,35.31657028198242,176.0,,91.75,0.7051007577122279,7,0,0.21825,0.24072,0.903314,1.0437,0.24133,0.959974
P19174,PLCG1,771,Y,47.4746208190918,380.0,,40.31,0.8245843116901839,7,0,0.27264,0.28752,0.906709,1.252,0.090035,0.911807
P19174,PLCG1,775,Y,58.183921813964844,176.0,,34.81,0.7933934808651766,7,0,-0.42288,0.17541,1.0,-1.3439,0.046671,1.0
P19174,PLCG1,1227,S,52.85593032836914,176.0,,29.44,0.671229524505002,7,0,0.015019,0.73271,1.0,-0.90272,0.085992,1.0
Q4KWH8,PLCH1,1631,T,18.13542938232422,166.0,,33.44,0.7071407981553494,20,0,0.12893,0.41059,0.975125,1.4745,0.097934,0.926185
Q96S99,PLEKHF1,242,S,12.758368492126465,204.0,,44.03,0.5153956650568687,8,0,0.4519,0.083132,0.870635,0.096792,0.33706,1.0
Q9H8W4,PLEKHF2,226,S,12.175921440124512,158.0,,40.03,0.5871575864540222,8,0,0.25778,0.11263,0.870635,-1.5182,0.0085275,0.792974
Q8IY26,PLPP6,70,S,66.33910369873047,256.0,,39.28,0.717147123803229,2,0,0.037865,0.43856,0.975125,-0.26346,0.24326,1.0
P29590,PML,8,S,52.47547149658203,91.0,,35.19,0.7001152325860382,16,0,0.54779,0.1686,0.88222,-0.95088,0.20633,1.0
P29590,PML,48,S,14.566311836242676,57.0,,56.34000000000001,0.29215409109277796,16,0,0.27155,0.40775,0.971499,0.14422,0.8542,1.0
P29590,PML,583,S,63.26658630371094,91.0,,37.03,0.39425131222635323,16,0,0.37895,0.04062,0.870635,0.72191,0.53669,1.0
P29590,PML,867,T,67.87730407714844,60.0,,28.72,0.7037364806835664,16,0,-0.1179,0.32438,1.0,-2.494,6.42e-07,0.000198
P00491,PNP,176,S,21.21383285522461,116.0,21.21383285522461,93.19,0.37881178284939876,12,11,-0.032331,0.43418,1.0,1.5469,0.17964,0.959974
Q96AD5,PNPLA2,476,S,55.41322708129883,166.0,,38.97,0.7462472709182977,2,0,-0.50174,0.29768,1.0,-0.70749,0.28913,1.0
Q9NVS9,PNPO,241,S,20.57179832458496,229.0,34.933746337890625,69.0,0.48762966113425105,24,14,-0.028847,0.45608,1.0,0.57838,0.37537,1.0
P09884,POLA1,186,S,57.13056564331055,1374.0,57.13056564331055,31.28,0.5684676639759652,8,8,0.2736,0.24869,0.903314,0.016389,0.533,1.0
P09884,POLA1,406,T,61.034603118896484,1371.0,61.034603118896484,88.25,0.3946606044792724,8,8,0.30215,0.1686,0.88222,-0.17219,0.33792,1.0
Q9NP87,POLM,372,S,22.95061683654785,418.0,22.95061683654785,61.970000000000006,0.35916138428961075,3,3,-0.024393,0.464,1.0,0.28013,0.40306,1.0
O95602,POLR1A,357,T,49.40437316894531,107.0,49.40437316894531,42.160000000000004,0.7453484096465428,16,16,-0.25334,0.060042,0.814084,1.7772,0.16955,0.959974
O95602,POLR1A,359,T,53.813968658447266,77.0,53.813968658447266,40.56,0.8202300239919181,16,16,0.31241,0.21645,0.890611,-0.3675,0.28204,1.0
O95602,POLR1A,360,T,53.93690490722656,77.0,53.93690490722656,38.339999999999996,0.7086103329142867,16,16,-0.2074,0.24219,1.0,1.7222,0.13771,0.959974
P24928,POLR2A,374,S,15.502826690673828,493.0,15.502826690673828,96.5,0.12442749956857399,18,11,0.08833,0.42957,0.975125,-0.51786,0.16567,1.0
Q9NW08,POLR3B,12,T,48.291893005371094,186.0,48.291893005371094,55.15999999999998,0.3470963072215688,17,16,-0.015959,0.45896,1.0,-1.9278,0.00022132,0.058894
P49593,PPM1F,454,S,45.12551498413086,360.0,,50.21999999999999,1.104249468323753,4,0,-1.1741,0.057975,0.814084,-0.84002,0.26613,1.0
O15355,PPM1G,537,S,92.35147857666016,441.0,,44.34,0.5590568306329098,4,0,0.52675,0.046388,0.870635,-0.72361,0.10635,1.0
P48454,PPP3CC,483,S,16.761899948120117,146.0,,49.12,0.45080460117242127,7,0,0.20563,0.24314,0.903314,0.25797,0.67183,1.0
Q9NQV8,PRDM8,509,S,50.220523834228516,130.0,,37.75,0.6589249397662154,1,0,0.22685,0.33872,0.943554,-0.85352,0.19239,1.0
P30044,PRDX5,97,T,2.969552516937256,100.0,,97.75,0.15990180572653304,1,0,-0.0038084,0.48983,1.0,-0.76064,0.16037,1.0
P30044,PRDX5,182,S,11.423918724060059,100.0,,98.88,0.0,1,0,0.1061,0.35645,0.95101,1.2638,0.32393,1.0
P30041,PRDX6,177,T,17.145971298217773,140.0,27.08078384399414,98.25,0.21192869881851384,2,1,-0.72414,0.12245,1.0,-1.8448,0.032043,1.0
Q13131,PRKAA1,496,S,21.989822387695312,37.0,,24.7,0.7412563138770681,11,0,0.1095,0.37261,0.956823,-0.46769,0.21032,1.0
Q9UGJ0,PRKAG2,65,S,40.33449935913086,501.0,,36.75,0.6511283580702729,26,0,-1.0337,0.19237,1.0,-0.64476,0.21744,1.0
Q9UGJ0,PRKAG2,113,S,26.810754776000977,402.0,,37.03,0.5399604874071767,26,0,0.40148,0.2903,0.906709,0.94752,0.16059,0.959974
Q9UGJ0,PRKAG2,219,S,59.34516525268555,362.0,,42.97,0.719546327710266,26,0,0.26832,0.37856,0.956823,-1.3151,0.12211,1.0
P31321,PRKAR1B,3,S,32.50471878051758,262.0,,42.97,0.7061493605349772,16,0,-0.16293,0.40417,1.0,4.6511,6.42e-07,0.001238
P31321,PRKAR1B,85,T,31.1960506439209,212.0,,40.78000000000001,0.7462687501734561,16,0,-0.1602,0.40815,1.0,-0.50017,0.37625,1.0
P13861,PRKAR2A,78,S,29.30812644958496,192.0,,37.25,0.7030089839817694,266,0,0.90122,0.15055,0.881502,-0.036245,0.45482,1.0
P13861,PRKAR2A,80,S,23.768293380737305,192.0,,37.19,0.645237000306185,266,0,-0.023793,0.46601,1.0,-1.6889,0.048124,1.0
P31323,PRKAR2B,69,T,44.379417419433594,231.0,,33.12,0.785485908810866,265,0,0.1311,0.41254,0.975125,1.0974,0.1836,0.959974
P31323,PRKAR2B,114,S,6.627894878387451,228.0,,81.25,0.758194646438201,265,0,0.4192,0.17259,0.88222,0.12516,0.491,1.0
P17252,PRKCA,226,S,12.328360557556152,195.0,,98.44,0.530697856164012,21,0,0.20545,0.21057,0.887649,1.3845,0.1876,0.959974
P17252,PRKCA,319,S,32.719032287597656,463.0,,30.48,0.5378906034835949,21,0,0.6497,0.17667,0.88222,3.1475,0.0080002,0.725671
P05771,PRKCB,311,S,30.016281127929688,466.0,,35.59,0.5681766916912236,20,0,-0.69161,0.074313,0.834482,-0.53547,0.30984,1.0
Q05655,PRKCD,302,S,42.81327819824219,473.0,,36.16,0.5267008585016989,11,0,0.30614,0.2785,0.906709,0.21877,0.46097,1.0
Q05655,PRKCD,306,S,35.87445068359375,473.0,,29.139999999999997,0.6808931445808029,11,0,-0.043782,0.45412,1.0,-0.31329,0.33592,1.0
Q9BZL6,PRKD2,198,S,28.29289436340332,561.0,,28.95,0.5808160283285049,11,0,0.089101,0.44465,0.975125,-0.62327,0.28795,1.0
Q9BZL6,PRKD2,214,S,40.67250061035156,561.0,,29.62,0.7308296313482198,11,0,-1.6877,0.14825,1.0,-0.90003,0.29795,1.0
Q9BZL6,PRKD2,236,S,65.10734558105469,561.0,,34.06,0.7335143756249585,11,0,0.66356,0.13755,0.8792,-0.73218,0.2972,1.0
Q9BZL6,PRKD2,246,Y,55.297019958496094,559.0,,27.089999999999993,0.8502159330542046,11,0,0.19487,0.35664,0.95101,1.1778,0.16955,0.959974
Q9BZL6,PRKD2,375,S,27.77336311340332,674.0,,32.0,0.717570002442742,11,0,0.11555,0.39857,0.956823,1.3883,0.13372,0.959974
O94806,PRKD3,252,S,46.395591735839844,586.0,,24.38,0.5346621001893689,11,0,0.41377,0.2226,0.903314,0.51021,0.32911,1.0
O94806,PRKD3,542,T,26.180265426635742,589.0,,27.09,0.7984790976643478,11,0,-0.14941,0.48453,1.0,1.6186,0.13114,0.959974
O14744,PRMT5,470,S,10.004196166992188,444.0,10.004196166992188,98.56,0.007055409049771659,9,9,-1.3514,0.00047844,0.046424,-0.20546,0.60132,1.0
Q96LA8,PRMT6,21,T,27.30275535583496,141.0,,53.34000000000002,0.49749793676364634,7,0,0.74023,0.072445,0.870635,-0.10819,0.39231,1.0
P40306,PSMB10,22,S,29.389192581176758,40.0,,88.06,0.3731513220111798,1,0,-0.29018,0.18034,1.0,-0.6162,0.20831,1.0
P62191,PSMC1,439,Y,15.207459449768066,227.0,,48.65999999999999,0.7934776229893282,8,0,-0.37854,0.086197,0.879462,1.8389,0.096007,0.926185
P17980,PSMC3,9,S,62.656986236572266,234.0,,46.06,0.5327349864506379,8,0,-0.24747,0.32841,1.0,-0.92196,0.18234,1.0
P43686,PSMC4,28,S,102.8224868774414,213.0,,33.44,0.5129029024937738,8,0,0.87274,0.07005,0.870635,0.58716,0.32393,1.0
P43686,PSMC4,117,S,46.67527389526367,213.0,,82.31,0.6962883268304925,8,0,0.077578,0.38059,0.956823,-0.65641,0.092499,1.0
Q14289,PTK2B,778,S,32.9144401550293,549.0,36.8721923828125,32.03,0.6522924093559566,18,17,-0.15155,0.30162,1.0,0.39997,0.39447,1.0
Q14289,PTK2B,842,T,45.92422866821289,435.0,45.92422866821289,28.22,0.8255193701161492,18,17,0.40482,0.20713,0.887649,0.25433,0.20031,0.959974
Q06124,PTPN11,62,Y,3.230940818786621,506.0,7.986543655395508,94.69000000000001,0.11873146540513664,9,1,-0.04069,0.3163,1.0,0.093061,0.7928,1.0
Q9H3S7,PTPN23,1131,T,50.5984992980957,1392.0,,31.09,0.7102232119705809,1,0,-0.49243,0.023602,0.682175,-0.77842,0.25545,1.0
P26045,PTPN3,359,S,30.80680274963379,886.0,,29.22,0.6052380804939621,9,0,0.20009,0.15454,0.88222,0.76952,0.35313,1.0
P35236,PTPN7,143,S,21.08283805847168,292.0,21.428251266479492,67.75,0.2049745301255466,9,1,-0.11949,0.26016,1.0,0.83174,0.33716,1.0
P08575,PTPRC,1299,S,48.2867317199707,859.0,,33.06,0.7264589665751868,10,0,0.36159,0.18869,0.887649,-0.77382,0.16639,1.0
Q15262,PTPRK,856,S,21.802873611450195,1086.0,,34.5,0.4284305431236694,10,0,-0.2392,0.20012,1.0,-0.27468,0.30984,1.0
Q9BZE2,PUS3,142,S,33.82589340209961,195.0,,47.0,0.4964420920159865,2,0,-0.62466,0.074313,0.834482,0.12703,0.48898,1.0
P61026,RAB10,188,S,55.10722732543945,64.0,55.10722732543945,38.97,0.7227256194756988,20,20,-0.34398,0.33445,1.0,-0.98996,0.20633,1.0
Q86YS3,RAB11FIP4,253,S,60.17198944091797,68.0,,42.81,0.6875748865198548,4,0,-0.66144,0.096186,0.917381,0.59257,0.35017,1.0
P62820,RAB1A,195,T,9.893187522888184,43.0,9.893187522888184,34.31,0.5746751786152644,15,15,0.28861,0.28045,0.906709,-0.35322,0.39231,1.0
Q96AX2,RAB37,19,S,30.55558204650879,85.0,,51.81,0.6296547007443796,17,0,0.18349,0.21451,0.887649,1.6812,0.16563,0.959974
Q7Z6P3,RAB44,131,S,55.59978485107422,888.0,,30.12,0.6989238595784382,11,0,0.037464,0.4386,0.975125,1.5256,0.18164,0.959974
Q7Z6P3,RAB44,403,T,23.11107635498047,949.0,,35.56,0.7617656422512604,11,0,0.32407,0.26853,0.903314,1.0863,0.19757,0.959974
Q7Z6P3,RAB44,509,S,31.272193908691406,891.0,,41.84,0.6915883420740045,11,0,-0.081676,0.3169,1.0,-0.34581,0.30704,1.0
P61020,RAB5B,125,S,18.199495315551758,75.0,,93.62,0.6218362292415605,16,0,0.32648,0.2507,0.903314,0.075574,0.50307,1.0
P20340,RAB6A,3,T,37.714691162109375,68.0,37.714691162109375,41.44,0.8376716349825886,18,18,0.053433,0.57996,1.0,0.77621,0.11638,0.959974
P20340,RAB6A,23,S,1.339684247970581,24.0,1.339684247970581,95.25,0.3945149627891784,18,18,0.37753,0.088297,0.870635,0.12405,0.50919,1.0
Q3YEC7,RABL6,27,S,26.283126831054688,57.0,,59.06,0.5961401092425249,9,0,0.55154,0.11263,0.870635,-0.18441,0.32671,1.0
Q3YEC7,RABL6,454,S,60.55327224731445,100.0,,33.47,0.6643387754469577,9,0,-0.21379,0.25812,1.0,2.0429,0.062002,0.888183
Q3YEC7,RABL6,492,S,40.47418975830078,215.0,,41.75,0.5583484116236951,9,0,0.22178,0.44126,0.975125,0.57746,0.42204,1.0
Q3YEC7,RABL6,596,S,43.44855880737305,176.0,,41.53,0.64274423774309,9,0,0.029602,0.24314,0.903314,0.029575,0.64618,1.0
Q3YEC7,RABL6,599,T,46.29158401489258,179.0,,46.21999999999999,0.6418086026327674,9,0,0.11722,0.28752,0.906709,0.88617,0.33706,1.0
Q3YEC7,RABL6,640,S,65.95979309082031,176.0,,38.09,0.738456121137395,9,0,-0.64655,0.12048,0.995368,-1.0095,0.14001,1.0
Q3YEC7,RABL6,641,S,67.79414367675781,176.0,,36.66,0.6311589358435978,9,0,-0.13996,0.5472,1.0,1.3606,0.3553,1.0
Q9NS91,RAD18,125,S,55.95200729370117,207.0,,36.75,0.6868391457887236,4,0,-0.19205,0.29834,1.0,0.11279,0.50307,1.0
Q9NS91,RAD18,158,S,41.34322738647461,223.0,,32.84,0.6355514904235074,4,0,-0.24229,0.28228,1.0,-0.59598,0.2521,1.0
Q92698,RAD54L,37,S,57.849884033203125,190.0,,33.12,0.5602208819185934,8,0,0.37149,0.07047,0.870635,0.97004,0.25539,0.959974
Q9Y4B4,RAD54L2,1198,T,52.98533248901367,306.0,,30.0,0.6075342651438684,8,0,-0.46514,0.16446,1.0,1.0321,0.16563,0.959974
Q9Y4B4,RAD54L2,1260,T,69.29380798339844,306.0,,33.06,0.7660059886703697,8,0,-0.55086,0.21619,1.0,1.3575,0.097935,0.926185
Q9Y4B4,RAD54L2,1267,S,78.8700942993164,306.0,,32.12,0.5777521850260066,8,0,-0.088972,0.56945,1.0,-0.41726,0.35847,1.0
Q9Y4B4,RAD54L2,1450,S,42.46200180053711,312.0,,22.34,0.7311370615247982,8,0,-0.3953,0.14825,1.0,0.66799,0.31518,1.0
Q9Y4B4,RAD54L2,1451,S,40.527015686035156,312.0,,29.5,0.5599626632708081,8,0,-0.82209,0.060042,0.814084,2.5321,0.026064,0.827751
P04049,RAF1,260,T,13.241352081298828,173.0,,70.56,0.7075908495680497,19,0,0.19995,0.26447,0.903314,-0.22935,0.28599,1.0
Q15311,RALBP1,34,S,21.341474533081055,421.0,,34.28,0.48352264692404323,14,0,0.1853,0.17667,0.88222,0.60178,0.39912,1.0
Q15311,RALBP1,48,S,26.54947280883789,421.0,,38.91,0.7009937435020202,14,0,-0.20849,0.26016,1.0,2.3829,0.050272,0.883805
Q15311,RALBP1,62,S,20.687103271484375,69.0,,39.56,0.5873276783607895,14,0,0.15261,0.38659,0.956823,-1.9844,0.014029,0.87425
Q15311,RALBP1,92,S,52.62032699584961,424.0,,39.78,0.6946521853765029,14,0,0.018344,0.48052,0.98948,1.6316,0.14564,0.959974
Q15311,RALBP1,93,S,55.78314208984375,424.0,,39.78,0.6821282972021563,14,0,-0.066713,0.43612,1.0,2.2852,0.044199,0.883805
Q15311,RALBP1,461,S,49.36233901977539,425.0,,69.88,0.35566923043255966,14,0,0.29779,0.1183,0.870635,0.52992,0.40108,1.0
Q15311,RALBP1,647,S,73.31022644042969,421.0,,37.22,0.6697799328496165,14,0,-0.15962,0.36441,1.0,-0.3824,0.34196,1.0
Q9Y4G8,RAPGEF2,930,S,39.83087158203125,222.0,,38.19,0.6232469056847207,120,0,0.014353,0.59295,1.0,1.3581,0.24249,0.959974
Q9Y4G8,RAPGEF2,1080,S,10.004997253417969,157.0,,30.2,0.7543731725976951,120,0,0.56748,0.034368,0.870635,1.8344,0.097935,0.926185
Q9Y4G8,RAPGEF2,1325,S,23.928930282592773,243.0,,27.94,0.6404215670867625,120,0,-0.50129,0.076364,0.834482,2.0919,0.064036,0.896302
Q8TEU7,RAPGEF6,230,S,48.55121612548828,365.0,,33.66,0.6468512519532978,120,0,-0.20293,0.34652,1.0,2.3509,0.0442,0.883805
Q8TEU7,RAPGEF6,1074,T,50.09803009033203,290.0,,28.729999999999997,0.7559222068552891,120,0,-0.19662,0.34853,1.0,-0.66054,0.27204,1.0
Q8TEU7,RAPGEF6,1245,S,99.50714874267578,286.0,,33.47,0.7409980952292827,120,0,0.23242,0.29245,0.906709,1.597,0.11775,0.959974
Q8TEU7,RAPGEF6,1443,Y,27.59235382080078,397.0,,31.88,0.8303959475236253,120,0,-0.016864,0.46745,1.0,-0.36642,0.23464,1.0
Q8TEU7,RAPGEF6,1494,S,10.051188468933105,347.0,,26.31,0.5558010056167676,120,0,0.70066,0.11633,0.870635,-0.54826,0.27204,1.0
Q8TEU7,RAPGEF6,1507,T,16.082895278930664,289.0,,28.300000000000004,0.5233057551114152,120,0,0.16774,0.21531,0.887837,0.55296,0.31386,1.0
Q14644,RASA3,258,S,32.40534591674805,698.0,,87.19,0.3491459869099665,4,0,-0.21105,0.27619,1.0,0.61516,0.33716,1.0
Q14644,RASA3,833,S,47.13666915893555,709.0,,29.0,0.5638995855742486,4,0,-0.49507,0.23817,1.0,1.6007,0.052218,0.883805
O95267,RASGRP1,491,S,2.5610251426696777,494.0,,86.44,0.2791800025570019,5,0,-0.11353,0.33246,1.0,-1.101,0.060226,1.0
O95267,RASGRP1,694,S,54.77132797241211,494.0,,30.53,0.7052216380902022,5,0,-0.3036,0.17838,1.0,1.5113,0.14366,0.959974
Q7LDG7,RASGRP2,578,S,49.60386657714844,468.0,,27.420000000000005,0.7107065751066143,10,0,-1.1117,0.11043,0.978643,0.86346,0.12956,0.959974
Q9BYM8,RBCK1,272,S,11.352895736694336,302.0,,94.75,0.31515387332476613,21,0,0.11705,0.39258,0.956823,-0.073904,0.35386,1.0
Q9H1K0,RBSN,548,S,28.998735427856445,255.0,,46.34,0.5160432790469816,8,0,0.10057,0.38862,0.956823,-0.066144,0.38419,1.0
Q14257,RCN2,313,Y,11.572749137878418,74.0,,76.94000000000001,0.10443848502453988,25,0,-0.49308,0.06414,0.826886,-0.26682,0.29197,1.0
O94762,RECQL5,488,S,41.749507904052734,411.0,41.749507904052734,39.34,0.7902377564777938,14,14,0.28098,0.26511,0.903314,0.28245,0.5896,1.0
Q96D71,REPS1,120,S,78.0632095336914,342.0,,48.78,0.7792181034026653,4,0,0.51219,0.038321,0.870635,2.0307,0.089911,0.911807
Q96D71,REPS1,166,S,70.73616790771484,342.0,,43.56,0.6327731874907107,4,0,0.57332,0.18264,0.883851,-1.7874,0.032042,1.0
Q96D71,REPS1,173,T,55.95561981201172,342.0,,44.94,0.7150176476614303,4,0,0.11545,0.29245,0.906709,1.1911,0.10513,0.959974
Q96D71,REPS1,274,S,19.470090866088867,342.0,,45.38,0.34422126680287857,4,0,-0.31968,0.25812,1.0,1.3251,0.13573,0.959974
Q96D71,REPS1,403,S,61.666481018066406,342.0,,39.28,0.6905451711662951,4,0,0.31789,0.24864,0.903314,0.47619,0.23553,0.959974
Q9UBZ9,REV1,901,S,41.5154914855957,726.0,41.5154914855957,37.47,0.6454070922129522,21,21,-0.26784,0.28624,1.0,-0.54526,0.2143,1.0
Q9Y3B8,REXO2,17,S,62.10652160644531,47.0,62.10652160644531,55.220000000000006,0.7202328569126042,5,5,-0.08561,0.76869,1.0,-0.25164,0.023475,0.959477
P35251,RFC1,156,S,65.51627349853516,650.0,,29.48,0.5578927793472261,8,0,-0.34352,0.30027,1.0,-1.3819,0.070351,1.0
P35251,RFC1,518,S,70.0220947265625,655.0,,30.110000000000003,0.6286334196435468,8,0,0.71127,0.015901,0.870635,-0.3012,0.21625,1.0
Q8TEB9,RHBDD1,291,S,39.266841888427734,195.0,,42.78,0.39980791809194643,2,0,-0.20958,0.39141,1.0,-0.76231,0.15803,1.0
Q8TEB9,RHBDD1,300,S,53.7669792175293,144.0,,66.75,0.27212459350723023,2,0,0.11707,0.5375,1.0,1.3213,0.067291,0.896302
P84095,RHOG,180,T,23.382413864135742,16.0,23.382413864135742,76.06000000000002,0.5643143521643138,14,14,0.21203,0.28752,0.906709,0.27724,0.56336,1.0
Q6R327,RICTOR,1222,T,45.78676223754883,1651.0,45.78676223754883,27.72,0.6190727504781495,7,7,0.019245,0.47244,0.985552,1.5108,0.17563,0.959974
Q6R327,RICTOR,1286,S,60.14946746826172,543.0,60.14946746826172,22.66,0.6184211761487305,7,7,-0.19709,0.34652,1.0,-0.15743,0.43654,1.0
Q6R327,RICTOR,1591,S,27.470279693603516,1651.0,27.470279693603516,25.75,0.6221490913331787,7,7,0.13499,0.35065,0.95101,2.2355,0.052218,0.883805
Q13546,RIPK1,331,S,37.5489616394043,45.0,,36.28,0.7056718384516315,11,0,0.4434,0.076371,0.870635,1.0159,0.25132,0.959974
Q13546,RIPK1,387,Y,29.62141990661621,30.0,,83.25,0.6106751552518909,11,0,0.20306,0.39857,0.956823,-0.72719,0.31189,1.0
Q9Y572,RIPK3,227,S,16.861452102661133,142.0,,82.25,0.47194350659981976,11,0,-0.093058,0.44012,1.0,-1.5345,0.056243,1.0
Q9Y572,RIPK3,410,S,44.27524185180664,142.0,,33.28,0.7448195690697887,11,0,0.91532,0.00994,0.870635,-0.12477,0.36001,1.0
O75792,RNASEH2A,18,S,13.952760696411133,34.0,,95.25,0.1271784807794542,3,0,0.14636,0.41449,0.975125,3.6352,0.0080002,0.725671
Q9NV58,RNF19A,599,S,7.563535690307617,224.0,,30.03,0.5604845324814186,25,0,0.14801,0.31442,0.915212,1.0246,0.23544,0.959974
P78317,RNF4,94,S,31.967071533203125,135.0,,52.38,0.6887827174192915,8,0,0.74525,0.030286,0.870635,-0.217,0.37426,1.0
P78317,RNF4,112,T,34.793697357177734,135.0,,54.84000000000002,0.608716819066915,8,0,0.1408,0.21814,0.893019,1.1741,0.17489,0.959974
Q9UBF6,RNF7,19,S,48.31036376953125,80.0,48.31036376953125,48.97,0.6850548022348434,12,12,-0.074217,0.22028,1.0,0.83063,0.10876,0.959974
P51812,RPS6KA3,365,T,5.505796909332275,81.0,,77.06000000000002,0.5349482783047361,22,0,0.39199,0.1686,0.88222,-0.83874,0.16639,1.0
P51812,RPS6KA3,415,S,13.576457977294922,74.0,,52.40999999999999,0.6679463777669433,22,0,0.22934,0.1686,0.88222,1.3112,0.19757,0.959974
O75676,RPS6KA4,347,S,11.793591499328613,44.0,,48.41,0.06912638864920777,22,0,-0.62703,0.17838,1.0,0.68388,0.19757,0.959974
O75582,RPS6KA5,216,T,4.028740882873535,177.0,,60.62,0.2177031652966947,22,0,-0.27862,0.19429,1.0,0.79281,0.28107,0.994523
P62070,RRAS2,10,S,21.64679718017578,68.0,25.37064552307129,58.720000000000006,0.6030254263855293,21,16,-0.59354,0.23817,1.0,2.0417,0.030004,0.883805
P23921,RRM1,119,S,18.060850143432617,202.0,18.060850143432617,96.62,0.4563885287599309,27,26,0.28368,0.24869,0.903314,-0.23968,0.36001,1.0
P31350,RRM2,20,S,45.70232009887695,169.0,,33.53,0.5639269072961649,7,0,0.28998,0.028222,0.870635,0.64226,0.58181,1.0
P31350,RRM2,26,S,37.18809509277344,169.0,,29.579999999999995,0.5349203188371542,7,0,0.080076,0.44261,0.975125,-0.02664,0.43654,1.0
P31350,RRM2,33,T,24.384090423583984,169.0,,32.38,0.7172640325293355,7,0,0.49439,0.17065,0.88222,-1.3032,0.071662,1.0
O43159,RRP8,106,S,39.835594177246094,346.0,39.835594177246094,39.88,0.7397848324148061,6,6,-0.57767,0.10296,0.937792,-0.99369,0.046671,1.0
Q6PCB5,RSBN1L,96,S,22.27126693725586,568.0,,37.72,0.704222246796246,5,0,0.18988,0.25276,0.903314,2.096,0.087947,0.911807
P19793,RXRA,129,S,9.865592002868652,135.0,9.865592002868652,61.44,0.4224456267035235,10,10,0.22832,0.24083,0.903314,-0.71789,0.10018,1.0
Q01826,SATB1,38,S,42.62051010131836,410.0,,31.889999999999997,0.740998095229283,13,0,0.21848,0.31049,0.915212,-1.3927,0.04208,1.0
Q96FV2,SCRN2,17,S,15.026641845703125,12.0,,98.44,0.0,1,0,0.49377,0.14862,0.880494,1.2121,0.16955,0.959974
O00560,SDCBP,88,S,35.00257110595703,251.0,35.00257110595703,46.47,0.776698019117654,3,3,-0.045127,0.3521,1.0,-0.92525,0.0015313,0.328245
P31040,SDHA,177,S,11.799723625183105,454.0,11.799723625183105,98.69,0.10819758601665569,17,17,-0.17411,0.26016,1.0,1.9139,0.097934,0.926185
Q9P0U3,SENP1,108,S,59.955963134765625,533.0,59.955963134765625,34.66,0.6715642764034966,3,3,0.28111,0.059565,0.870635,0.98793,0.43662,1.0
Q9P0U3,SENP1,157,S,38.453548431396484,603.0,38.453548431396484,31.889999999999997,0.6368802017009185,3,3,-0.032946,0.43612,1.0,0.83282,0.33716,1.0
Q9P0U3,SENP1,163,S,43.409889221191406,603.0,43.409889221191406,28.889999999999997,0.7768407893025048,3,3,0.50261,0.096363,0.870635,0.43489,0.40108,1.0
Q9H4L4,SENP3,169,S,64.73825073242188,532.0,,37.22,0.6021742371914636,3,0,0.069641,0.38103,0.956823,-0.66985,0.13205,1.0
Q9H4L4,SENP3,307,S,39.69206237792969,532.0,,64.5,0.4590787049517094,3,0,0.32088,0.10624,0.870635,1.3279,0.2057,0.959974
Q96HI0,SENP5,363,S,26.863338470458984,663.0,,25.42,0.6679020306396785,3,0,-0.12558,0.28228,1.0,1.1546,0.23937,0.959974
Q9GZR1,SENP6,55,S,60.433712005615234,917.0,,33.25,0.606253929679755,3,0,-0.61605,0.11653,0.993217,0.12094,0.491,1.0
Q9BQF6,SENP7,443,S,18.20404052734375,860.0,,49.06,0.046746898685416115,3,0,0.48844,0.092407,0.870635,1.4348,0.17348,0.959974
Q96LD8,SENP8,126,S,4.517058849334717,119.0,,98.44,0.13069252444338186,3,0,0.33174,0.14113,0.8792,0.86669,0.38815,1.0
P49903,SEPHS1,392,S,56.140010833740234,265.0,56.140010833740234,40.71999999999999,1.1084992527188113,12,11,0.31434,0.26853,0.903314,-1.0745,0.15228,1.0
Q8WYJ6,SEPTIN1,253,S,7.363987445831299,250.0,,88.25,0.805276297022112,21,0,-0.14003,0.32032,1.0,0.80171,0.28911,0.998673
Q99719,SEPTIN5,225,S,31.7718448638916,196.0,,62.75,0.6247627342742478,21,0,-0.64676,0.24219,1.0,-0.66123,0.38023,1.0
Q14141,SEPTIN6,27,S,38.27011489868164,56.0,38.27011489868164,75.94,0.10128494715173492,20,17,0.72791,0.028284,0.870635,0.23744,0.44706,1.0
Q9UHD8,SEPTIN9,23,S,31.041980743408203,305.0,,44.59,0.6875913444116915,21,0,0.082281,0.44056,0.975125,-0.4098,0.30984,1.0
Q9UHD8,SEPTIN9,42,T,70.523681640625,451.0,,46.160000000000004,0.728673858685408,21,0,0.32284,0.26447,0.903314,0.58825,0.31709,1.0
Q9UHD8,SEPTIN9,111,S,29.350597381591797,311.0,,44.28,0.5271838125000843,21,0,0.39346,0.32601,0.931492,0.84949,0.036749,0.883805
Q9UHD8,SEPTIN9,278,Y,45.46744155883789,312.0,,78.19000000000001,0.6514931160511724,21,0,-0.35741,0.30171,1.0,0.22955,0.80705,1.0
Q9UHD8,SEPTIN9,327,S,15.752277374267578,312.0,,42.94,0.7271236059706482,21,0,-0.0037896,0.48787,1.0,-1.1927,0.052152,1.0
O15047,SETD1A,470,S,51.36850357055664,1684.0,,36.69,0.7651072853031219,1,0,-1.1014,0.023601,0.682175,-0.67986,0.1361,1.0
O15047,SETD1A,1106,T,91.80033874511719,1684.0,,30.199999999999996,0.6496657258593955,1,0,0.49103,0.13848,0.8792,-0.87581,0.15634,1.0
O15047,SETD1A,1153,S,41.36763381958008,1684.0,,29.77,0.7024379032423658,1,0,0.17147,0.37597,0.956823,-1.104,0.18373,1.0
Q9UPS6,SETD1B,461,S,71.87738800048828,1943.0,,30.98,0.5839126252679594,1,0,-0.67302,0.068203,0.826886,0.29796,0.42495,1.0
Q9UPS6,SETD1B,909,T,36.33892822265625,1943.0,,40.53000000000001,0.5395204645804175,1,0,-0.21218,0.47614,1.0,-0.59715,0.19,1.0
Q9UPS6,SETD1B,930,S,50.925071716308594,1943.0,,28.7,0.34439135870964577,1,0,-0.47325,0.17259,1.0,-0.57561,0.28112,1.0
Q9BYW2,SETD2,1084,S,35.05010986328125,1539.0,35.05010986328125,30.22,0.3787680032356456,21,21,0.48851,0.034367,0.870635,0.81916,0.32315,1.0
Q9BYW2,SETD2,1696,S,11.850525856018066,1604.0,11.850525856018066,82.19,0.38298503399374806,21,21,0.20327,0.42755,0.975125,0.053524,0.72654,1.0
Q7Z333,SETX,2639,S,58.88041305541992,2258.0,,23.89,0.5882116211918111,8,0,-1.9007,0.029988,0.709362,-1.3306,0.11239,1.0
Q9BX95,SGPP1,101,S,26.368972778320312,255.0,,46.19,0.600225233645856,2,0,-0.99107,0.15225,1.0,-0.85661,0.28204,1.0
Q9H0K1,SIK2,589,T,38.22639083862305,142.0,,51.62,0.6652617607565235,11,0,-0.015478,0.46601,1.0,-0.55356,0.284,1.0
Q9Y2K2,SIK3,626,S,38.546234130859375,188.0,,39.53,0.4321092467793245,11,0,-0.093038,0.43179,1.0,0.80991,0.43662,1.0
Q9Y2K2,SIK3,866,S,37.88125991821289,188.0,,29.06,0.6917256803438155,11,0,0.51944,0.17464,0.88222,1.3962,0.13573,0.959974
Q96EB6,SIRT1,14,S,30.15789794921875,398.0,54.07640838623047,38.75,0.7477406421874364,36,1,0.32799,0.15035,0.881502,1.0182,0.24249,0.959974
Q96EB6,SIRT1,16,S,34.17896270751953,398.0,56.529605865478516,38.94,0.7502607264724476,36,1,0.67504,0.17667,0.88222,-1.3281,0.1202,1.0
Q96EB6,SIRT1,47,S,41.12737274169922,482.0,50.88874816894531,37.88,0.6646735273454525,36,1,-1.5488,0.15854,1.0,0.33717,0.025368,0.826064
Q96EB6,SIRT1,174,S,30.847618103027344,442.0,38.561866760253906,55.69,0.5509801404823053,36,1,0.55688,0.076371,0.870635,1.2058,0.1876,0.959974
Q8IXJ6,SIRT2,368,S,37.920799255371094,170.0,37.920799255371094,36.12,0.6317245846679616,23,22,0.26029,0.43856,0.975125,-0.31247,0.30115,1.0
Q8N6T7,SIRT6,330,S,40.97864532470703,71.0,40.97864532470703,36.69,0.7365782189274569,16,16,0.020571,0.50426,0.993279,-1.5989,0.070352,1.0
P55011,SLC12A2,77,S,29.12997817993164,372.0,29.12997817993164,27.38,0.6474223326927013,19,19,0.41124,0.1183,0.870635,0.13161,0.491,1.0
P55011,SLC12A2,123,S,50.4697380065918,686.0,50.4697380065918,30.19,0.7784058294208248,19,19,-0.91477,0.22615,1.0,-1.0391,0.24019,1.0
Q9Y666,SLC12A7,40,S,63.300453186035156,434.0,63.300453186035156,38.75,0.7078844925600645,8,8,0.70276,0.044365,0.870635,1.0302,0.20962,0.959974
P53985,SLC16A1,467,S,50.345542907714844,313.0,50.345542907714844,70.38,0.46375136798628097,3,3,-0.039323,0.56945,1.0,-0.059272,0.60923,1.0
P53985,SLC16A1,498,S,74.87491607666016,313.0,74.87491607666016,31.94,0.6741724874295261,3,3,-0.13438,0.33246,1.0,-1.905,0.0080041,0.781865
P41440,SLC19A1,485,S,59.87525939941406,393.0,59.87525939941406,40.53,0.48258949256422856,20,20,0.29104,0.2903,0.906709,0.26081,0.4578,1.0
Q15758,SLC1A5,9,S,39.751468658447266,475.0,39.751468658447266,28.19,0.7153846700562254,17,17,-0.28781,0.16244,1.0,1.3157,0.19757,0.959974
Q15758,SLC1A5,503,S,48.621524810791016,135.0,48.621524810791016,34.81,0.7055017465448642,17,17,0.095458,0.40056,0.957974,0.49476,0.37536,1.0
P11166,SLC2A1,490,S,34.494056701660156,282.0,34.494056701660156,30.420000000000005,0.615972193199389,8,7,0.20672,0.26789,0.903314,0.72331,0.14963,0.959974
P14672,SLC2A4,488,S,23.81560707092285,404.0,,49.34,0.3421021713505035,7,0,0.97213,0.030286,0.870635,-1.1706,0.12211,1.0
Q2Y0W8,SLC4A8,237,S,47.48306655883789,169.0,,42.06,0.5065613443682565,2,0,0.88196,0.015901,0.870635,0.34807,0.41699,1.0
Q9H2G2,SLK,348,S,54.1343994140625,42.0,,38.59,0.6286880630873796,11,0,0.15651,0.27253,0.906443,0.4405,0.40707,1.0
P84022,SMAD3,3,S,35.68818664550781,121.0,,40.03,0.6419811752900427,4,0,0.38572,0.11099,0.870635,0.77201,0.10134,0.945616
P84022,SMAD3,416,S,49.83447265625,126.0,,81.75,0.6049525401242604,4,0,0.42276,0.23261,0.903314,-0.16618,0.43654,1.0
P28370,SMARCA1,116,S,36.376548767089844,208.0,,31.97,0.46802847410325604,8,0,0.65983,0.030286,0.870635,0.56529,0.36721,1.0
P51532,SMARCA4,1358,T,43.47069549560547,781.0,,51.44,0.1644438181006812,8,0,0.015042,0.2459,0.903314,-0.68218,0.17625,1.0
P51532,SMARCA4,1452,S,50.06198501586914,781.0,,69.25,0.4652009596416664,8,0,0.48814,0.18531,0.887649,0.031536,0.086109,0.911807
P51532,SMARCA4,1627,S,54.20384979248047,785.0,,29.670000000000005,0.6423213591035772,8,0,0.68379,0.038322,0.870635,2.0354,0.064036,0.896302
P51532,SMARCA4,1631,S,51.81593322753906,779.0,,37.53,0.31821228471222474,8,0,0.0028895,0.51017,0.993279,0.53967,0.40306,1.0
Q9NZC9,SMARCAL1,112,S,61.624359130859375,462.0,,34.09,0.6290617301980994,8,0,0.25846,0.24072,0.903314,0.34082,0.42704,1.0
Q9UQE7,SMC3,1074,S,72.14422607421875,39.0,,33.25,0.8040357124857189,8,0,-0.97148,0.081288,0.858283,0.83796,0.090035,0.911807
Q9NTJ3,SMC4,41,S,61.02071762084961,120.0,,30.66,0.6947457440325607,8,0,-0.2,0.36849,1.0,-0.75102,0.28204,1.0
Q8IY18,SMC5,26,S,63.63496017456055,87.0,,36.34,0.6916326892012694,8,0,-0.15379,0.29608,1.0,-0.60636,0.16005,1.0
Q8IY18,SMC5,35,S,48.223236083984375,86.0,,29.48,0.7915172562264119,8,0,-0.14261,0.50114,1.0,0.40895,0.33044,1.0
Q86US8,SMG6,240,S,26.15428924560547,1392.0,,37.62,0.7509964672035786,3,0,-0.73356,0.18383,1.0,-0.40369,0.30115,1.0
Q86US8,SMG6,301,T,32.782920837402344,1353.0,,31.949999999999996,0.7311381093508249,3,0,0.36126,0.13644,0.8792,-1.1272,0.054163,1.0
Q86US8,SMG6,421,S,68.43143463134766,1392.0,,34.06,0.7340581346424457,3,0,-0.24414,0.30027,1.0,-0.98627,0.13209,1.0
Q86US8,SMG6,438,S,69.56202697753906,1392.0,,30.3,0.8225664068870882,3,0,-0.30133,0.27619,1.0,-0.12905,0.44662,1.0
Q86US8,SMG6,831,S,26.675031661987305,1392.0,,44.62,0.4962993218311356,3,0,0.31733,0.18869,0.887649,1.5601,0.11971,0.959974
Q9H7B4,SMYD3,22,T,15.901571273803711,205.0,15.901571273803711,98.0,0.32761638708107255,18,10,-1.8142,0.062094,0.814084,3.3647,0.0020098,0.443423
Q9NRH2,SNRK,162,S,6.139524459838867,139.0,,40.28,0.5456817532644974,11,0,0.15178,0.24869,0.903314,1.5018,0.1876,0.959974
Q9NRH2,SNRK,351,S,34.666465759277344,22.0,,41.84,0.5023334497800744,11,0,0.087048,0.4245,0.975125,0.093748,0.49901,1.0
Q9NRH2,SNRK,390,S,59.67594528198242,139.0,,43.03,0.6156647630228105,11,0,0.32345,0.4245,0.975125,-1.3391,0.14408,1.0
Q9NRH2,SNRK,576,S,34.55064392089844,26.0,,36.69,0.6772855422608174,11,0,0.41194,0.24094,0.903314,-0.64207,0.30495,1.0
Q9NRH2,SNRK,607,S,74.1896743774414,139.0,,47.22,0.7714050638148859,11,0,-0.3003,0.35761,1.0,-0.5912,0.29013,1.0
O75643,SNRNP200,457,S,19.245708465576172,507.0,19.245708465576172,80.25,0.8564211822024775,16,16,0.1863,0.24469,0.903314,0.91011,0.3053,1.0
O75643,SNRNP200,2002,S,40.53820037841797,1357.0,40.53820037841797,87.25,0.5247518549560912,16,16,0.27072,0.078368,0.870635,-0.36293,0.082491,1.0
Q13596,SNX1,72,S,63.4234504699707,238.0,,23.39,0.7210840461066697,4,0,0.17545,0.26853,0.903314,1.0598,0.22945,0.959974
Q9NRS6,SNX15,229,T,59.713497161865234,53.0,,43.19,0.7070318652565935,4,0,0.47854,0.17667,0.88222,0.5547,0.31911,1.0
P57768,SNX16,109,T,13.518341064453125,184.0,,91.43999999999998,0.3473234516764528,3,0,0.30628,0.07005,0.870635,0.64132,0.47815,1.0
Q15036,SNX17,336,S,33.1888313293457,36.0,,31.27,0.6184922774844002,4,0,-0.67482,0.14186,1.0,-0.20174,0.29785,1.0
Q15036,SNX17,415,S,19.24247932434082,36.0,,30.91,0.6105583575186465,4,0,0.039732,0.46453,0.985552,0.57121,0.34918,1.0
Q15036,SNX17,421,S,23.134519577026367,36.0,,27.110000000000003,0.6708504254792422,4,0,-1.2192,0.03598,0.76866,-0.06401,0.45058,1.0
Q15036,SNX17,437,S,25.125335693359375,75.0,,25.12,0.6114095467127121,4,0,-0.10044,0.26465,1.0,-0.065645,0.58723,1.0
Q96RF0,SNX18,199,S,41.829410552978516,314.0,,32.0,0.6506781577088436,3,0,-1.4515,0.0096641,0.427423,-0.086027,0.43653,1.0
O95219,SNX4,22,S,50.46446228027344,108.0,,34.19,0.7614231497324271,4,0,-1.1353,0.16133,1.0,1.5239,0.089911,0.883805
Q9Y5X2,SNX8,441,S,46.672637939453125,148.0,,73.62,0.5027071168907944,3,0,-0.18573,0.32373,1.0,1.1684,0.1275,0.959974
Q9Y5X1,SNX9,116,S,52.22850036621094,327.0,52.22850036621094,30.3,0.8016583983855585,3,3,0.35155,0.044365,0.870635,1.3955,0.22349,0.959974
P35610,SOAT1,36,T,63.21028137207031,137.0,63.21028137207031,30.449999999999996,0.7256111711496293,9,9,0.39394,0.066501,0.870635,0.49261,0.40108,1.0
P35270,SPR,243,S,9.605768203735352,19.0,9.605768203735352,97.44,0.25160598034802817,23,17,0.16429,0.26447,0.903314,-0.18974,0.28204,1.0
Q13813,SPTAN1,1031,S,47.9482536315918,2381.0,,33.69,0.49052341252998216,10,0,-0.30865,0.36044,1.0,0.41918,0.33706,1.0
Q13501,SQSTM1,28,S,61.511226654052734,163.0,,65.44,0.47423269395896206,8,0,0.38604,0.13461,0.8792,-0.29753,0.30971,1.0
Q13501,SQSTM1,291,S,40.59950637817383,163.0,,40.44,0.7718552641763152,8,0,0.43957,0.064436,0.870635,1.7582,0.14564,0.959974
P12931,SRC,75,S,26.406494140625,298.0,,35.31,0.35422507069221404,11,0,-0.26367,0.33246,1.0,-1.0195,0.17039,1.0
P12931,SRC,439,Y,14.337899208068848,389.0,,89.62,0.5561600416064651,11,0,0.28343,0.29245,0.906709,-1.829,0.026109,0.959477
P19623,SRM,147,S,14.808744430541992,104.0,14.808744430541992,98.06,0.7812552336892911,17,17,0.011347,0.49647,0.993279,-1.0926,0.078453,1.0
P78362,SRPK2,380,S,23.99701690673828,110.0,,30.610000000000003,0.7054136198038462,11,0,0.12995,0.4331,0.975125,1.5886,0.13114,0.959974
Q8WYL5,SSH1,576,S,57.576866149902344,393.0,,31.55,0.7209959193656515,1,0,1.3243,0.012,0.870635,-1.4895,0.054163,1.0
Q96FJ0,STAMBPL1,242,S,55.6134147644043,360.0,55.6134147644043,32.31,0.7230111598454007,7,7,0.30217,0.21057,0.887649,1.1305,0.19757,0.959974
Q13586,STIM1,257,S,80.17098999023438,87.0,80.17098999023438,73.12,0.22911104192130202,5,5,-0.22958,0.25208,1.0,-0.38438,0.27204,1.0
Q13586,STIM1,512,S,131.37234497070312,87.0,131.37234497070312,37.69,0.636666330180398,5,5,0.33449,0.044364,0.870635,1.3756,0.23142,0.959974
Q13586,STIM1,621,S,143.64761352539062,87.0,143.64761352539062,38.53,0.664459655824932,5,5,-0.45222,0.066167,0.826886,-0.57898,0.2143,1.0
Q13586,STIM1,628,S,130.68966674804688,87.0,130.68966674804688,38.31,0.6359798009780598,5,5,0.090816,0.49329,0.993279,0.2962,0.13486,0.959974
Q13586,STIM1,665,T,106.86578369140625,87.0,106.86578369140625,45.660000000000004,0.6985560674580911,5,5,0.15959,0.2785,0.906709,1.3132,0.19565,0.959974
O94804,STK10,392,S,37.907920837402344,42.0,,20.19,0.680799585924745,11,0,0.00083899,0.51017,0.993279,-0.42951,0.1884,1.0
Q15831,STK11,401,S,36.42820358276367,55.0,,30.639999999999997,0.7146762510470109,11,0,-0.16403,0.27078,1.0,-1.1003,0.10456,1.0
Q15831,STK11,421,S,22.15931510925293,57.0,,27.579999999999995,0.6064240215865224,11,0,-0.85888,0.14431,1.0,-1.0782,0.17834,1.0
Q9UEE5,STK17A,9,S,45.80582046508789,72.0,,46.44,0.8053698556781699,11,0,-0.64488,0.22615,1.0,-0.82355,0.28795,1.0
Q9UEE5,STK17A,13,S,56.78908920288086,72.0,,51.94,0.7118487365854212,11,0,-1.0025,0.057975,0.814084,-0.78213,0.24429,1.0
Q9UEE5,STK17A,20,S,62.274681091308594,72.0,,45.5,0.8388844471800245,11,0,-0.066348,0.3914,1.0,-0.46578,0.32527,1.0
Q86UX6,STK32C,18,S,13.596123695373535,103.0,,33.62,0.7415910657755629,11,0,-0.19635,0.28819,1.0,-0.073432,0.37426,1.0
Q8TDR2,STK35,147,S,51.977840423583984,360.0,,25.98,0.706292130719828,11,0,0.17582,0.31049,0.915212,-1.0448,0.11439,1.0
Q8TDR2,STK35,385,S,6.133692741394043,360.0,,74.44,0.034563194324603884,11,0,0.059437,0.21261,0.887649,-1.099,0.045608,1.0
Q9UEW8,STK39,385,S,12.306072235107422,71.0,,63.62,0.07615447597706304,11,0,0.31172,0.26056,0.903314,0.66583,0.31322,1.0
Q13043,STK4,265,S,17.653743743896484,149.0,,95.25,0.2541923015671809,11,0,0.13898,0.21057,0.887649,1.0084,0.29717,1.0
Q8TCJ2,STT3B,29,S,34.14809799194336,223.0,,31.889999999999997,0.7959644542501543,5,0,0.23233,0.33472,0.943235,-0.050127,0.44258,1.0
O00267,SUPT5H,686,S,41.430423736572266,579.0,41.430423736572266,35.91,0.7052435278970789,2,2,-0.59496,0.25014,1.0,-1.1584,0.20434,1.0
O00267,SUPT5H,791,T,55.450775146484375,579.0,55.450775146484375,41.71999999999999,0.7405785952748624,2,2,-0.0073665,0.48787,1.0,-0.65606,0.25815,1.0
O00267,SUPT5H,806,T,66.6534194946289,579.0,66.6534194946289,48.160000000000004,0.7311578356302776,2,2,-0.034416,0.45608,1.0,-0.48949,0.23219,1.0
O43463,SUV39H1,391,S,20.817934036254883,297.0,,29.31,0.5773955433206351,19,0,0.20942,0.31635,0.915212,0.8178,0.23544,0.959974
O75478,TADA2A,8,S,18.038415908813477,17.0,,41.97,0.3556965521544761,8,0,-0.094455,0.48453,1.0,0.085675,0.36945,1.0
Q5VWG9,TAF3,345,S,84.10409545898438,891.0,84.10409545898438,32.19,0.6270245999114736,8,8,0.006759,0.50817,0.993279,0.37306,0.40108,1.0
Q5VWG9,TAF3,364,T,69.14307403564453,891.0,69.14307403564453,34.22,0.7274123996445504,8,8,-0.29219,0.45326,1.0,-0.91441,0.084917,1.0
P37837,TALDO1,237,S,2.9737548828125,239.0,8.584485054016113,98.19,0.1492232188447511,9,1,0.095845,0.42848,0.975125,-0.93228,0.15634,1.0
Q9UL54,TAOK2,473,S,21.80474853515625,36.0,,71.94,0.5107838070413988,11,0,-1.9222,0.076363,0.834482,0.48532,0.17964,0.959974
Q93075,TATDN2,308,S,43.91705322265625,593.0,,36.75,0.5840718533446472,6,0,-0.4479,0.16446,1.0,-1.3211,0.078452,1.0
Q93075,TATDN2,420,S,58.91799545288086,501.0,,35.94,0.6528689220103999,6,0,0.29831,0.1445,0.880494,1.55,0.15759,0.959974
Q86VP1,TAX1BP1,124,S,138.1287384033203,780.0,,72.75,0.3355516061059939,8,0,0.54144,0.14862,0.880494,-1.3129,0.098501,1.0
A7MCY6,TBKBP1,335,S,67.93383026123047,586.0,,39.81,0.7440838283386577,4,0,0.43912,0.35265,0.95101,1.7004,0.087947,0.725671
Q9Y242,TCF19,263,T,48.85151290893555,298.0,,38.160000000000004,0.7665157303434881,8,0,0.25823,0.24869,0.903314,-1.1183,0.092499,1.0
Q96S53,TESK2,456,S,24.340200424194336,64.0,,28.52,0.6916764688150226,11,0,-0.34951,0.28228,1.0,-0.45125,0.34196,1.0
Q6N021,TET2,99,S,26.393741607666016,1912.0,26.393741607666016,27.77,0.5032119606960563,25,25,0.5144,0.046389,0.870635,-0.01363,0.33997,1.0
Q96RS0,TGS1,60,T,51.11483383178711,719.0,54.751705169677734,30.84,0.6685620403692667,2,1,0.29172,0.04694,0.870635,0.80144,0.49541,1.0
Q96RS0,TGS1,85,S,45.318397521972656,766.0,45.318397521972656,42.12,0.5378906034835949,2,1,-0.012198,0.464,1.0,-0.53707,0.17241,1.0
Q8WY91,THAP4,132,S,49.09397888183594,444.0,49.09397888183594,42.06,0.6746500095128717,2,2,0.29527,0.11036,0.870635,0.50552,0.40707,1.0
Q8WY91,THAP4,288,S,77.17943572998047,567.0,77.17943572998047,37.03,0.6298691397784116,2,2,-0.84011,0.25014,1.0,1.4415,0.016163,0.725671
Q8WY91,THAP4,301,S,63.658931732177734,444.0,63.658931732177734,38.47,0.7651072853031218,2,2,-0.59823,0.13441,1.0,0.28844,0.40707,1.0
Q8WY91,THAP4,547,S,21.28181266784668,567.0,21.28181266784668,96.62,0.82009553413087,2,2,0.16696,0.35467,0.95101,-0.45726,0.28995,1.0
P52888,THOP1,529,S,22.770221710205078,473.0,22.770221710205078,96.75,0.29506973229538563,4,4,-0.019959,0.21419,1.0,-0.16026,0.42249,1.0
Q9Y2W1,THRAP3,253,S,66.04056549072266,559.0,,39.34,0.6700873630261948,8,0,-0.29624,0.045946,0.806728,1.8008,0.15964,0.959974
Q9Y2W1,THRAP3,320,S,86.27464294433594,558.0,,34.41,0.6775929724373957,8,0,0.1266,0.41449,0.975125,-0.92038,0.19239,1.0
Q9Y2W1,THRAP3,324,T,90.23209381103516,558.0,,36.06,0.7349875831955922,8,0,0.51978,0.13848,0.8792,-1.0605,0.11239,1.0
Q9Y2W1,THRAP3,326,S,92.63350677490234,559.0,,34.97,0.6844618316885633,8,0,-0.29347,0.086197,0.879462,0.91851,0.28313,0.995855
Q9Y2W1,THRAP3,560,S,1.3321537971496582,559.0,,42.09,0.6454070922129522,8,0,0.28616,0.13848,0.8792,0.92148,0.28107,0.994523
Q9Y2W1,THRAP3,672,S,104.71871948242188,559.0,,54.779999999999994,0.588634499831324,8,0,0.44761,0.12022,0.870635,0.99543,0.22349,0.959974
Q9Y2W1,THRAP3,698,S,127.90967559814453,559.0,,35.88,0.7094714224852608,8,0,-0.42488,0.15028,1.0,0.16462,0.48897,1.0
Q9Y2W1,THRAP3,918,T,91.5762710571289,558.0,,36.22,0.8213879565957959,8,0,0.12658,0.37856,0.956823,1.0634,0.20767,0.959974
Q9Y2W1,THRAP3,928,S,98.23150634765625,558.0,,37.72,0.7530390294052441,8,0,-0.074466,0.42224,1.0,1.5005,0.12752,0.959974
O43615,TIMM44,185,S,15.22871208190918,173.0,,59.34000000000001,0.2899414369843451,8,0,-0.1528,0.37719,1.0,0.31868,0.44606,1.0
P04183,TK1,13,S,31.994138717651367,32.0,31.994138717651367,72.5,0.31823960643414106,26,26,-0.14221,0.48728,1.0,-3.4896,6.42e-07,0.000198
P29401,TKT,105,S,8.908635139465332,110.0,8.908635139465332,95.31,0.13057707598044735,20,19,-0.26176,0.35652,1.0,-0.64878,0.33997,1.0
P29401,TKT,287,T,22.3692569732666,75.0,22.3692569732666,94.18999999999998,0.3859767309626904,20,19,0.33734,0.31049,0.915212,0.3751,0.36324,1.0
P29401,TKT,295,S,27.54186248779297,366.0,28.47837257385254,96.31,0.7997859280906603,20,19,0.56345,0.24072,0.903314,-0.17064,0.4527,1.0
P29401,TKT,308,S,14.156393051147461,318.0,14.156393051147461,96.44,0.688211636679888,20,19,0.43022,0.1023,0.870635,1.8232,0.097935,0.926185
Q9UKI8,TLK1,38,T,39.356231689453125,464.0,,37.03000000000001,0.7491781572118573,11,0,-0.51253,0.15425,1.0,-1.0147,0.12211,1.0
Q9UKI8,TLK1,152,Y,33.88105773925781,467.0,,28.8,0.7526048575242875,11,0,-0.28801,0.051411,0.806728,0.99255,0.44606,1.0
Q86UE8,TLK2,111,S,45.89521789550781,470.0,,32.88,0.6986437511237762,11,0,0.080984,0.44465,0.975125,-1.0101,0.20633,1.0
Q86UE8,TLK2,117,S,50.09054946899414,468.0,,34.38,0.7312579419027725,11,0,0.32393,0.20859,0.887649,-0.39884,0.27204,1.0
Q86WV6,TMEM173,345,S,31.02536964416504,167.0,31.02536964416504,48.88,0.4142534880899845,7,7,0.08513,0.44465,0.975125,-0.39535,0.37426,1.0
Q9H3N1,TMX1,221,S,91.41455841064453,59.0,91.41455841064453,35.03,0.69243953126807,2,2,-0.4067,0.27619,1.0,-1.6759,0.032043,1.0
Q9H1E5,TMX4,342,S,37.87774658203125,64.0,,57.69,0.5440401798954682,2,0,-0.34271,0.19798,1.0,-0.057096,0.67057,1.0
P21580,TNFAIP3,381,S,9.660518646240234,404.0,35.236663818359375,45.75,0.5174655489804506,31,1,0.37674,0.24469,0.903314,-0.14618,0.3943,1.0
P21580,TNFAIP3,645,S,29.252180099487305,627.0,50.08926010131836,32.56,0.7439191683469302,31,1,-0.48176,0.19815,1.0,0.34336,0.38326,1.0
P11387,TOP1,125,Y,40.30943298339844,723.0,40.30943298339844,33.12,0.8408673655920279,1,1,0.067281,0.35265,0.95101,0.99566,0.3053,1.0
P11388,TOP2A,4,S,49.53560256958008,377.0,49.53560256958008,36.5,0.6424860190953047,20,18,0.077453,0.45249,0.985208,-1.5702,0.052152,1.0
P11388,TOP2A,1106,S,25.551362991333008,543.0,25.551362991333008,29.12,0.6613903806073939,20,18,0.27467,0.2367,0.903314,1.2844,0.16563,0.959974
P11388,TOP2A,1247,S,38.681278228759766,543.0,38.681278228759766,26.38,0.6849339218568692,20,18,0.28397,0.11633,0.870635,1.6507,0.17348,0.959974
P11388,TOP2A,1495,S,38.96413040161133,805.0,39.847801208496094,35.12,0.46499738443771377,20,18,0.55113,0.024194,0.870635,0.5961,0.37332,1.0
P11388,TOP2A,1504,S,24.384031295776367,805.0,30.768939971923828,32.66,0.6825784975635855,20,18,-0.099663,0.36246,1.0,2.3012,0.060012,0.883805
Q02880,TOP2B,1336,S,33.16307830810547,141.0,79.94988250732422,28.079999999999995,0.5739307111855004,20,3,-0.57452,0.16244,1.0,-1.1467,0.14002,1.0
Q02880,TOP2B,1342,S,33.22474670410156,171.0,87.0859146118164,27.610000000000003,0.6114368684346285,20,3,0.008913,0.49257,0.993279,1.1554,0.23142,0.959974
Q02880,TOP2B,1550,S,51.9849853515625,826.0,51.9849853515625,31.639999999999997,0.7921156586877318,20,3,-0.23973,0.28031,1.0,1.1834,0.19565,0.959974
Q02880,TOP2B,1552,S,51.013084411621094,826.0,51.013084411621094,26.41,0.6842036130407778,20,3,-0.63016,0.15225,1.0,-0.020273,0.44258,1.0
Q96S44,TP53RK,8,T,28.366779327392578,46.0,,38.62,0.6960474691940525,11,0,-0.036572,0.41425,1.0,0.22606,0.49496,1.0
Q9C040,TRIM2,428,S,68.29961395263672,146.0,,36.72,0.5725965679930495,4,0,-0.097859,0.34652,1.0,-0.82209,0.11046,1.0
Q14258,TRIM25,100,S,46.89109420776367,33.0,46.89109420776367,36.84,0.42170988597239256,8,8,-0.22896,0.36332,1.0,0.90202,0.25291,0.959974
Q13263,TRIM28,19,S,54.56230163574219,156.0,,37.41,0.7318728022559291,8,0,0.4624,0.41923,0.975125,-2.1079,0.0081593,0.787067
Q13263,TRIM28,50,S,39.065303802490234,153.0,,30.579999999999995,0.5873276783607894,8,0,0.19284,0.43657,0.975125,-2.1719,0.016087,0.87425
Q13263,TRIM28,258,S,26.333797454833984,237.0,,96.62,0.3607093990025822,8,0,-0.33031,0.25014,1.0,0.39802,0.39122,1.0
Q13263,TRIM28,285,S,60.6418342590332,237.0,,97.31,0.252627261448861,8,0,-0.53809,0.075786,0.834482,0.56953,0.19679,0.959974
Q13263,TRIM28,433,S,121.86840057373047,177.0,,40.91,0.6680229110176527,8,0,-0.034727,0.45412,1.0,-0.61578,0.17834,1.0
Q13263,TRIM28,489,S,97.24645233154297,237.0,,39.16,0.6177292150313527,8,0,-3.0699,0.05192,0.806728,2.5292,0.0020098,0.443423
Q13263,TRIM28,596,S,41.33211898803711,237.0,,34.75,0.818887703231433,8,0,0.055046,0.4605,0.985552,0.83828,0.22751,0.959974
Q13263,TRIM28,601,S,41.16015625,237.0,,38.47,0.8105035829042503,8,0,-0.30214,0.35252,1.0,0.48925,0.25132,0.959974
Q13263,TRIM28,689,S,81.40052795410156,209.0,,35.47,0.723916992483299,8,0,0.52784,0.070472,0.870635,2.4848,0.046185,0.883805
Q13263,TRIM28,752,S,67.47300720214844,209.0,,75.75,0.6948168453682305,8,0,0.16053,0.50977,0.993279,0.44671,0.6095,1.0
Q13263,TRIM28,828,S,87.8869857788086,209.0,,38.91,0.7327239914499947,8,0,-0.20431,0.38632,1.0,3.3446,0.00396,0.67882
O75382,TRIM3,7,S,41.17917251586914,115.0,,29.72,0.680848797453538,4,0,-0.26126,0.24219,1.0,-1.1772,0.052154,1.0
Q9UPN9,TRIM33,862,S,61.424678802490234,304.0,,33.94,0.6970076096697868,8,0,0.18505,0.26447,0.903314,1.7959,0.11971,0.959974
Q8WV44,TRIM41,447,S,91.49921417236328,255.0,,93.62,0.24345275694671437,4,0,-0.030199,0.50397,1.0,0.72655,0.12379,0.959974
Q9BRZ2,TRIM56,442,T,47.44719696044922,197.0,,24.75,0.6797588957675436,4,0,0.28115,0.37015,0.956823,-0.17433,0.30115,1.0
O75962,TRIO,1724,S,,,,25.59,0.6578817688585059,11,0,0.20066,0.09188,0.870635,0.49208,0.36945,1.0
O75962,TRIO,2455,S,,,,22.98,0.7058200405515223,11,0,0.71359,0.27343,0.906709,1.0547,0.41609,1.0
O75962,TRIO,2463,S,,,,22.67,0.6975240469653574,11,0,0.42102,0.25859,0.903314,3.6913,0.0059641,0.67882
O75962,TRIO,2477,S,,,,36.03,0.7605227490095685,11,0,0.067462,0.4687,0.985552,0.25444,0.12103,0.959974
Q15645,TRIP13,18,S,29.63127326965332,185.0,,69.0,0.31892613563647915,8,0,-0.0021528,0.48983,1.0,0.77679,0.25132,0.959974
Q9H3H1,TRIT1,455,S,87.03917694091797,32.0,,40.31,0.773348635445454,6,0,-0.39187,0.19229,1.0,1.1014,0.1856,0.959974
Q9NXH9,TRMT1,625,S,42.35565185546875,351.0,,79.38,0.49278527816720796,7,0,0.14934,0.52908,1.0,-0.89946,0.18221,1.0
Q9NXH9,TRMT1,643,S,34.64268493652344,387.0,,28.5,0.6707957820354096,7,0,-0.15624,0.42808,1.0,0.45839,0.48966,1.0
Q9NUP7,TRMT13,397,S,22.22450065612793,65.0,,34.41,0.4933017154627787,4,0,0.19044,0.29245,0.906709,1.5844,0.12752,0.959974
Q7Z2T5,TRMT1L,26,T,22.79361343383789,488.0,,33.22,0.7819085845622525,8,0,-0.50521,0.24219,1.0,0.82533,0.1836,0.959974
Q9UJA5,TRMT6,291,T,32.38737487792969,349.0,32.38737487792969,20.66,0.7171353733511269,48,48,-0.26686,0.17243,1.0,0.68373,0.33716,1.0
Q96FX7,TRMT61A,254,T,42.80291748046875,22.0,42.80291748046875,45.94,0.7304455708214441,43,43,0.32746,0.17259,0.88222,0.32327,0.44706,1.0
Q96QT4,TRPM7,1269,S,79.85041046142578,1721.0,,41.12,0.563784137111314,14,0,0.29425,0.19858,0.887649,3.2353,0.018148,0.725671
Q9UJK0,TSR3,259,S,35.09560775756836,160.0,,38.94,0.7517048862127932,4,0,-0.6581,0.22615,1.0,0.3847,0.32911,1.0
Q9UJK0,TSR3,264,S,50.00553894042969,160.0,,41.91,0.6484928253223272,4,0,0.62159,0.034368,0.870635,2.3476,0.056134,0.883805
Q9UJK0,TSR3,282,S,47.633872985839844,160.0,,49.69,0.6709713058572164,4,0,-0.54592,0.21619,1.0,0.64582,0.23544,0.959974
Q6IQ55,TTBK2,322,T,35.748435974121094,27.0,,40.62,0.7635022854460471,11,0,0.12455,0.089763,0.870635,-0.46121,0.0251,0.959477
Q6IQ55,TTBK2,428,S,46.673583984375,27.0,,36.31,0.5502498316662141,11,0,0.42772,0.16054,0.88222,-0.21143,0.36001,1.0
Q6IQ55,TTBK2,1103,S,37.07720184326172,50.0,,42.44,0.3344646555845313,11,0,-0.86183,0.12048,0.995368,-1.2241,0.16037,1.0
Q6IQ55,TTBK2,1182,S,71.94395446777344,27.0,,38.34,0.6592104801359171,11,0,0.078209,0.38659,0.956823,-0.74468,0.10635,1.0
Q9UNY4,TTF2,351,S,84.85205078125,598.0,,30.98,0.5665459821522738,12,0,-0.41692,0.17441,1.0,-0.51758,0.28995,1.0
P33981,TTK,321,S,57.92160415649414,647.0,,31.73,0.5862790755380403,11,0,0.31619,0.11633,0.870635,-0.68833,0.11046,1.0
P33981,TTK,821,S,15.474172592163086,531.0,,72.88,0.13145558689642925,11,0,-0.23666,0.30637,1.0,1.2781,0.15158,0.959974
Q14166,TTLL12,16,S,54.137359619140625,450.0,,33.25,0.5211223628292291,6,0,0.40299,0.1023,0.870635,1.5177,0.15759,0.959974
Q9C0H2,TTYH3,522,S,34.44145965576172,110.0,,34.22,0.7506617153050837,2,0,-1.5167,0.021905,0.644867,-1.2235,0.11046,1.0
P68363,TUBA1B,340,S,22.702360153198242,206.0,22.702360153198242,89.69,0.5127109207801298,18,18,0.38481,0.17667,0.88222,-0.49387,0.28995,1.0
P07437,TUBB,40,S,24.290136337280273,226.0,,86.81,0.23701764016513924,8,0,-1.5019,0.12445,1.0,0.22827,0.12563,0.959974
P07437,TUBB,48,S,21.815824508666992,226.0,,94.5,0.20508997858848105,8,0,1.0307,0.048336,0.870635,2.6851,0.020103,0.760508
P07437,TUBB,50,Y,14.087498664855957,226.0,,96.62,0.008749873075112257,8,0,-2.9561,0.0077847,0.409031,-1.0154,0.23012,1.0
P07437,TUBB,78,S,12.111233711242676,69.0,,93.5,0.6314117225763434,8,0,-1.4174,0.0096641,0.427423,-0.4705,0.36001,1.0
P07437,TUBB,172,S,4.526061534881592,204.0,,81.44,0.0,8,0,-2.733,5.21e-07,6e-05,-0.34462,0.40624,1.0
P07437,TUBB,339,S,25.600839614868164,204.0,,92.0,0.5250592851326696,8,0,-0.17671,0.20423,1.0,1.0434,0.27912,0.994523
P68371,TUBB4B,55,T,28.061565399169922,69.0,,88.25,0.8033578449347841,8,0,0.42135,0.26447,0.903314,-0.28738,0.42451,1.0
P23258,TUBG1,284,S,37.526004791259766,142.0,,51.25,0.6555209126501824,7,0,-0.10743,0.3445,1.0,0.88276,0.28515,0.996152
Q5VYS8,TUT7,165,T,78.07098388671875,1286.0,78.07098388671875,34.53,0.88832324109524,16,16,-0.77394,0.14432,1.0,4.3488,0.0020111,0.443423
Q5VYS8,TUT7,1472,S,23.48263931274414,1152.0,23.48263931274414,37.22,0.8174107898541312,16,16,-0.35495,0.16412,1.0,0.36843,0.42204,1.0
Q99757,TXN2,60,T,15.153587341308594,93.0,,90.38,0.14762088168188495,2,0,-0.031511,0.44617,1.0,0.07233,0.5232,1.0
P29597,TYK2,292,Y,33.34311294555664,930.0,,37.029999999999994,0.49403080632890567,11,0,-0.34689,0.20715,1.0,0.27502,0.64872,1.0
P22314,UBA1,4,S,39.26889419555664,515.0,,44.34,0.7517376398497493,7,0,0.026977,0.47244,0.985552,3.2557,0.018148,0.725671
P22314,UBA1,13,S,50.523921966552734,515.0,,37.94,0.7108220235695486,7,0,0.028298,0.47244,0.985552,0.54445,0.36721,1.0
P22314,UBA1,24,S,42.77500534057617,528.0,,34.47,0.6827485894703527,7,0,0.099378,0.41651,0.975125,0.39637,0.38529,1.0
P22314,UBA1,60,Y,8.792405128479004,515.0,,95.19000000000001,0.11769595824181193,7,0,-0.18198,0.033386,0.76866,-0.42083,0.28157,1.0
P22314,UBA1,305,S,32.43988037109375,515.0,,98.44,0.16984568697657892,7,0,0.27073,0.36741,0.956823,0.59206,0.2215,0.959974
P22314,UBA1,835,S,35.9069709777832,632.0,,90.75,0.27376616687625954,7,0,-1.1888,0.039932,0.76866,-1.3155,0.10249,1.0
Q9GZZ9,UBA5,45,S,29.977317810058594,83.0,29.977317810058594,92.56,0.31161250793892215,10,10,0.53916,0.12836,0.8792,3.1731,0.012061,0.725671
A0AVT1,UBA6,36,S,18.492605209350586,46.0,18.492605209350586,55.38,0.6256904567190227,13,10,0.3096,0.31787,0.915212,0.36182,0.54486,1.0
P41226,UBA7,24,S,19.706424713134766,442.0,,87.94,0.337478719844725,31,0,0.55269,0.1183,0.870635,0.50701,0.35313,1.0
Q8TF42,UBASH3B,20,S,60.94032669067383,390.0,,30.610000000000003,0.6661176870857981,3,0,0.14335,0.35664,0.95101,1.0062,0.21551,0.959974
Q96LR5,UBE2E2,11,S,61.44754409790039,139.0,,65.5,0.6655301484545578,1,0,-0.93174,0.18383,1.0,-0.33475,0.32883,1.0
Q969T4,UBE2E3,8,S,52.8979377746582,145.0,,70.88,0.7128919074931306,1,0,-0.92047,0.062094,0.814084,-0.74259,0.27602,1.0
Q9Y385,UBE2J1,251,S,43.14047622680664,91.0,,64.06,0.30300365226113923,1,0,-1.1363,0.17541,1.0,-0.57668,0.31459,1.0
Q9C0C9,UBE2O,87,S,18.43057632446289,1040.0,,34.78,0.46629877399320857,1,0,0.18008,0.28045,0.906709,1.0657,0.22349,0.959974
Q9C0C9,UBE2O,89,S,18.852458953857422,1040.0,,29.94,0.6114368684346284,1,0,-1.0282,0.051921,0.806728,0.59055,0.22945,0.959974
Q9C0C9,UBE2O,115,S,30.095958709716797,1040.0,,59.75,0.45624575857507993,1,0,-3.0395,0.017836,0.623526,-0.2121,0.4527,1.0
Q9C0C9,UBE2O,407,S,72.41673278808594,1040.0,,31.44,0.5804867083450499,1,0,0.32587,0.24742,0.903314,-0.34466,0.3596,1.0
Q7Z7E8,UBE2Q1,416,T,10.777006149291992,351.0,,63.22000000000001,0.5966588019800833,1,0,0.089837,0.41651,0.975125,-1.1123,0.072371,1.0
Q8IWV7,UBR1,21,T,34.50861358642578,99.0,34.50861358642578,73.5,0.36193017712887715,25,11,-0.076244,0.42414,1.0,-0.35034,0.34399,1.0
O60701,UGDH,91,T,1.3279259204864502,90.0,1.3279259204864502,92.31000000000002,0.07697961375561901,42,42,0.16353,0.24869,0.903314,1.3171,0.20767,0.959974
Q96RL1,UIMC1,250,S,57.92022705078125,505.0,,36.78,0.8640476719916526,4,0,0.65664,0.11438,0.870635,2.4557,0.036237,0.883805
Q96RL1,UIMC1,632,S,48.9849739074707,524.0,,66.38,0.5283424318707283,4,0,-1.1596,0.0077847,0.409031,-0.54876,0.29592,1.0
Q96RL1,UIMC1,653,S,61.471221923828125,524.0,,36.5,0.7084993529132212,4,0,-0.44355,0.25208,1.0,-1.0239,0.18636,1.0
O75385,ULK1,403,S,72.3802490234375,27.0,,31.329999999999995,0.7002361129640127,11,0,0.20409,0.25859,0.903314,1.5002,0.17964,0.959974
O75385,ULK1,495,S,54.977901458740234,138.0,,30.38,0.5524351640527305,11,0,-0.39284,0.25014,1.0,-1.1816,0.10249,1.0
O75385,ULK1,544,S,43.82481384277344,138.0,,31.94,0.692631512981714,11,0,-0.75063,0.22615,1.0,-0.20544,0.4527,1.0
O75385,ULK1,605,S,46.158206939697266,22.0,,30.19,0.7867018230069895,11,0,-0.51092,0.16244,1.0,-0.59437,0.27204,1.0
O75385,ULK1,623,S,49.50542068481445,24.0,,27.77,0.7471476716411561,11,0,0.19013,0.31787,0.915212,0.3589,0.31054,1.0
O75385,ULK1,638,S,25.249048233032227,26.0,,42.88,0.3517323081291192,11,0,-0.043096,0.45608,1.0,0.63196,0.28107,0.994523
O75385,ULK1,654,T,32.90879440307617,27.0,,33.06,0.7109059604205297,11,0,-0.020857,0.47192,1.0,0.20914,0.43298,1.0
O75385,ULK1,660,T,33.84523391723633,27.0,,28.53,0.7009508377836577,11,0,0.13439,0.29245,0.906709,0.75668,0.32911,1.0
O75385,ULK1,717,T,28.697284698486328,24.0,,28.88,0.7394803529314028,11,0,-0.51894,0.29421,1.0,-0.53545,0.40427,1.0
P11172,UMPS,37,Y,29.67719268798828,372.0,29.67719268798828,91.88,0.2875223821266867,15,15,0.18437,0.35664,0.95101,-0.60438,0.28204,1.0
P13051,UNG,64,S,45.81819152832031,213.0,45.81819152832031,70.5,0.6534837823635565,11,11,-2.5597,0.05192,0.806728,-1.4678,0.098502,1.0
Q92900,UPF1,1107,S,19.965097427368164,155.0,19.965097427368164,25.22,0.7072860900987444,26,26,-2.0324,0.029988,0.709362,0.6057,0.2057,0.959974
O94782,USP1,67,S,35.41844177246094,593.0,39.19956970214844,29.12,0.6617251325058886,2,1,0.74596,0.14046,0.8792,1.7188,0.080049,0.911807
Q14694,USP10,218,S,23.268985748291016,749.0,,32.69,0.6564048554812041,2,0,-0.12051,0.52951,1.0,0.44498,0.55747,1.0
Q92995,USP13,14,S,47.581695556640625,345.0,,31.079999999999995,0.7392137516754026,6,0,-0.6679,0.062095,0.814084,3.5127,0.01206,0.725671
Q9Y2K6,USP20,341,S,42.45216369628906,154.0,,31.889999999999997,0.5692307264290125,14,0,-0.97245,0.11249,0.979559,-0.35611,0.39231,1.0
Q9Y2K6,USP20,373,S,48.00303649902344,154.0,,31.170000000000005,0.7200955186427931,14,0,-1.5602,0.11043,0.978643,-0.98642,0.25016,1.0
Q9Y2K6,USP20,377,T,50.1728515625,154.0,,32.06,0.7477480750118255,14,0,0.40841,0.16054,0.88222,0.18817,0.46903,1.0
Q9Y2K6,USP20,413,S,33.151153564453125,30.0,,33.84,0.7223027408361862,14,0,0.75248,0.17667,0.88222,-1.1188,0.18636,1.0
Q9Y2K6,USP20,430,S,26.714263916015625,33.0,,31.69,0.6700873630261948,14,0,-3.6295,0.0096641,0.427423,0.13031,0.45894,1.0
Q9UPU5,USP24,63,S,73.03628540039062,1698.0,,27.78,0.7264151869614336,2,0,-0.29725,0.28453,1.0,0.34917,0.17175,0.959974
Q9UPU5,USP24,89,T,68.54088592529297,1970.0,,25.03,0.7337458504341873,2,0,-0.46851,0.082226,0.858283,1.386,0.17348,0.959974
Q9UPU5,USP24,1305,S,53.43182373046875,1970.0,,45.12,0.18602095708466446,2,0,0.44983,0.02209,0.870635,0.43549,0.42704,1.0
Q9UPU5,USP24,1375,S,68.52625274658203,1698.0,,30.829999999999995,0.6902377409897168,2,0,-0.085627,0.32438,1.0,1.0402,0.28911,0.998673
Q9UPU5,USP24,2077,S,73.56319427490234,1698.0,,31.97,0.6628891837915724,2,0,0.62852,0.046389,0.870635,1.6836,0.12366,0.959974
Q9UPU5,USP24,2561,S,53.41843032836914,1970.0,,82.06,0.16670531042337114,2,0,0.81814,0.1023,0.870635,0.38551,0.34705,1.0
Q9P275,USP36,513,S,52.44264602661133,382.0,56.59568786621094,41.25,0.7510681360527598,2,1,0.097966,0.47052,0.985552,-1.2755,0.14816,1.0
Q9P275,USP36,546,S,59.496917724609375,131.0,59.496917724609375,35.91,0.6365946613312167,2,1,0.10073,0.4245,0.975125,-0.3426,0.35801,1.0
Q9P275,USP36,614,S,44.788936614990234,382.0,47.65998458862305,31.38,0.7221380808444585,2,1,-1.8607,0.011762,0.475985,1.3743,0.097934,0.926185
Q9P275,USP36,742,S,60.212520599365234,131.0,60.212520599365234,36.69,0.6707076552943912,2,1,0.36644,0.034367,0.870635,0.37176,0.44113,1.0
Q9P275,USP36,871,S,75.39268493652344,131.0,75.39268493652344,33.22,0.7198318680799679,2,1,-0.12847,0.51239,1.0,-1.9788,0.0027027,0.463476
Q9P275,USP36,952,S,61.583213806152344,131.0,61.583213806152344,35.25,0.6111294382580501,2,1,-1.6276,0.039932,0.76866,-0.76177,0.28995,1.0
Q86T82,USP37,268,S,44.901832580566406,906.0,45.738037109375,34.59,0.5280076799722335,2,1,-0.090817,0.3745,1.0,1.7679,0.12563,0.959974
Q86T82,USP37,312,S,26.243606567382812,906.0,28.740474700927734,30.62,0.6470048859682284,2,1,0.38285,0.17066,0.88222,0.042596,0.52907,1.0
Q13107,USP4,642,S,72.63777923583984,881.0,88.74220275878906,29.110000000000003,0.6932025937211175,6,4,-0.39722,0.28228,1.0,0.73334,0.22945,0.959974
Q13107,USP4,677,T,55.16115188598633,881.0,58.38731002807617,28.53,0.7643185881139205,6,4,0.076295,0.42043,0.975125,1.0346,0.22553,0.959974
Q13107,USP4,680,S,64.61804962158203,881.0,66.5444564819336,25.670000000000005,0.8289079650126054,6,4,0.44804,0.17066,0.88222,-0.33309,0.34593,1.0
Q9H9J4,USP42,783,T,57.97422790527344,371.0,,29.66,0.7600338940961897,2,0,0.28645,0.13239,0.8792,1.1358,0.23142,0.959974
Q9H9J4,USP42,936,S,57.80949401855469,371.0,,31.25,0.7153901019712653,2,0,0.20303,0.37261,0.956823,-0.79318,0.23814,1.0
Q9H9J4,USP42,1133,S,65.2481460571289,120.0,,32.12,0.5171307970819559,2,0,0.59372,0.21261,0.887649,1.2129,0.017787,0.725671
Q9H9J4,USP42,1226,S,65.82392120361328,120.0,,37.03,0.6132212119885087,2,0,0.18318,0.39054,0.956823,-0.63051,0.25016,1.0
Q96K76,USP47,933,S,60.08329772949219,503.0,,26.389999999999997,0.6677592604548275,2,0,0.3512,0.06042,0.870635,-0.52188,0.11829,1.0
Q70EL1,USP54,671,S,27.40536117553711,302.0,50.89438247680664,29.27,0.7117113983156101,14,12,0.4262,0.11036,0.870635,1.3945,0.1039,0.959974
Q93009,USP7,18,S,33.058712005615234,223.0,33.058712005615234,30.579999999999995,0.5723383493452642,2,1,-0.068164,0.39029,1.0,1.4247,0.17348,0.959974
Q93009,USP7,54,T,34.987510681152344,464.0,35.16324996948242,27.729999999999997,0.763329278669217,2,1,-0.086773,0.36441,1.0,-0.48508,0.16639,1.0
P40818,USP8,641,S,41.754947662353516,786.0,,34.22,0.5093888588298462,2,0,0.45193,0.14046,0.8792,-0.94123,0.11046,1.0
Q93008,USP9X,1609,S,28.941272735595703,1566.0,72.04087829589844,27.94,0.545061460996301,6,4,-0.12759,0.50114,1.0,-0.71374,0.15907,1.0
Q2YD98,UVSSA,657,S,52.29438018798828,588.0,52.29438018798828,84.75,0.5023607715019909,4,4,-0.12466,0.30027,1.0,-1.3112,0.022127,0.959477
Q99536,VAT1,18,S,95.4021224975586,90.0,95.4021224975586,50.41,0.6980288907706194,13,13,-0.12437,0.25812,1.0,1.098,0.25338,0.959974
P55072,VCP,805,Y,34.46783447265625,524.0,48.414085388183594,41.279999999999994,0.8627873684415108,15,9,-0.19638,0.25014,1.0,-0.61037,0.16037,1.0
Q96JH7,VCPIP1,768,S,56.147098541259766,216.0,,30.05,0.5472795470197735,3,0,-0.65787,0.28031,1.0,-0.15387,0.4527,1.0
P21796,VDAC1,104,S,26.131826400756836,12.0,31.290817260742188,92.38,0.14176682096234317,8,6,-0.22887,0.16446,1.0,1.5106,0.1039,0.959974
Q9UN37,VPS4A,95,S,43.22819900512695,174.0,,28.78,0.6302038916769064,8,0,0.64313,0.030287,0.870635,0.19885,0.47295,1.0
Q9UN37,VPS4A,97,S,41.27968978881836,174.0,,28.41,0.6821282972021562,8,0,0.56755,0.024195,0.870635,2.5139,0.046186,0.883805
Q9UN37,VPS4A,99,S,38.16963577270508,174.0,,31.889999999999997,0.7120133965771488,8,0,-0.049134,0.45412,1.0,-0.7294,0.2143,1.0
O75351,VPS4B,93,S,58.47843551635742,181.0,,38.75,0.7096634041989047,8,0,0.12,0.4331,0.975125,-0.0042767,0.34918,1.0
Q96S15,WDR24,600,S,46.89000701904297,785.0,46.89000701904297,26.94,0.5961401092425249,15,15,1.0981,0.048335,0.870635,-0.16885,0.43654,1.0
P30291,WEE1,127,S,40.706146240234375,305.0,42.413185119628906,38.19,0.695245155922783,15,4,-0.51787,0.29218,1.0,-0.20138,0.44258,1.0
P30291,WEE1,139,S,27.086973190307617,307.0,30.250865936279297,37.66,0.6655520382614344,15,4,0.19962,0.35664,0.95101,0.83502,0.25132,0.959974
P30291,WEE1,187,T,5.987056732177734,309.0,13.26987075805664,41.46999999999999,0.6916833586364508,15,4,0.12449,0.31049,0.915212,1.2885,0.21361,0.959974
P30291,WEE1,190,T,7.8884968757629395,309.0,11.580944061279297,38.25,0.6711100911922109,15,4,-0.13639,0.32438,1.0,0.28838,0.44506,1.0
P30291,WEE1,204,S,32.61301040649414,342.0,32.61301040649414,36.44,0.7734914056303047,15,4,0.0074974,0.76835,1.0,1.5158,0.26203,0.961678
Q9H4A3,WNK1,19,S,68.2989501953125,351.0,68.2989501953125,37.38,0.6474496544146178,11,6,0.69704,0.0011563,0.655002,0.077985,0.72245,1.0
Q9H4A3,WNK1,31,S,69.62174224853516,351.0,69.62174224853516,30.920000000000005,0.6911162519056987,11,6,-1.4294,0.0025765,0.184048,-0.295,0.18373,1.0
Q9Y3S1,WNK2,1150,S,52.40957260131836,277.0,,27.920000000000005,0.8040630342076354,7,0,0.041851,0.46852,0.985552,4.0594,0.00396,0.67882
Q96S55,WRNIP1,91,S,29.854013442993164,39.0,29.854013442993164,32.59,0.6073960911585622,12,5,0.016521,0.47152,0.985552,-0.54305,0.30115,1.0
Q96S55,WRNIP1,92,S,30.65501594543457,39.0,30.65501594543457,36.97,0.7887662750155316,12,5,0.18256,0.21252,0.887649,2.1777,0.082038,0.911807
Q96S55,WRNIP1,111,Y,36.678977966308594,274.0,39.45372772216797,32.31,0.7869831506446707,12,5,0.56373,0.17667,0.88222,0.30333,0.40108,1.0
O00308,WWP2,197,S,84.69287872314453,838.0,,37.59,0.6822983891089234,1,0,-0.001929,0.47881,1.0,0.44739,0.45648,1.0
Q9UBH6,XPR1,676,S,46.4639778137207,482.0,46.4639778137207,35.28,0.7449350175327233,7,7,-0.36904,0.33053,1.0,2.0798,0.012061,0.725671
P12956,XRCC6,103,Y,30.956018447875977,31.0,,95.5,0.1456961254526935,1,0,-0.36232,0.10637,0.957869,-0.97758,0.10249,1.0
P12956,XRCC6,180,S,40.400718688964844,31.0,,91.44,0.6250701644508262,1,0,0.081625,0.49882,0.993279,-0.43577,0.013415,0.87425
P12956,XRCC6,319,S,30.92273712158203,31.0,,95.25,0.44162393509500575,1,0,-0.31207,0.34248,1.0,2.0,0.044199,0.883805
P12956,XRCC6,324,S,44.22760772705078,31.0,,93.81,0.7561247625146191,1,0,-0.39726,0.20628,1.0,-0.89816,0.17834,1.0
P12956,XRCC6,455,T,60.63898849487305,31.0,,94.5,0.3627218584775818,1,0,0.07825,0.2903,0.906709,-0.11999,0.49176,1.0
P12956,XRCC6,550,S,76.52503204345703,31.0,,35.38,0.7812114540755378,1,0,-0.094689,0.39511,1.0,-0.016493,0.60672,1.0
P12956,XRCC6,560,S,84.21578216552734,31.0,,63.720000000000006,0.34872926984572256,1,0,-0.49899,0.10842,0.971683,-0.045664,0.40427,1.0
P54577,YARS,224,S,14.633404731750488,188.0,14.633404731750488,59.15999999999999,0.2637896847088404,5,5,0.018283,0.47244,0.985552,0.43194,0.42093,1.0
A8MPS7,YDJC,81,S,14.54292106628418,134.0,,97.5,0.1586286202727667,3,0,0.17529,0.58255,1.0,-0.23018,0.20352,1.0
Q5VVQ6,YOD1,64,S,38.45368576049805,267.0,40.62395095825195,88.75,0.09513537073986156,5,1,0.67332,0.030287,0.870635,1.5604,0.14758,0.959974
Q5VVQ6,YOD1,130,S,53.47223663330078,267.0,56.38932418823242,39.41,0.6030527481074457,5,1,0.14479,0.38457,0.956823,-0.15408,0.42034,1.0
Q96MU7,YTHDC1,146,S,64.90150451660156,361.0,64.90150451660156,43.38,0.6561466368334187,7,7,0.48614,0.21057,0.887649,-0.071319,0.44258,1.0
Q96MU7,YTHDC1,148,T,65.83690643310547,361.0,65.83690643310547,48.03000000000001,0.7877569149979399,7,7,0.76083,0.080366,0.870635,1.1609,0.13964,0.959974
Q96MU7,YTHDC1,167,S,55.3586311340332,476.0,55.3586311340332,38.84,0.7212541380134369,7,7,-0.35384,0.27819,1.0,1.4397,0.16563,0.926185
Q9H6S0,YTHDC2,1090,S,65.87032318115234,1296.0,,35.22,0.5919838835035242,13,0,0.19737,0.13934,0.8792,1.1635,0.086109,0.911807
Q9H6S0,YTHDC2,1183,S,23.137569427490234,1294.0,,42.12,0.4237251264521417,13,0,-0.1393,0.28819,1.0,0.15898,0.49299,1.0
Q9H6S0,YTHDC2,1269,S,32.546791076660156,1310.0,,23.81,0.7120407182990651,13,0,-0.0025892,0.48787,1.0,1.1992,0.23937,0.959974
Q9BYJ9,YTHDF1,182,S,37.18244934082031,465.0,37.18244934082031,35.88,0.7422557051710243,9,8,0.298,0.22862,0.903314,0.49853,0.36324,1.0
Q9Y5A9,YTHDF2,4,S,44.861114501953125,432.0,44.861114501953125,46.41,0.7118487365854212,9,9,0.76048,0.16054,0.88222,-0.80645,0.29795,1.0
P25490,YY1,184,S,32.49924087524414,385.0,32.49924087524414,28.12,0.6227147401575424,16,16,-0.23005,0.2867,1.0,1.3335,0.17026,0.959974
P43403,ZAP70,106,S,35.208282470703125,461.0,35.208282470703125,87.69,0.8199308741391423,10,1,0.12308,0.26447,0.903314,-0.013356,0.2143,1.0
P43403,ZAP70,167,S,54.29792022705078,352.0,57.10057830810547,90.69,0.6445012595750539,10,1,0.067279,0.6354,1.0,0.42927,0.22504,0.959974
P43403,ZAP70,292,Y,4.243991851806641,345.0,13.96631908416748,33.81,0.37695284594840966,10,1,-0.089358,0.19803,1.0,0.50304,0.051322,0.883805
P43403,ZAP70,301,S,21.66213607788086,352.0,28.74151039123535,39.09,0.46612868208644126,10,1,0.61457,0.12954,0.8792,0.76968,0.02537,0.826064
P43403,ZAP70,315,Y,17.583477020263672,352.0,20.615535736083984,97.38,0.021923204168232662,10,1,0.48991,0.034883,0.870635,-0.22056,0.44591,1.0
P43403,ZAP70,397,Y,11.81004524230957,461.0,11.81004524230957,98.5,0.004073988684649127,10,1,-0.87754,0.026401,0.709362,0.98164,0.090035,0.911807
O75132,ZBED4,1053,S,34.159034729003906,505.0,,41.69,0.7278812365086559,16,0,0.50802,0.15654,0.88222,-0.78,0.20633,1.0
Q5D1E8,ZC3H12A,344,S,57.175514221191406,226.0,57.175514221191406,60.19,0.4902651938821968,1,1,-0.19074,0.34652,1.0,-0.31475,0.39231,1.0
Q5D1E8,ZC3H12A,366,S,96.25151824951172,226.0,96.25151824951172,37.78,0.6067095619562242,1,1,0.20119,0.36264,0.956823,-0.2493,0.43049,1.0
Q9NUE0,ZDHHC18,19,S,44.35152053833008,222.0,,37.22,0.7536593216734407,1,0,0.60669,0.38457,0.956823,-1.6807,0.054164,1.0
Q9NUE0,ZDHHC18,366,S,46.08207702636719,222.0,,31.25,0.6490639060617307,1,0,0.17608,0.35467,0.95101,-1.9942,0.01403,0.87425
Q9C0B5,ZDHHC5,296,S,76.72351837158203,134.0,,43.03,0.6744136806719628,1,0,0.069502,0.26554,0.903314,0.55064,0.5948,1.0
Q9C0B5,ZDHHC5,409,S,40.702144622802734,134.0,,34.03,0.6152637741901742,1,0,-0.51082,0.19229,1.0,-0.53888,0.35186,1.0
Q9C0B5,ZDHHC5,425,S,45.35160446166992,134.0,,37.34,0.6158348549295778,1,0,1.3963,0.064435,0.870635,-1.398,0.1202,1.0
Q9C0B5,ZDHHC5,529,S,40.41239929199219,134.0,,35.47,0.6678528191108853,1,0,-0.168,0.60039,1.0,-0.075784,0.52383,1.0
Q9C0B5,ZDHHC5,585,S,57.813419342041016,134.0,,39.09,0.5818373094293376,1,0,0.52302,0.078368,0.870635,-0.035562,0.40427,1.0
Q9C0B5,ZDHHC5,694,S,45.653778076171875,134.0,,35.06,0.669208852110213,1,0,0.86332,0.064436,0.870635,-1.5158,0.026109,0.959477
Q9ULC8,ZDHHC8,627,S,54.75509262084961,134.0,,37.62,0.6269753883826807,1,0,1.3567,0.0060636,0.870635,0.16587,0.57654,1.0
Q9ULC8,ZDHHC8,682,S,61.42584991455078,134.0,,33.5,0.7135121997613273,1,0,0.21472,0.54082,1.0,-0.55419,0.18943,1.0
O76080,ZFAND5,72,S,34.92215347290039,18.0,,59.56,0.6934881340908193,12,0,-0.44476,0.05192,0.806728,0.60346,0.35119,1.0
Q96JP5,ZFP91,47,S,59.82685852050781,453.0,59.82685852050781,38.41,0.6952232661159065,20,20,0.21923,0.076772,0.870635,0.90045,0.12715,0.959974
Q96JP5,ZFP91,69,S,18.746095657348633,432.0,18.746095657348633,50.19,0.6217207807786259,20,20,-0.49791,0.18034,1.0,0.41524,0.32911,1.0
Q96JP5,ZFP91,101,S,28.539499282836914,405.0,28.539499282836914,35.44,0.6489211358768798,20,20,0.35952,0.29245,0.906709,3.6935,0.00396,0.67882
Q8IX07,ZFPM1,52,S,40.301456451416016,579.0,,47.38,0.6527699314393023,20,0,-0.17147,0.30637,1.0,0.60732,0.33716,1.0
Q8IX07,ZFPM1,61,S,47.02554702758789,976.0,,43.62,0.6992367216700565,20,0,1.1108,0.046388,0.870635,-0.99293,0.15634,1.0
Q8IX07,ZFPM1,84,S,32.66244888305664,822.0,,46.0,0.5984901016207689,20,0,0.13487,0.40056,0.957974,0.18741,0.467,1.0
Q8IX07,ZFPM1,272,S,13.39724063873291,264.0,,31.81,0.6447649101378791,20,0,-0.16437,0.32032,1.0,0.5522,0.34312,1.0
Q8IX07,ZFPM1,653,T,58.24509048461914,835.0,,35.66,0.7507615199092665,20,0,-1.73,0.075786,0.834482,0.18024,0.48966,1.0
Q8IX07,ZFPM1,671,S,24.886686325073242,706.0,,31.94,0.7743261369325335,20,0,0.59607,0.22862,0.903314,0.61611,0.22553,0.959974
Q8IX07,ZFPM1,786,S,34.694759368896484,685.0,,37.59,0.6383516831631805,20,0,0.96879,0.13239,0.8792,1.9191,0.0079989,0.725671
Q8IX07,ZFPM1,901,S,34.046730041503906,264.0,,33.88,0.6959863285689538,20,0,0.14493,0.4386,0.975125,-0.34364,0.43864,1.0
Q5T4F4,ZFYVE27,25,S,65.38658905029297,374.0,,40.41,0.6087740139647664,8,0,-1.6689,0.16133,1.0,-0.80522,0.02605,0.959477
Q86YA3,ZGRF1,877,S,61.968177795410156,1349.0,,25.5,0.659808882597237,10,0,-0.08085,0.36849,1.0,-0.11207,0.28995,1.0
Q9ULU4,ZMYND8,12,S,35.7708740234375,111.0,35.7708740234375,38.0,0.7836106579825747,19,11,0.38502,0.035312,0.870635,-0.050448,0.23464,1.0
Q9ULU4,ZMYND8,462,S,60.752952575683594,1028.0,61.826210021972656,37.41,0.6029372996445113,19,11,0.18851,0.17667,0.88222,0.79125,0.35313,1.0
Q9ULU4,ZMYND8,495,S,54.218772888183594,274.0,54.218772888183594,33.28,0.6795419759830035,19,11,-0.26691,0.23817,1.0,0.17318,0.47901,1.0
Q9ULU4,ZMYND8,514,S,43.62847137451172,274.0,43.62847137451172,33.75,0.8250864911720995,19,11,-0.46392,0.25812,1.0,-1.0779,0.17834,1.0
Q8N554,ZNF276,11,S,39.29254913330078,136.0,,62.970000000000006,0.6577608884805317,4,0,0.0221,0.47244,0.985552,2.7595,0.038222,0.883805
Q8N554,ZNF276,360,S,29.7409610748291,139.0,,37.78,0.7022732432506383,4,0,0.20668,0.37015,0.956823,-0.6099,0.047232,1.0
Q9Y462,ZNF711,221,T,64.3700180053711,567.0,64.3700180053711,31.110000000000007,0.7368726118480404,3,3,-0.11957,0.3745,1.0,-0.47625,0.23219,1.0
Q9UHR6,ZNHIT2,149,S,68.45885467529297,41.0,,32.88,0.7602372086398668,8,0,0.24445,0.17259,0.88222,1.7433,0.12563,0.959974
Q9UHR6,ZNHIT2,403,S,44.618431091308594,25.0,,61.25,1.1658702475617595,8,0,0.52151,0.23261,0.903314,-0.46275,0.39231,1.0
Q9NWK9,ZNHIT6,25,S,47.575618743896484,232.0,,33.38,0.7209959193656514,8,0,-0.16743,0.59539,1.0,-1.2735,0.063936,1.0
O60232,ZNRD2,12,S,28.14738655090332,56.0,28.14738655090332,78.06,0.4852523470340907,4,4,0.26008,0.15409,0.88222,-0.34237,0.2556,1.0
Q8NEG5,ZSWIM2,20,S,60.28913116455078,249.0,,88.12,0.18675669781579549,8,0,0.36707,0.20452,0.887649,0.73968,0.25539,0.959974
Q96AP4,ZUP1,138,S,66.52458953857422,491.0,,26.579999999999995,0.6498050787079015,3,0,-0.042936,0.44417,1.0,-0.66385,0.16837,1.0
