acc,res,feat_type,evidence
A0AVT1,625,Active site,ECO:0000255
A0AVT1,46,Binding site,ECO:0000269;ECO:0007744
A0AVT1,470,Binding site,ECO:0000305;ECO:0007744
A0AVT1,497,Binding site,ECO:0000269;ECO:0000305;ECO:0007744
A0AVT1,499,Binding site,ECO:0000250
A0AVT1,502,Binding site,ECO:0000250
A0AVT1,505,Binding site,ECO:0000269;ECO:0007744
A0AVT1,508,Binding site,ECO:0000269;ECO:0000305;ECO:0007744
A0AVT1,509,Binding site,ECO:0000305;ECO:0007744
A0AVT1,521,Binding site,ECO:0000269;ECO:0000305;ECO:0007744
A0AVT1,545,Binding site,ECO:0000269;ECO:0000305;ECO:0007744
A0AVT1,569,Binding site,ECO:0000269;ECO:0007744
A0AVT1,570,Binding site,ECO:0000269;ECO:0000305;ECO:0007744
A0FGR8,400,Binding site,ECO:0000269
A0FGR8,401,Binding site,ECO:0000269
A0FGR8,401,Binding site,ECO:0000269
A0FGR8,413,Binding site,ECO:0000269
A0FGR8,460,Binding site,ECO:0000269
A0FGR8,460,Binding site,ECO:0000269
A0FGR8,461,Binding site,ECO:0000269
A0FGR8,462,Binding site,ECO:0000269
A0FGR8,462,Binding site,ECO:0000269
A0FGR8,462,Binding site,ECO:0000269
A0FGR8,464,Binding site,ECO:0000269
A0FGR8,466,Binding site,ECO:0000269
A0FGR8,467,Binding site,ECO:0000269
A7MCY6,586,Binding site,ECO:0000255
A7MCY6,589,Binding site,ECO:0000255
A7MCY6,605,Binding site,ECO:0000255
A7MCY6,609,Binding site,ECO:0000255
A8MPS7,13,Active site,ECO:0000250
A8MPS7,14,Binding site,ECO:0000250
A8MPS7,134,Binding site,ECO:0000250
B0I1T2,102,Binding site,ECO:0000250
B0I1T2,103,Binding site,ECO:0000250
B0I1T2,104,Binding site,ECO:0000250
B0I1T2,105,Binding site,ECO:0000250
B0I1T2,106,Binding site,ECO:0000250
B0I1T2,107,Binding site,ECO:0000250
B0I1T2,108,Binding site,ECO:0000250
B0I1T2,109,Binding site,ECO:0000250
B0YJ81,210,Active site,ECO:0000250
B0YJ81,217,Active site,ECO:0000250
B2RTY4,239,Binding site,ECO:0000255
B2RTY4,240,Binding site,ECO:0000255
B2RTY4,241,Binding site,ECO:0000255
B2RTY4,242,Binding site,ECO:0000255
B2RTY4,243,Binding site,ECO:0000255
B2RTY4,244,Binding site,ECO:0000255
B2RTY4,245,Binding site,ECO:0000255
B2RTY4,246,Binding site,ECO:0000255
O00116,578,Active site,ECO:0000250
O00116,234,Binding site,ECO:0000250
O00116,235,Binding site,ECO:0000250
O00116,236,Binding site,ECO:0000250
O00116,237,Binding site,ECO:0000250
O00116,238,Binding site,ECO:0000250
O00116,239,Binding site,ECO:0000250
O00116,240,Binding site,ECO:0000250
O00116,303,Binding site,ECO:0000250
O00116,304,Binding site,ECO:0000250
O00116,305,Binding site,ECO:0000250
O00116,306,Binding site,ECO:0000250
O00116,307,Binding site,ECO:0000250
O00116,308,Binding site,ECO:0000250
O00116,309,Binding site,ECO:0000250
O00116,316,Binding site,ECO:0000250
O00116,317,Binding site,ECO:0000250
O00116,318,Binding site,ECO:0000250
O00116,319,Binding site,ECO:0000250
O00116,368,Binding site,ECO:0000250
O00116,369,Binding site,ECO:0000250
O00116,370,Binding site,ECO:0000250
O00116,371,Binding site,ECO:0000250
O00116,372,Binding site,ECO:0000250
O00116,373,Binding site,ECO:0000250
O00116,374,Binding site,ECO:0000250
O00116,515,Binding site,ECO:0000250
O00148,88,Binding site,ECO:0000255
O00148,89,Binding site,ECO:0000255
O00148,90,Binding site,ECO:0000255
O00148,91,Binding site,ECO:0000255
O00148,92,Binding site,ECO:0000255
O00148,93,Binding site,ECO:0000255
O00148,94,Binding site,ECO:0000255
O00148,95,Binding site,ECO:0000255
O00151,260,Binding site,
O00151,263,Binding site,
O00151,280,Binding site,
O00151,283,Binding site,
O00151,286,Binding site,
O00151,289,Binding site,
O00151,307,Binding site,
O00151,310,Binding site,
O00178,167,Binding site,ECO:0000255
O00178,168,Binding site,ECO:0000255
O00178,169,Binding site,ECO:0000255
O00178,170,Binding site,ECO:0000255
O00178,171,Binding site,ECO:0000255
O00178,172,Binding site,ECO:0000255
O00178,173,Binding site,ECO:0000255
O00178,174,Binding site,ECO:0000255
O00178,252,Binding site,ECO:0000255
O00178,253,Binding site,ECO:0000255
O00178,254,Binding site,ECO:0000255
O00178,255,Binding site,ECO:0000255
O00178,256,Binding site,ECO:0000255
O00178,308,Binding site,ECO:0000255
O00178,309,Binding site,ECO:0000255
O00178,310,Binding site,ECO:0000255
O00178,311,Binding site,ECO:0000255
O00267,579,Binding site,ECO:0000269;ECO:0007744
O00267,619,Binding site,ECO:0000269;ECO:0007744
O00308,838,Active site,ECO:0000255
O00311,177,Active site,ECO:0000255
O00311,64,Binding site,ECO:0000255
O00311,65,Binding site,ECO:0000255
O00311,66,Binding site,ECO:0000255
O00311,67,Binding site,ECO:0000255
O00311,68,Binding site,ECO:0000255
O00311,69,Binding site,ECO:0000255
O00311,70,Binding site,ECO:0000255
O00311,71,Binding site,ECO:0000255
O00311,72,Binding site,ECO:0000255
O00311,90,Binding site,ECO:0000255
O00418,296,Binding site,ECO:0000250
O00418,297,Binding site,ECO:0000250
O00418,298,Binding site,ECO:0000250
O00418,299,Binding site,ECO:0000250
O00418,300,Binding site,ECO:0000250
O00418,301,Binding site,ECO:0000250
O00418,302,Binding site,ECO:0000250
O00560,215,Binding site,ECO:0000269;ECO:0007744
O00560,250,Binding site,ECO:0000269;ECO:0007744
O00560,251,Binding site,ECO:0000269;ECO:0007744
O00571,200,Binding site,
O00571,201,Binding site,
O00571,202,Binding site,
O00571,203,Binding site,
O00571,204,Binding site,
O00571,205,Binding site,
O00571,206,Binding site,
O00571,207,Binding site,
O00571,224,Binding site,
O00571,225,Binding site,
O00571,226,Binding site,
O00571,227,Binding site,
O00571,228,Binding site,
O00571,229,Binding site,
O00571,230,Binding site,
O00571,231,Binding site,
O00746,151,Active site,ECO:0000250
O00746,45,Binding site,ECO:0000250
O00746,45,Binding site,ECO:0000250
O00746,45,Binding site,ECO:0000250
O00746,91,Binding site,ECO:0000250
O00746,121,Binding site,ECO:0000250
O00746,121,Binding site,ECO:0000250
O00746,127,Binding site,ECO:0000250
O00746,127,Binding site,ECO:0000250
O00746,127,Binding site,ECO:0000250
O00746,138,Binding site,ECO:0000250
O00746,138,Binding site,ECO:0000250
O00746,145,Binding site,ECO:0000250
O00746,145,Binding site,ECO:0000250
O00746,145,Binding site,ECO:0000250
O00746,148,Binding site,ECO:0000250
O00746,148,Binding site,ECO:0000250
O00746,148,Binding site,ECO:0000250
O14578,221,Active site,ECO:0000255
O14578,103,Binding site,ECO:0000255
O14578,104,Binding site,ECO:0000255
O14578,105,Binding site,ECO:0000255
O14578,106,Binding site,ECO:0000255
O14578,107,Binding site,ECO:0000255
O14578,108,Binding site,ECO:0000255
O14578,109,Binding site,ECO:0000255
O14578,110,Binding site,ECO:0000255
O14578,111,Binding site,ECO:0000255
O14578,126,Binding site,ECO:0000255
O14646,506,Binding site,ECO:0000255
O14646,507,Binding site,ECO:0000255
O14646,508,Binding site,ECO:0000255
O14646,509,Binding site,ECO:0000255
O14646,510,Binding site,ECO:0000255
O14646,511,Binding site,ECO:0000255
O14646,512,Binding site,ECO:0000255
O14646,513,Binding site,ECO:0000255
O14647,509,Binding site,ECO:0000255
O14647,510,Binding site,ECO:0000255
O14647,511,Binding site,ECO:0000255
O14647,512,Binding site,ECO:0000255
O14647,513,Binding site,ECO:0000255
O14647,514,Binding site,ECO:0000255
O14647,515,Binding site,ECO:0000255
O14647,516,Binding site,ECO:0000255
O14686,5451,Binding site,ECO:0000255
O14686,5474,Binding site,ECO:0000250
O14686,5475,Binding site,ECO:0000250
O14686,5477,Binding site,ECO:0000250
O14686,5525,Binding site,ECO:0000250
O14686,5527,Binding site,ECO:0000250
O14686,5532,Binding site,ECO:0000250
O14733,243,Active site,ECO:0000255
O14733,126,Binding site,ECO:0000255
O14733,127,Binding site,ECO:0000255
O14733,128,Binding site,ECO:0000255
O14733,129,Binding site,ECO:0000255
O14733,130,Binding site,ECO:0000255
O14733,131,Binding site,ECO:0000255
O14733,132,Binding site,ECO:0000255
O14733,133,Binding site,ECO:0000255
O14733,134,Binding site,ECO:0000255
O14733,149,Binding site,ECO:0000255
O14744,435,Active site,ECO:0000305
O14744,444,Active site,ECO:0000305
O14744,324,Binding site,ECO:0000269
O14744,327,Binding site,ECO:0000269
O14744,333,Binding site,ECO:0000269
O14744,334,Binding site,ECO:0000269
O14744,392,Binding site,ECO:0000269
O14744,419,Binding site,ECO:0000269
O14744,420,Binding site,ECO:0000269
O14744,435,Binding site,ECO:0000269
O14744,444,Binding site,ECO:0000269
O14782,97,Binding site,
O14782,98,Binding site,
O14782,99,Binding site,
O14782,100,Binding site,
O14782,101,Binding site,
O14782,102,Binding site,
O14782,103,Binding site,
O14782,104,Binding site,
O14874,279,Binding site,ECO:0000269;ECO:0007744
O14874,279,Binding site,ECO:0000269;ECO:0007744
O14874,315,Binding site,ECO:0000269;ECO:0007744
O14874,328,Binding site,ECO:0000269;ECO:0007744
O14874,330,Binding site,ECO:0000269;ECO:0007744
O14874,333,Binding site,ECO:0000269;ECO:0007744
O14874,334,Binding site,ECO:0000269;ECO:0007744
O14874,335,Binding site,ECO:0000269;ECO:0007744
O14874,364,Binding site,ECO:0000269;ECO:0007744
O14874,367,Binding site,ECO:0000269;ECO:0007744
O14874,367,Binding site,ECO:0000269;ECO:0007744
O14874,370,Binding site,ECO:0000269;ECO:0007744
O14920,145,Active site,ECO:0000255
O14920,21,Binding site,ECO:0000255
O14920,22,Binding site,ECO:0000255
O14920,23,Binding site,ECO:0000255
O14920,24,Binding site,ECO:0000255
O14920,25,Binding site,ECO:0000255
O14920,26,Binding site,ECO:0000255
O14920,27,Binding site,ECO:0000255
O14920,28,Binding site,ECO:0000255
O14920,29,Binding site,ECO:0000255
O14920,44,Binding site,ECO:0000255
O14929,276,Active site,ECO:0000303
O14929,241,Binding site,ECO:0000269
O14929,242,Binding site,ECO:0000269
O14929,243,Binding site,ECO:0000269
O14929,248,Binding site,ECO:0000269
O14929,249,Binding site,ECO:0000269
O14929,250,Binding site,ECO:0000269
O14929,251,Binding site,ECO:0000269
O14929,252,Binding site,ECO:0000269
O14929,253,Binding site,ECO:0000269
O14929,254,Binding site,ECO:0000269
O14964,166,Binding site,ECO:0000255
O14964,169,Binding site,ECO:0000255
O14964,182,Binding site,ECO:0000255
O14964,185,Binding site,ECO:0000255
O14964,190,Binding site,ECO:0000255
O14964,193,Binding site,ECO:0000255
O14964,212,Binding site,ECO:0000255
O14964,215,Binding site,ECO:0000255
O14976,173,Active site,ECO:0000255
O14981,1291,Binding site,ECO:0000255
O14981,1292,Binding site,ECO:0000255
O14981,1293,Binding site,ECO:0000255
O14981,1294,Binding site,ECO:0000255
O14981,1295,Binding site,ECO:0000255
O14981,1296,Binding site,ECO:0000255
O14981,1297,Binding site,ECO:0000255
O14981,1298,Binding site,ECO:0000255
O15047,1684,Binding site,ECO:0000255
O15067,1158,Active site,ECO:0000250
O15067,1297,Active site,ECO:0000250
O15067,1299,Active site,ECO:0000250
O15067,322,Binding site,ECO:0000255
O15067,323,Binding site,ECO:0000255
O15067,324,Binding site,ECO:0000255
O15067,325,Binding site,ECO:0000255
O15067,326,Binding site,ECO:0000255
O15067,327,Binding site,ECO:0000255
O15067,328,Binding site,ECO:0000255
O15067,329,Binding site,ECO:0000255
O15067,330,Binding site,ECO:0000255
O15067,331,Binding site,ECO:0000255
O15067,332,Binding site,ECO:0000255
O15067,333,Binding site,ECO:0000255
O15067,402,Binding site,ECO:0000250
O15067,403,Binding site,ECO:0000250
O15067,404,Binding site,ECO:0000250
O15067,706,Binding site,ECO:0000250
O15067,707,Binding site,ECO:0000250
O15067,746,Binding site,ECO:0000250
O15067,750,Binding site,ECO:0000250
O15067,909,Binding site,ECO:0000250
O15067,911,Binding site,ECO:0000250
O15294,508,Active site,ECO:0000305
O15294,849,Binding site,ECO:0000269;ECO:0007744
O15294,852,Binding site,ECO:0000269;ECO:0007744
O15294,906,Binding site,ECO:0000269;ECO:0007744
O15294,907,Binding site,ECO:0000269;ECO:0007744
O15294,908,Binding site,ECO:0000269;ECO:0007744
O15294,911,Binding site,ECO:0000269;ECO:0007744
O15294,912,Binding site,ECO:0000269;ECO:0007744
O15294,913,Binding site,ECO:0000269;ECO:0007744
O15294,914,Binding site,ECO:0000269;ECO:0007744
O15294,930,Binding site,ECO:0000269;ECO:0007744
O15294,931,Binding site,ECO:0000269;ECO:0007744
O15294,932,Binding site,ECO:0000269;ECO:0007744
O15294,935,Binding site,ECO:0000269;ECO:0007744
O15355,60,Binding site,ECO:0000250
O15355,60,Binding site,ECO:0000250
O15355,61,Binding site,ECO:0000250
O15355,441,Binding site,ECO:0000250
O15355,496,Binding site,ECO:0000250
O15379,135,Active site,ECO:0000250
O15379,17,Binding site,ECO:0000269;ECO:0007744
O15379,21,Binding site,ECO:0000269;ECO:0007744
O15379,25,Binding site,ECO:0000269;ECO:0007744
O15379,170,Binding site,ECO:0000269;ECO:0007744
O15379,172,Binding site,ECO:0000269;ECO:0007744
O15379,259,Binding site,ECO:0000269;ECO:0007744
O15379,265,Binding site,ECO:0000269;ECO:0007744
O15530,205,Active site,ECO:0000255
O15530,92,Binding site,ECO:0000269
O15530,93,Binding site,ECO:0000269
O15530,94,Binding site,ECO:0000269
O15530,111,Binding site,ECO:0000269
O15530,160,Binding site,ECO:0000269
O15530,161,Binding site,ECO:0000269
O15530,162,Binding site,ECO:0000269
O15530,166,Binding site,ECO:0000269
O15530,209,Binding site,ECO:0000269
O15530,223,Binding site,ECO:0000269
O15550,1146,Binding site,ECO:0000269
O15550,1148,Binding site,ECO:0000269
O15550,1226,Binding site,ECO:0000269
O15550,1331,Binding site,ECO:0000269
O15550,1334,Binding site,ECO:0000269
O15550,1358,Binding site,ECO:0000269
O15550,1361,Binding site,ECO:0000269
O43143,160,Binding site,ECO:0000255
O43143,161,Binding site,ECO:0000255
O43143,162,Binding site,ECO:0000255
O43143,163,Binding site,ECO:0000255
O43143,164,Binding site,ECO:0000255
O43143,165,Binding site,ECO:0000255
O43143,166,Binding site,ECO:0000255
O43143,167,Binding site,ECO:0000255
O43149,1783,Binding site,ECO:0000255
O43149,1786,Binding site,ECO:0000255
O43149,1797,Binding site,ECO:0000255
O43149,1800,Binding site,ECO:0000255
O43149,1806,Binding site,ECO:0000255
O43149,1809,Binding site,ECO:0000255
O43149,1819,Binding site,ECO:0000255
O43149,1823,Binding site,ECO:0000255
O43149,1832,Binding site,ECO:0000255
O43149,1835,Binding site,ECO:0000255
O43149,1846,Binding site,ECO:0000255
O43149,1849,Binding site,ECO:0000255
O43149,1855,Binding site,ECO:0000255
O43149,1858,Binding site,ECO:0000255
O43149,1868,Binding site,ECO:0000255
O43149,1872,Binding site,ECO:0000255
O43159,281,Binding site,ECO:0000269;ECO:0007744
O43159,316,Binding site,ECO:0000269;ECO:0007744
O43159,334,Binding site,ECO:0000269;ECO:0007744
O43159,346,Binding site,ECO:0000269;ECO:0007744
O43159,347,Binding site,ECO:0000269;ECO:0007744
O43159,363,Binding site,ECO:0000269;ECO:0007744
O43169,59,Binding site,ECO:0000255
O43169,83,Binding site,ECO:0000255
O43175,236,Active site,
O43175,265,Active site,ECO:0000250
O43175,283,Active site,
O43175,78,Binding site,ECO:0000269
O43175,155,Binding site,ECO:0000269
O43175,156,Binding site,ECO:0000269
O43175,175,Binding site,ECO:0000269
O43175,207,Binding site,ECO:0000269
O43175,234,Binding site,ECO:0000269
O43175,235,Binding site,ECO:0000269
O43175,236,Binding site,ECO:0000269
O43175,260,Binding site,ECO:0000269
O43175,283,Binding site,ECO:0000269
O43175,284,Binding site,ECO:0000269
O43175,285,Binding site,ECO:0000269
O43175,286,Binding site,ECO:0000269
O43237,61,Binding site,ECO:0000255
O43237,62,Binding site,ECO:0000255
O43237,63,Binding site,ECO:0000255
O43237,64,Binding site,ECO:0000255
O43237,65,Binding site,ECO:0000255
O43237,66,Binding site,ECO:0000255
O43237,67,Binding site,ECO:0000255
O43237,68,Binding site,ECO:0000255
O43439,507,Binding site,ECO:0000255
O43439,510,Binding site,ECO:0000255
O43439,518,Binding site,ECO:0000255
O43439,521,Binding site,ECO:0000255
O43439,527,Binding site,ECO:0000255
O43439,531,Binding site,ECO:0000255
O43439,539,Binding site,ECO:0000255
O43439,543,Binding site,ECO:0000255
O43463,181,Binding site,ECO:0000250
O43463,181,Binding site,ECO:0000250
O43463,183,Binding site,ECO:0000250
O43463,186,Binding site,ECO:0000250
O43463,186,Binding site,ECO:0000250
O43463,194,Binding site,ECO:0000250
O43463,195,Binding site,ECO:0000250
O43463,195,Binding site,ECO:0000250
O43463,222,Binding site,ECO:0000250
O43463,222,Binding site,ECO:0000250
O43463,226,Binding site,ECO:0000250
O43463,228,Binding site,ECO:0000250
O43463,232,Binding site,ECO:0000250
O43463,254,Binding site,ECO:0000250
O43463,255,Binding site,ECO:0000250
O43463,256,Binding site,ECO:0000250
O43463,297,Binding site,ECO:0000255
O43463,323,Binding site,ECO:0000250
O43463,324,Binding site,ECO:0000250
O43463,326,Binding site,ECO:0000250
O43463,400,Binding site,ECO:0000250
O43463,402,Binding site,ECO:0000250
O43463,407,Binding site,ECO:0000250
O43482,80,Binding site,ECO:0000255
O43482,83,Binding site,ECO:0000255
O43482,137,Binding site,ECO:0000255
O43482,140,Binding site,ECO:0000255
O43598,27,Binding site,ECO:0000269;ECO:0007744
O43598,29,Binding site,ECO:0000269;ECO:0007744
O43598,30,Binding site,ECO:0000269;ECO:0007744
O43598,31,Binding site,ECO:0000269;ECO:0007744
O43598,98,Binding site,ECO:0000269;ECO:0007744
O43598,100,Binding site,ECO:0000269;ECO:0007744
O43598,104,Binding site,ECO:0000269;ECO:0007744
O43598,128,Binding site,ECO:0000269;ECO:0007744
O43615,166,Binding site,ECO:0000255
O43615,167,Binding site,ECO:0000255
O43615,168,Binding site,ECO:0000255
O43615,169,Binding site,ECO:0000255
O43615,170,Binding site,ECO:0000255
O43615,171,Binding site,ECO:0000255
O43615,172,Binding site,ECO:0000255
O43615,173,Binding site,ECO:0000255
O43683,917,Active site,ECO:0000255
O43683,793,Binding site,ECO:0000255
O43683,794,Binding site,ECO:0000255
O43683,795,Binding site,ECO:0000255
O43683,796,Binding site,ECO:0000255
O43683,797,Binding site,ECO:0000255
O43683,798,Binding site,ECO:0000255
O43683,799,Binding site,ECO:0000255
O43683,800,Binding site,ECO:0000255
O43683,801,Binding site,ECO:0000255
O43683,821,Binding site,ECO:0000255
O43707,778,Binding site,ECO:0000255
O43707,780,Binding site,ECO:0000255
O43707,789,Binding site,ECO:0000255
O43781,335,Active site,ECO:0000255
O43781,215,Binding site,ECO:0000255;ECO:0000305
O43781,216,Binding site,ECO:0000255;ECO:0000305
O43781,217,Binding site,ECO:0000255;ECO:0000305
O43781,218,Binding site,ECO:0000255;ECO:0000305
O43781,219,Binding site,ECO:0000255;ECO:0000305
O43781,220,Binding site,ECO:0000255;ECO:0000305
O43781,221,Binding site,ECO:0000255;ECO:0000305
O43781,222,Binding site,ECO:0000255;ECO:0000305
O43781,223,Binding site,ECO:0000255;ECO:0000305
O43781,238,Binding site,ECO:0000255;ECO:0000269
O43781,288,Binding site,ECO:0000255;ECO:0000305
O43781,289,Binding site,ECO:0000255;ECO:0000305
O43781,290,Binding site,ECO:0000255;ECO:0000305
O43781,291,Binding site,ECO:0000255;ECO:0000305
O43847,236,Active site,ECO:0000255
O43847,233,Binding site,ECO:0000255
O43847,237,Binding site,ECO:0000255
O43847,314,Binding site,ECO:0000255
O43865,155,Binding site,ECO:0000250
O43865,229,Binding site,ECO:0000250
O43865,254,Binding site,ECO:0000250
O43865,284,Binding site,ECO:0000250
O43865,288,Binding site,ECO:0000250
O43865,318,Binding site,ECO:0000269
O43865,319,Binding site,ECO:0000269
O43865,320,Binding site,ECO:0000269
O43865,321,Binding site,ECO:0000269
O43865,322,Binding site,ECO:0000269
O43865,341,Binding site,ECO:0000269
O43865,376,Binding site,ECO:0000269
O43865,397,Binding site,ECO:0000269
O43865,398,Binding site,ECO:0000269
O43865,399,Binding site,ECO:0000269
O43896,97,Binding site,ECO:0000255
O43896,98,Binding site,ECO:0000255
O43896,99,Binding site,ECO:0000255
O43896,100,Binding site,ECO:0000255
O43896,101,Binding site,ECO:0000255
O43896,102,Binding site,ECO:0000255
O43896,103,Binding site,ECO:0000255
O43896,104,Binding site,ECO:0000255
O60231,422,Binding site,ECO:0000255
O60231,423,Binding site,ECO:0000255
O60231,424,Binding site,ECO:0000255
O60231,425,Binding site,ECO:0000255
O60231,426,Binding site,ECO:0000255
O60231,427,Binding site,ECO:0000255
O60231,428,Binding site,ECO:0000255
O60231,429,Binding site,ECO:0000255
O60232,53,Binding site,ECO:0000269;ECO:0007744
O60232,56,Binding site,ECO:0000269;ECO:0007744
O60232,70,Binding site,ECO:0000269;ECO:0007744
O60232,73,Binding site,ECO:0000269;ECO:0007744
O60307,490,Active site,ECO:0000255
O60307,373,Binding site,ECO:0000255
O60307,374,Binding site,ECO:0000255
O60307,375,Binding site,ECO:0000255
O60307,376,Binding site,ECO:0000255
O60307,377,Binding site,ECO:0000255
O60307,378,Binding site,ECO:0000255
O60307,379,Binding site,ECO:0000255
O60307,380,Binding site,ECO:0000255
O60307,381,Binding site,ECO:0000255
O60307,396,Binding site,ECO:0000255
O60547,155,Active site,ECO:0000250
O60547,157,Active site,ECO:0000250
O60547,179,Active site,ECO:0000250
O60547,30,Binding site,ECO:0000269
O60547,31,Binding site,ECO:0000269
O60547,32,Binding site,ECO:0000269
O60547,33,Binding site,ECO:0000269
O60547,34,Binding site,ECO:0000269
O60547,35,Binding site,ECO:0000269
O60547,55,Binding site,ECO:0000269
O60547,56,Binding site,ECO:0000269
O60547,57,Binding site,ECO:0000269
O60547,58,Binding site,ECO:0000269
O60547,86,Binding site,ECO:0000269
O60547,87,Binding site,ECO:0000269
O60547,108,Binding site,ECO:0000269
O60547,109,Binding site,ECO:0000269
O60547,110,Binding site,ECO:0000269
O60547,111,Binding site,ECO:0000269
O60547,112,Binding site,ECO:0000269
O60547,123,Binding site,ECO:0000269
O60547,183,Binding site,ECO:0000269
O60547,209,Binding site,ECO:0000269
O60547,214,Binding site,ECO:0000269
O60551,117,Binding site,ECO:0000269
O60551,122,Binding site,ECO:0000269
O60551,250,Binding site,ECO:0000269
O60551,252,Binding site,ECO:0000269
O60551,258,Binding site,ECO:0000269
O60551,260,Binding site,ECO:0000269
O60551,261,Binding site,ECO:0000269
O60551,262,Binding site,ECO:0000269
O60566,882,Active site,ECO:0000250
O60566,772,Binding site,ECO:0000250
O60566,773,Binding site,ECO:0000250
O60566,774,Binding site,ECO:0000250
O60566,775,Binding site,ECO:0000250
O60566,776,Binding site,ECO:0000250
O60566,777,Binding site,ECO:0000250
O60566,778,Binding site,ECO:0000250
O60566,779,Binding site,ECO:0000250
O60566,780,Binding site,ECO:0000250
O60566,795,Binding site,ECO:0000250
O60573,78,Binding site,ECO:0000250
O60573,79,Binding site,ECO:0000250
O60573,110,Binding site,ECO:0000269
O60573,124,Binding site,ECO:0000269
O60573,125,Binding site,ECO:0000269
O60573,174,Binding site,ECO:0000269
O60573,175,Binding site,ECO:0000269
O60573,176,Binding site,ECO:0000269
O60573,177,Binding site,ECO:0000269
O60573,178,Binding site,ECO:0000269
O60573,179,Binding site,ECO:0000269
O60573,222,Binding site,ECO:0000250
O60573,223,Binding site,ECO:0000250
O60573,224,Binding site,ECO:0000250
O60658,556,Active site,ECO:0000250
O60658,560,Binding site,ECO:0000269;ECO:0007744
O60658,596,Binding site,ECO:0000269;ECO:0007744
O60658,597,Binding site,ECO:0000269;ECO:0007744
O60658,597,Binding site,ECO:0000269;ECO:0007744
O60658,726,Binding site,ECO:0000269;ECO:0007744
O60673,3042,Binding site,ECO:0000250
O60673,3045,Binding site,ECO:0000250
O60673,3054,Binding site,ECO:0000250
O60673,3057,Binding site,ECO:0000250
O60673,3086,Binding site,ECO:0000250
O60673,3089,Binding site,ECO:0000250
O60673,3099,Binding site,ECO:0000250
O60673,3104,Binding site,ECO:0000250
O60683,273,Binding site,ECO:0000305
O60683,276,Binding site,ECO:0000250
O60683,288,Binding site,ECO:0000250
O60683,290,Binding site,ECO:0000250
O60683,293,Binding site,ECO:0000250
O60683,296,Binding site,ECO:0000250
O60683,307,Binding site,ECO:0000250
O60683,310,Binding site,ECO:0000305
O60701,161,Active site,ECO:0000269
O60701,220,Active site,ECO:0000269
O60701,276,Active site,ECO:0000269
O60701,11,Binding site,ECO:0000269;ECO:0007744
O60701,12,Binding site,ECO:0000269;ECO:0007744
O60701,13,Binding site,ECO:0000269;ECO:0007744
O60701,14,Binding site,ECO:0000269;ECO:0007744
O60701,15,Binding site,ECO:0000269;ECO:0007744
O60701,16,Binding site,ECO:0000269;ECO:0007744
O60701,36,Binding site,ECO:0000269;ECO:0007744
O60701,41,Binding site,ECO:0000269;ECO:0007744
O60701,89,Binding site,ECO:0000269;ECO:0007744
O60701,90,Binding site,ECO:0000269;ECO:0007744
O60701,91,Binding site,ECO:0000269;ECO:0007744
O60701,92,Binding site,ECO:0000269;ECO:0007744
O60701,93,Binding site,ECO:0000269;ECO:0007744
O60701,130,Binding site,ECO:0000269
O60701,131,Binding site,ECO:0000269
O60701,132,Binding site,ECO:0000269
O60701,161,Binding site,ECO:0000269;ECO:0000305;ECO:0007744
O60701,162,Binding site,ECO:0000269;ECO:0000305;ECO:0007744
O60701,163,Binding site,ECO:0000269;ECO:0000305;ECO:0007744
O60701,164,Binding site,ECO:0000269;ECO:0000305;ECO:0007744
O60701,165,Binding site,ECO:0000269;ECO:0000305;ECO:0007744
O60701,165,Binding site,ECO:0000269;ECO:0007744
O60701,220,Binding site,ECO:0000269;ECO:0000305;ECO:0007744
O60701,221,Binding site,ECO:0000269;ECO:0000305;ECO:0007744
O60701,222,Binding site,ECO:0000269;ECO:0000305;ECO:0007744
O60701,223,Binding site,ECO:0000269;ECO:0000305;ECO:0007744
O60701,224,Binding site,ECO:0000269;ECO:0000305;ECO:0007744
O60701,260,Binding site,ECO:0000269;ECO:0000305;ECO:0007744
O60701,267,Binding site,ECO:0000269;ECO:0000305;ECO:0007744
O60701,268,Binding site,ECO:0000269;ECO:0000305;ECO:0007744
O60701,269,Binding site,ECO:0000269;ECO:0000305;ECO:0007744
O60701,270,Binding site,ECO:0000269;ECO:0000305;ECO:0007744
O60701,271,Binding site,ECO:0000269;ECO:0000305;ECO:0007744
O60701,272,Binding site,ECO:0000269;ECO:0000305;ECO:0007744
O60701,273,Binding site,ECO:0000269;ECO:0000305;ECO:0007744
O60701,276,Binding site,ECO:0000269;ECO:0007744
O60701,277,Binding site,ECO:0000269;ECO:0007744
O60701,278,Binding site,ECO:0000269;ECO:0007744
O60701,279,Binding site,ECO:0000269;ECO:0007744
O60701,338,Binding site,ECO:0000269;ECO:0000305;ECO:0007744
O60701,339,Binding site,ECO:0000269;ECO:0000305;ECO:0007744
O60701,346,Binding site,ECO:0000269;ECO:0007744
O60701,442,Binding site,ECO:0000269;ECO:0000305;ECO:0007744
O60825,128,Active site,ECO:0000255
O60825,158,Active site,ECO:0000255
O60825,257,Active site,ECO:0000250
O60825,326,Active site,ECO:0000250
O60825,45,Binding site,ECO:0000250
O60825,46,Binding site,ECO:0000250
O60825,47,Binding site,ECO:0000250
O60825,48,Binding site,ECO:0000250
O60825,49,Binding site,ECO:0000250
O60825,50,Binding site,ECO:0000250
O60825,51,Binding site,ECO:0000250
O60825,52,Binding site,ECO:0000250
O60825,53,Binding site,ECO:0000250
O60825,78,Binding site,ECO:0000250
O60825,102,Binding site,ECO:0000250
O60825,130,Binding site,ECO:0000250
O60825,136,Binding site,ECO:0000250
O60825,167,Binding site,ECO:0000250
O60825,168,Binding site,ECO:0000250
O60825,169,Binding site,ECO:0000250
O60825,170,Binding site,ECO:0000250
O60825,171,Binding site,ECO:0000250
O60825,172,Binding site,ECO:0000250
O60825,172,Binding site,ECO:0000250
O60825,193,Binding site,ECO:0000250
O60825,197,Binding site,ECO:0000250
O60825,256,Binding site,ECO:0000250
O60825,263,Binding site,ECO:0000250
O60825,269,Binding site,ECO:0000250
O60825,337,Binding site,ECO:0000250
O60825,348,Binding site,ECO:0000250
O60825,349,Binding site,ECO:0000250
O60825,350,Binding site,ECO:0000250
O60825,351,Binding site,ECO:0000250
O60825,351,Binding site,ECO:0000250
O60825,355,Binding site,ECO:0000250
O60825,366,Binding site,ECO:0000250
O60825,392,Binding site,ECO:0000250
O60825,393,Binding site,ECO:0000250
O60825,394,Binding site,ECO:0000250
O60825,395,Binding site,ECO:0000250
O60825,396,Binding site,ECO:0000250
O60825,392,Binding site,ECO:0000250
O60825,396,Binding site,ECO:0000250
O60825,428,Binding site,ECO:0000250
O60832,125,Active site,ECO:0000250
O60841,706,Active site,ECO:0000305
O60841,640,Binding site,ECO:0000305;ECO:0007744
O60841,641,Binding site,ECO:0000305;ECO:0007744
O60841,642,Binding site,ECO:0000305;ECO:0007744
O60841,643,Binding site,ECO:0000305;ECO:0007744
O60841,644,Binding site,ECO:0000305;ECO:0007744
O60841,645,Binding site,ECO:0000305;ECO:0007744
O60841,646,Binding site,ECO:0000305;ECO:0007744
O60841,663,Binding site,ECO:0000305;ECO:0007744
O60841,664,Binding site,ECO:0000305;ECO:0007744
O60841,665,Binding site,ECO:0000305;ECO:0007744
O60841,756,Binding site,ECO:0000305;ECO:0007744
O60841,757,Binding site,ECO:0000305;ECO:0007744
O60841,759,Binding site,ECO:0000305;ECO:0007744
O60841,760,Binding site,ECO:0000305;ECO:0007744
O60841,825,Binding site,ECO:0000305;ECO:0007744
O60841,826,Binding site,ECO:0000305;ECO:0007744
O60941,243,Binding site,ECO:0000255
O60941,246,Binding site,ECO:0000255
O60941,258,Binding site,ECO:0000255
O60941,261,Binding site,ECO:0000255
O60941,267,Binding site,ECO:0000255
O60941,270,Binding site,ECO:0000255
O60941,280,Binding site,ECO:0000255
O60941,284,Binding site,ECO:0000255
O75037,87,Binding site,ECO:0000255
O75037,88,Binding site,ECO:0000255
O75037,89,Binding site,ECO:0000255
O75037,90,Binding site,ECO:0000255
O75037,91,Binding site,ECO:0000255
O75037,92,Binding site,ECO:0000255
O75037,93,Binding site,ECO:0000255
O75037,94,Binding site,ECO:0000255
O75061,164,Active site,ECO:0000255
O75081,556,Binding site,ECO:0000255
O75081,559,Binding site,ECO:0000255
O75081,567,Binding site,ECO:0000255
O75081,570,Binding site,ECO:0000255
O75081,576,Binding site,ECO:0000255
O75081,580,Binding site,ECO:0000255
O75081,588,Binding site,ECO:0000255
O75081,592,Binding site,ECO:0000255
O75132,136,Binding site,ECO:0000255
O75132,139,Binding site,ECO:0000255
O75132,160,Binding site,ECO:0000255
O75132,165,Binding site,ECO:0000255
O75132,306,Binding site,ECO:0000255
O75132,309,Binding site,ECO:0000255
O75132,330,Binding site,ECO:0000255
O75132,335,Binding site,ECO:0000255
O75132,477,Binding site,ECO:0000255
O75132,480,Binding site,ECO:0000255
O75132,500,Binding site,ECO:0000255
O75132,505,Binding site,ECO:0000255
O75132,579,Binding site,ECO:0000255
O75132,582,Binding site,ECO:0000255
O75132,603,Binding site,ECO:0000255
O75132,608,Binding site,ECO:0000255
O75151,193,Binding site,
O75151,246,Binding site,
O75151,249,Binding site,ECO:0000255;ECO:0000269
O75151,251,Binding site,ECO:0000255;ECO:0000269
O75151,259,Binding site,
O75151,266,Binding site,
O75151,321,Binding site,
O75151,321,Binding site,ECO:0000255;ECO:0000269
O75151,323,Binding site,
O75208,244,Binding site,ECO:0000269;ECO:0007744
O75351,174,Binding site,ECO:0000255
O75351,175,Binding site,ECO:0000255
O75351,176,Binding site,ECO:0000255
O75351,177,Binding site,ECO:0000255
O75351,178,Binding site,ECO:0000255
O75351,179,Binding site,ECO:0000255
O75351,180,Binding site,ECO:0000255
O75351,181,Binding site,ECO:0000255
O75382,115,Binding site,ECO:0000255
O75382,118,Binding site,ECO:0000255
O75382,138,Binding site,ECO:0000255
O75382,143,Binding site,ECO:0000255
O75385,138,Active site,ECO:0000255
O75385,22,Binding site,ECO:0000255
O75385,23,Binding site,ECO:0000255
O75385,24,Binding site,ECO:0000255
O75385,25,Binding site,ECO:0000255
O75385,26,Binding site,ECO:0000255
O75385,27,Binding site,ECO:0000255
O75385,28,Binding site,ECO:0000255
O75385,29,Binding site,ECO:0000255
O75385,30,Binding site,ECO:0000255
O75385,46,Binding site,ECO:0000255;ECO:0000305
O75398,504,Binding site,ECO:0000255
O75398,507,Binding site,ECO:0000255
O75398,515,Binding site,ECO:0000255
O75398,518,Binding site,ECO:0000255
O75398,524,Binding site,ECO:0000255
O75398,528,Binding site,ECO:0000255
O75398,536,Binding site,ECO:0000255
O75398,540,Binding site,ECO:0000255
O75449,249,Binding site,ECO:0000255
O75449,250,Binding site,ECO:0000255
O75449,251,Binding site,ECO:0000255
O75449,252,Binding site,ECO:0000255
O75449,253,Binding site,ECO:0000255
O75449,254,Binding site,ECO:0000255
O75449,255,Binding site,ECO:0000255
O75449,256,Binding site,ECO:0000255
O75478,17,Binding site,ECO:0000255
O75478,20,Binding site,ECO:0000255
O75478,31,Binding site,ECO:0000255
O75478,34,Binding site,ECO:0000255
O75478,42,Binding site,ECO:0000255
O75478,45,Binding site,ECO:0000255
O75478,55,Binding site,ECO:0000255
O75478,59,Binding site,ECO:0000255
O75582,177,Active site,ECO:0000250
O75582,544,Active site,ECO:0000250
O75582,55,Binding site,ECO:0000255
O75582,56,Binding site,ECO:0000255
O75582,57,Binding site,ECO:0000255
O75582,58,Binding site,ECO:0000255
O75582,59,Binding site,ECO:0000255
O75582,60,Binding site,ECO:0000255
O75582,61,Binding site,ECO:0000255
O75582,62,Binding site,ECO:0000255
O75582,63,Binding site,ECO:0000255
O75582,81,Binding site,ECO:0000255
O75582,432,Binding site,ECO:0000255
O75582,433,Binding site,ECO:0000255
O75582,434,Binding site,ECO:0000255
O75582,435,Binding site,ECO:0000255
O75582,436,Binding site,ECO:0000255
O75582,437,Binding site,ECO:0000255
O75582,438,Binding site,ECO:0000255
O75582,439,Binding site,ECO:0000255
O75582,440,Binding site,ECO:0000255
O75582,455,Binding site,ECO:0000255
O75643,503,Binding site,ECO:0000255;ECO:0000269;ECO:0007744
O75643,504,Binding site,ECO:0000255;ECO:0000269;ECO:0007744
O75643,505,Binding site,ECO:0000255;ECO:0000269;ECO:0007744
O75643,506,Binding site,ECO:0000255;ECO:0000269;ECO:0007744
O75643,507,Binding site,ECO:0000255;ECO:0000269;ECO:0007744
O75643,508,Binding site,ECO:0000255;ECO:0000269;ECO:0007744
O75643,509,Binding site,ECO:0000255;ECO:0000269;ECO:0007744
O75643,510,Binding site,ECO:0000255;ECO:0000269;ECO:0007744
O75643,1350,Binding site,ECO:0000255;ECO:0000269;ECO:0007744
O75643,1351,Binding site,ECO:0000255;ECO:0000269;ECO:0007744
O75643,1352,Binding site,ECO:0000255;ECO:0000269;ECO:0007744
O75643,1353,Binding site,ECO:0000255;ECO:0000269;ECO:0007744
O75643,1354,Binding site,ECO:0000255;ECO:0000269;ECO:0007744
O75643,1355,Binding site,ECO:0000255;ECO:0000269;ECO:0007744
O75643,1356,Binding site,ECO:0000255;ECO:0000269;ECO:0007744
O75643,1357,Binding site,ECO:0000255;ECO:0000269;ECO:0007744
O75676,161,Active site,ECO:0000250
O75676,530,Active site,ECO:0000250
O75676,39,Binding site,ECO:0000255
O75676,40,Binding site,ECO:0000255
O75676,41,Binding site,ECO:0000255
O75676,42,Binding site,ECO:0000255
O75676,43,Binding site,ECO:0000255
O75676,44,Binding site,ECO:0000255
O75676,45,Binding site,ECO:0000255
O75676,46,Binding site,ECO:0000255
O75676,47,Binding site,ECO:0000255
O75676,65,Binding site,ECO:0000255
O75676,417,Binding site,ECO:0000255
O75676,418,Binding site,ECO:0000255
O75676,419,Binding site,ECO:0000255
O75676,420,Binding site,ECO:0000255
O75676,421,Binding site,ECO:0000255
O75676,422,Binding site,ECO:0000255
O75676,423,Binding site,ECO:0000255
O75676,424,Binding site,ECO:0000255
O75676,425,Binding site,ECO:0000255
O75676,440,Binding site,ECO:0000255
O75792,34,Binding site,ECO:0000250
O75792,35,Binding site,ECO:0000250
O75792,141,Binding site,ECO:0000250
O75907,415,Active site,ECO:0000269
O75907,374,Binding site,ECO:0000269;ECO:0007744
O75907,375,Binding site,ECO:0000269;ECO:0007744
O75907,376,Binding site,ECO:0000269;ECO:0007744
O75907,377,Binding site,ECO:0000269;ECO:0007744
O75907,378,Binding site,ECO:0000269;ECO:0007744
O75907,379,Binding site,ECO:0000269;ECO:0007744
O75907,380,Binding site,ECO:0000269;ECO:0007744
O75907,381,Binding site,ECO:0000269;ECO:0007744
O75907,382,Binding site,ECO:0000269;ECO:0007744
O75907,390,Binding site,ECO:0000269;ECO:0007744
O75907,404,Binding site,ECO:0000269;ECO:0007744
O75907,477,Binding site,ECO:0000269;ECO:0007744
O75925,351,Binding site,ECO:0000255
O75925,353,Binding site,ECO:0000255
O75925,374,Binding site,ECO:0000255
O75925,377,Binding site,ECO:0000255
O75962,2915,Active site,ECO:0000250
O75962,2802,Binding site,ECO:0000255
O75962,2803,Binding site,ECO:0000255
O75962,2804,Binding site,ECO:0000255
O75962,2805,Binding site,ECO:0000255
O75962,2806,Binding site,ECO:0000255
O75962,2807,Binding site,ECO:0000255
O75962,2808,Binding site,ECO:0000255
O75962,2809,Binding site,ECO:0000255
O75962,2810,Binding site,ECO:0000255
O75962,2825,Binding site,ECO:0000255
O75976,350,Active site,ECO:0000255
O75976,762,Active site,ECO:0000255
O75976,139,Binding site,ECO:0000255
O75976,142,Binding site,ECO:0000255
O75976,257,Binding site,ECO:0000255
O75976,564,Binding site,ECO:0000255
O75976,567,Binding site,ECO:0000255
O75976,671,Binding site,ECO:0000255
O76031,105,Binding site,ECO:0000255
O76031,108,Binding site,ECO:0000255
O76031,127,Binding site,ECO:0000255
O76031,130,Binding site,ECO:0000255
O76031,294,Binding site,ECO:0000250
O76031,295,Binding site,ECO:0000250
O76031,296,Binding site,ECO:0000250
O76031,297,Binding site,ECO:0000250
O76031,298,Binding site,ECO:0000250
O76031,299,Binding site,ECO:0000250
O76031,300,Binding site,ECO:0000250
O76031,301,Binding site,ECO:0000250
O76039,135,Active site,ECO:0000255
O76039,19,Binding site,ECO:0000255
O76039,20,Binding site,ECO:0000255
O76039,21,Binding site,ECO:0000255
O76039,22,Binding site,ECO:0000255
O76039,23,Binding site,ECO:0000255
O76039,24,Binding site,ECO:0000255
O76039,25,Binding site,ECO:0000255
O76039,26,Binding site,ECO:0000255
O76039,27,Binding site,ECO:0000255
O76039,42,Binding site,ECO:0000255
O76080,14,Binding site,ECO:0000255
O76080,18,Binding site,ECO:0000255
O76080,30,Binding site,ECO:0000255
O76080,33,Binding site,ECO:0000255
O76080,154,Binding site,ECO:0000255
O76080,157,Binding site,ECO:0000255
O76080,168,Binding site,ECO:0000255
O76080,170,Binding site,ECO:0000255
O76080,175,Binding site,ECO:0000255
O76080,178,Binding site,ECO:0000255
O76080,184,Binding site,ECO:0000255
O76080,186,Binding site,ECO:0000255
O94762,26,Binding site,ECO:0000305;ECO:0007744
O94762,28,Binding site,ECO:0000305;ECO:0007744
O94762,30,Binding site,ECO:0000305;ECO:0007744
O94762,34,Binding site,ECO:0000305;ECO:0007744
O94762,53,Binding site,ECO:0007744
O94762,55,Binding site,ECO:0000305;ECO:0007744
O94762,56,Binding site,ECO:0000305;ECO:0007744
O94762,57,Binding site,ECO:0000305;ECO:0007744
O94762,58,Binding site,ECO:0000305;ECO:0007744
O94762,59,Binding site,ECO:0000305;ECO:0007744
O94762,411,Binding site,ECO:0000269;ECO:0007744
O94762,427,Binding site,ECO:0000269;ECO:0007744
O94762,431,Binding site,ECO:0000269;ECO:0007744
O94762,434,Binding site,ECO:0000269;ECO:0007744
O94782,90,Active site,ECO:0000269
O94782,593,Active site,ECO:0000255
O94804,157,Active site,ECO:0000255
O94804,42,Binding site,ECO:0000255
O94804,43,Binding site,ECO:0000255
O94804,44,Binding site,ECO:0000255
O94804,45,Binding site,ECO:0000255
O94804,46,Binding site,ECO:0000255
O94804,47,Binding site,ECO:0000255
O94804,48,Binding site,ECO:0000255
O94804,49,Binding site,ECO:0000255
O94804,50,Binding site,ECO:0000255
O94804,65,Binding site,ECO:0000305
O94806,699,Active site,ECO:0000255
O94806,582,Binding site,ECO:0000255
O94806,583,Binding site,ECO:0000255
O94806,584,Binding site,ECO:0000255
O94806,585,Binding site,ECO:0000255
O94806,586,Binding site,ECO:0000255
O94806,587,Binding site,ECO:0000255
O94806,588,Binding site,ECO:0000255
O94806,589,Binding site,ECO:0000255
O94806,590,Binding site,ECO:0000255
O94806,605,Binding site,ECO:0000255
O94880,322,Binding site,ECO:0000255
O94880,325,Binding site,ECO:0000255
O94880,339,Binding site,ECO:0000255
O94880,342,Binding site,ECO:0000255
O94880,347,Binding site,ECO:0000255
O94880,350,Binding site,ECO:0000255
O94880,374,Binding site,ECO:0000255
O94880,377,Binding site,ECO:0000255
O94880,385,Binding site,ECO:0000250
O94880,388,Binding site,ECO:0000250
O94880,405,Binding site,ECO:0000250
O94880,408,Binding site,ECO:0000250
O94880,441,Binding site,ECO:0000250
O94880,444,Binding site,ECO:0000250
O94880,458,Binding site,ECO:0000250
O94880,463,Binding site,ECO:0000250
O94880,468,Binding site,ECO:0000250
O94880,471,Binding site,ECO:0000250
O94880,495,Binding site,ECO:0000250
O94880,498,Binding site,ECO:0000250
O94880,728,Binding site,ECO:0000255
O94880,731,Binding site,ECO:0000255
O94880,743,Binding site,ECO:0000255
O94880,746,Binding site,ECO:0000255
O94880,751,Binding site,ECO:0000255
O94880,754,Binding site,ECO:0000255
O94880,773,Binding site,ECO:0000255
O94880,776,Binding site,ECO:0000255
O94880,871,Binding site,ECO:0000255
O94880,874,Binding site,ECO:0000255
O94880,886,Binding site,ECO:0000255
O94880,889,Binding site,ECO:0000255
O94880,894,Binding site,ECO:0000255
O94880,897,Binding site,ECO:0000255
O94880,915,Binding site,ECO:0000255
O94880,918,Binding site,ECO:0000255
O95071,2768,Active site,ECO:0000255;ECO:0000305
O95071,1179,Binding site,ECO:0000269;ECO:0007744
O95071,1196,Binding site,ECO:0000269;ECO:0007744
O95071,1199,Binding site,ECO:0000269;ECO:0007744
O95071,1208,Binding site,ECO:0000269;ECO:0007744
O95071,1211,Binding site,ECO:0000269;ECO:0007744
O95071,1211,Binding site,ECO:0000269;ECO:0007744
O95071,1215,Binding site,ECO:0000269;ECO:0007744
O95071,1216,Binding site,ECO:0000269;ECO:0007744
O95071,1219,Binding site,ECO:0000269;ECO:0007744
O95071,1232,Binding site,ECO:0000269;ECO:0007744
O95071,1234,Binding site,ECO:0000269;ECO:0007744
O95071,1240,Binding site,ECO:0000269;ECO:0007744
O95202,676,Binding site,ECO:0000255
O95202,678,Binding site,ECO:0000255
O95202,680,Binding site,ECO:0000255
O95202,682,Binding site,ECO:0000255
O95202,687,Binding site,ECO:0000255
O95219,106,Binding site,ECO:0000250
O95219,108,Binding site,ECO:0000250
O95219,132,Binding site,ECO:0000250
O95219,154,Binding site,ECO:0000250
O95239,88,Binding site,ECO:0000255
O95239,89,Binding site,ECO:0000255
O95239,90,Binding site,ECO:0000255
O95239,91,Binding site,ECO:0000255
O95239,92,Binding site,ECO:0000255
O95239,93,Binding site,ECO:0000255
O95239,94,Binding site,ECO:0000255
O95239,95,Binding site,ECO:0000255
O95251,508,Active site,ECO:0000305
O95251,368,Binding site,ECO:0000269;ECO:0007744
O95251,371,Binding site,ECO:0000269;ECO:0007744
O95251,384,Binding site,ECO:0000269;ECO:0007744
O95251,388,Binding site,ECO:0000269;ECO:0007744
O95251,475,Binding site,ECO:0000269;ECO:0007744
O95251,476,Binding site,ECO:0000269;ECO:0007744
O95251,477,Binding site,ECO:0000269;ECO:0007744
O95251,483,Binding site,ECO:0000269;ECO:0007744
O95251,484,Binding site,ECO:0000269;ECO:0007744
O95251,485,Binding site,ECO:0000269;ECO:0007744
O95251,486,Binding site,ECO:0000269;ECO:0007744
O95251,487,Binding site,ECO:0000269;ECO:0007744
O95251,488,Binding site,ECO:0000269;ECO:0007744
O95251,512,Binding site,ECO:0000269;ECO:0007744
O95251,521,Binding site,ECO:0000269;ECO:0007744
O95263,615,Active site,ECO:0000250
O95263,619,Binding site,ECO:0000250
O95263,655,Binding site,ECO:0000250
O95263,656,Binding site,ECO:0000250
O95263,656,Binding site,ECO:0000250
O95263,781,Binding site,ECO:0000250
O95267,483,Binding site,ECO:0000255
O95267,485,Binding site,ECO:0000255
O95267,487,Binding site,ECO:0000255
O95267,489,Binding site,ECO:0000255
O95267,494,Binding site,ECO:0000255
O95602,64,Binding site,ECO:0000269;ECO:0007744
O95602,67,Binding site,ECO:0000269;ECO:0007744
O95602,74,Binding site,ECO:0000269;ECO:0007744
O95602,77,Binding site,ECO:0000269;ECO:0007744
O95602,104,Binding site,ECO:0000269;ECO:0007744
O95602,107,Binding site,ECO:0000269;ECO:0007744
O95602,205,Binding site,ECO:0000269;ECO:0007744
O95602,208,Binding site,ECO:0000269;ECO:0007744
O95602,424,Binding site,ECO:0000269;ECO:0007744
O95602,429,Binding site,ECO:0000269;ECO:0007744
O95602,429,Binding site,ECO:0000269;ECO:0007744
O95602,436,Binding site,ECO:0000269;ECO:0007744
O95602,552,Binding site,ECO:0000269;ECO:0007744
O95602,588,Binding site,ECO:0000269;ECO:0007744
O95602,588,Binding site,ECO:0000250
O95602,590,Binding site,ECO:0000269;ECO:0007744
O95602,590,Binding site,ECO:0000250
O95602,592,Binding site,ECO:0000269;ECO:0007744
O95602,592,Binding site,ECO:0000269;ECO:0007744
O95602,1249,Binding site,ECO:0000269;ECO:0007744
O95671,88,Active site,ECO:0000305
O95671,482,Binding site,ECO:0000250
O95671,508,Binding site,ECO:0000250
O95671,509,Binding site,ECO:0000250
O95671,510,Binding site,ECO:0000250
O95671,525,Binding site,ECO:0000250
O95819,153,Active site,ECO:0000255
O95819,31,Binding site,ECO:0000255
O95819,32,Binding site,ECO:0000255
O95819,33,Binding site,ECO:0000255
O95819,34,Binding site,ECO:0000255
O95819,35,Binding site,ECO:0000255
O95819,36,Binding site,ECO:0000255
O95819,37,Binding site,ECO:0000255
O95819,38,Binding site,ECO:0000255
O95819,39,Binding site,ECO:0000255
O95819,54,Binding site,ECO:0000255
O95835,828,Active site,ECO:0000250;ECO:0000255
O95835,711,Binding site,ECO:0000250;ECO:0000255
O95835,712,Binding site,ECO:0000250;ECO:0000255
O95835,713,Binding site,ECO:0000250;ECO:0000255
O95835,714,Binding site,ECO:0000250;ECO:0000255
O95835,715,Binding site,ECO:0000250;ECO:0000255
O95835,716,Binding site,ECO:0000250;ECO:0000255
O95835,717,Binding site,ECO:0000250;ECO:0000255
O95835,718,Binding site,ECO:0000250;ECO:0000255
O95835,719,Binding site,ECO:0000250;ECO:0000255
O95835,734,Binding site,ECO:0000255;ECO:0000269
O96013,440,Active site,ECO:0000255
O96013,327,Binding site,ECO:0000255;ECO:0000269;ECO:0007744
O96013,328,Binding site,ECO:0000255;ECO:0000269;ECO:0007744
O96013,329,Binding site,ECO:0000255;ECO:0000269;ECO:0007744
O96013,330,Binding site,ECO:0000255;ECO:0000269;ECO:0007744
O96013,331,Binding site,ECO:0000255;ECO:0000269;ECO:0007744
O96013,332,Binding site,ECO:0000255;ECO:0000269;ECO:0007744
O96013,333,Binding site,ECO:0000255;ECO:0000269;ECO:0007744
O96013,334,Binding site,ECO:0000255;ECO:0000269;ECO:0007744
O96013,335,Binding site,ECO:0000255;ECO:0000269;ECO:0007744
O96013,350,Binding site,ECO:0000255;ECO:0000269;ECO:0007744
O96013,396,Binding site,ECO:0000269;ECO:0007744
O96013,397,Binding site,ECO:0000269;ECO:0007744
O96013,398,Binding site,ECO:0000269;ECO:0007744
O96013,458,Binding site,ECO:0000269;ECO:0007744
O96013,459,Binding site,ECO:0000269;ECO:0007744
O96013,460,Binding site,ECO:0000269;ECO:0007744
O96017,347,Active site,
O96017,227,Binding site,
O96017,228,Binding site,
O96017,229,Binding site,
O96017,230,Binding site,
O96017,231,Binding site,
O96017,232,Binding site,
O96017,233,Binding site,
O96017,234,Binding site,
O96017,249,Binding site,
O96017,302,Binding site,
O96017,303,Binding site,
O96017,304,Binding site,
O96017,305,Binding site,
O96017,306,Binding site,
O96017,307,Binding site,
O96017,308,Binding site,
O96017,351,Binding site,
O96017,352,Binding site,
O96017,368,Binding site,
O96028,1016,Binding site,ECO:0000269;ECO:0007744
O96028,1018,Binding site,ECO:0000269;ECO:0007744
O96028,1026,Binding site,ECO:0000269;ECO:0007744
O96028,1026,Binding site,ECO:0000269;ECO:0007744
O96028,1032,Binding site,ECO:0000269;ECO:0007744
O96028,1041,Binding site,ECO:0000269;ECO:0007744
O96028,1046,Binding site,ECO:0000269;ECO:0007744
O96028,1052,Binding site,ECO:0000269;ECO:0007744
O96028,1075,Binding site,ECO:0000269;ECO:0007744
O96028,1115,Binding site,ECO:0000269;ECO:0007744
O96028,1116,Binding site,ECO:0000269;ECO:0007744
O96028,1117,Binding site,ECO:0000269;ECO:0007744
O96028,1118,Binding site,ECO:0000269;ECO:0007744
O96028,1141,Binding site,ECO:0000269;ECO:0007744
O96028,1142,Binding site,ECO:0000269;ECO:0007744
O96028,1144,Binding site,ECO:0000269;ECO:0007744
O96028,1186,Binding site,ECO:0000269;ECO:0007744
O96028,1191,Binding site,ECO:0000269;ECO:0007744
O96028,1192,Binding site,ECO:0000269;ECO:0007744
O96028,1193,Binding site,ECO:0000269;ECO:0007744
O96028,1198,Binding site,ECO:0000269;ECO:0007744
P00491,33,Binding site,ECO:0000269;ECO:0000305;ECO:0007744
P00491,64,Binding site,ECO:0000250
P00491,84,Binding site,ECO:0000269;ECO:0000305;ECO:0007744
P00491,85,Binding site,ECO:0000269;ECO:0000305;ECO:0007744
P00491,86,Binding site,ECO:0000269;ECO:0000305;ECO:0007744
P00491,88,Binding site,ECO:0000269;ECO:0007744
P00491,116,Binding site,ECO:0000269;ECO:0000305;ECO:0007744
P00491,201,Binding site,ECO:0000269;ECO:0000305;ECO:0007744
P00491,219,Binding site,ECO:0000269;ECO:0007744
P00491,220,Binding site,ECO:0000269;ECO:0000305;ECO:0007744
P00491,243,Binding site,ECO:0000269;ECO:0000305;ECO:0007744
P00491,257,Binding site,ECO:0000269;ECO:0007744
P00558,23,Binding site,ECO:0000269;ECO:0007744
P00558,24,Binding site,ECO:0000250
P00558,25,Binding site,ECO:0000269;ECO:0007744
P00558,26,Binding site,ECO:0000250
P00558,38,Binding site,ECO:0000269;ECO:0007744
P00558,39,Binding site,ECO:0000250
P00558,62,Binding site,ECO:0000269;ECO:0007744
P00558,63,Binding site,ECO:0000250
P00558,65,Binding site,ECO:0000269;ECO:0007744
P00558,66,Binding site,ECO:0000250
P00558,122,Binding site,ECO:0000269;ECO:0007744
P00558,123,Binding site,ECO:0000250
P00558,170,Binding site,ECO:0000269;ECO:0007744
P00558,171,Binding site,ECO:0000250
P00558,214,Binding site,ECO:0000269;ECO:0007744
P00558,214,Binding site,ECO:0000269;ECO:0007744
P00558,215,Binding site,ECO:0000250
P00558,215,Binding site,ECO:0000250
P00558,215,Binding site,ECO:0000269;ECO:0007744
P00558,216,Binding site,ECO:0000250
P00558,218,Binding site,ECO:0000269;ECO:0007744
P00558,219,Binding site,ECO:0000269;ECO:0007744
P00558,219,Binding site,ECO:0000269;ECO:0007744
P00558,220,Binding site,ECO:0000250
P00558,220,Binding site,ECO:0000250
P00558,238,Binding site,ECO:0000269;ECO:0007744
P00558,238,Binding site,ECO:0000269;ECO:0007744
P00558,239,Binding site,ECO:0000250
P00558,239,Binding site,ECO:0000250
P00558,313,Binding site,ECO:0000250
P00558,313,Binding site,ECO:0000250
P00558,338,Binding site,ECO:0000269;ECO:0007744
P00558,340,Binding site,ECO:0000269;ECO:0007744
P00558,343,Binding site,ECO:0000269;ECO:0007744
P00558,343,Binding site,ECO:0000269;ECO:0007744
P00558,344,Binding site,ECO:0000250
P00558,344,Binding site,ECO:0000250
P00558,375,Binding site,ECO:0000250
P00558,375,Binding site,ECO:0000250
P00558,376,Binding site,ECO:0000250
P02795,5,Binding site,ECO:0000269;ECO:0007744
P02795,7,Binding site,ECO:0000269;ECO:0007744
P02795,7,Binding site,ECO:0000269;ECO:0007744
P02795,13,Binding site,ECO:0000269;ECO:0007744
P02795,15,Binding site,ECO:0000269;ECO:0007744
P02795,15,Binding site,ECO:0000269;ECO:0007744
P02795,19,Binding site,ECO:0000269;ECO:0007744
P02795,21,Binding site,ECO:0000269;ECO:0007744
P02795,24,Binding site,ECO:0000269;ECO:0007744
P02795,24,Binding site,ECO:0000269;ECO:0007744
P02795,26,Binding site,ECO:0000269;ECO:0007744
P02795,29,Binding site,ECO:0000269;ECO:0007744
P02795,33,Binding site,ECO:0000269;ECO:0007744
P02795,34,Binding site,ECO:0000269;ECO:0007744
P02795,34,Binding site,ECO:0000269;ECO:0007744
P02795,36,Binding site,ECO:0000269;ECO:0007744
P02795,37,Binding site,ECO:0000269;ECO:0007744
P02795,37,Binding site,ECO:0000269;ECO:0007744
P02795,41,Binding site,ECO:0000269;ECO:0007744
P02795,44,Binding site,ECO:0000269;ECO:0007744
P02795,44,Binding site,ECO:0000269;ECO:0007744
P02795,48,Binding site,ECO:0000269;ECO:0007744
P02795,50,Binding site,ECO:0000269;ECO:0007744
P02795,50,Binding site,ECO:0000269;ECO:0007744
P02795,57,Binding site,ECO:0000269;ECO:0007744
P02795,59,Binding site,ECO:0000269;ECO:0007744
P02795,60,Binding site,ECO:0000269;ECO:0007744
P02795,60,Binding site,ECO:0000269;ECO:0007744
P04040,75,Active site,ECO:0000305
P04040,148,Active site,ECO:0000305
P04040,194,Binding site,ECO:0000269;ECO:0007744
P04040,201,Binding site,ECO:0000269;ECO:0007744
P04040,203,Binding site,ECO:0000269;ECO:0007744
P04040,213,Binding site,ECO:0000269;ECO:0007744
P04040,237,Binding site,ECO:0000269;ECO:0007744
P04040,303,Binding site,ECO:0000269;ECO:0007744
P04040,305,Binding site,ECO:0000269;ECO:0007744
P04040,306,Binding site,ECO:0000269;ECO:0007744
P04040,358,Binding site,ECO:0000269;ECO:0007744
P04049,468,Active site,
P04049,139,Binding site,
P04049,152,Binding site,
P04049,155,Binding site,
P04049,165,Binding site,
P04049,168,Binding site,
P04049,173,Binding site,
P04049,176,Binding site,
P04049,184,Binding site,
P04049,355,Binding site,ECO:0000255
P04049,356,Binding site,ECO:0000255
P04049,357,Binding site,ECO:0000255
P04049,358,Binding site,ECO:0000255
P04049,359,Binding site,ECO:0000255
P04049,360,Binding site,ECO:0000255
P04049,361,Binding site,ECO:0000255
P04049,362,Binding site,ECO:0000255
P04049,363,Binding site,ECO:0000255
P04049,375,Binding site,ECO:0000255
P04053,333,Binding site,ECO:0000250
P04053,334,Binding site,ECO:0000250
P04053,335,Binding site,ECO:0000250
P04053,336,Binding site,ECO:0000250
P04053,337,Binding site,ECO:0000250
P04053,338,Binding site,ECO:0000250
P04053,342,Binding site,ECO:0000250
P04053,343,Binding site,ECO:0000250
P04053,344,Binding site,ECO:0000250
P04053,345,Binding site,ECO:0000250
P04053,343,Binding site,ECO:0000250
P04053,345,Binding site,ECO:0000250
P04053,433,Binding site,ECO:0000250
P04053,448,Binding site,ECO:0000250
P04053,449,Binding site,ECO:0000250
P04075,188,Active site,ECO:0000250
P04075,230,Active site,ECO:0000250
P04075,43,Binding site,ECO:0000250
P04075,272,Binding site,ECO:0000250
P04075,273,Binding site,ECO:0000250
P04075,274,Binding site,ECO:0000250
P04075,301,Binding site,ECO:0000250
P04075,304,Binding site,ECO:0000250
P04183,98,Active site,ECO:0000255
P04183,26,Binding site,ECO:0000269;ECO:0007744
P04183,27,Binding site,ECO:0000269;ECO:0007744
P04183,28,Binding site,ECO:0000269;ECO:0007744
P04183,29,Binding site,ECO:0000269;ECO:0007744
P04183,30,Binding site,ECO:0000269;ECO:0007744
P04183,31,Binding site,ECO:0000269;ECO:0007744
P04183,32,Binding site,ECO:0000269;ECO:0007744
P04183,33,Binding site,ECO:0000269;ECO:0007744
P04183,58,Binding site,ECO:0000269;ECO:0007744
P04183,59,Binding site,ECO:0000269;ECO:0007744
P04183,60,Binding site,ECO:0000269;ECO:0007744
P04183,97,Binding site,ECO:0000269;ECO:0007744
P04183,98,Binding site,ECO:0000269;ECO:0007744
P04183,99,Binding site,ECO:0000269;ECO:0007744
P04183,100,Binding site,ECO:0000269;ECO:0007744
P04183,128,Binding site,ECO:0000269;ECO:0007744
P04183,153,Binding site,ECO:0000269;ECO:0007744
P04183,156,Binding site,ECO:0000269;ECO:0007744
P04183,172,Binding site,ECO:0000269;ECO:0007744
P04183,173,Binding site,ECO:0000269;ECO:0007744
P04183,174,Binding site,ECO:0000269;ECO:0007744
P04183,175,Binding site,ECO:0000269;ECO:0007744
P04183,176,Binding site,ECO:0000269;ECO:0007744
P04183,181,Binding site,ECO:0000269;ECO:0007744
P04183,185,Binding site,ECO:0000269;ECO:0007744
P04183,188,Binding site,ECO:0000269;ECO:0007744
P04406,152,Active site,ECO:0000269
P04406,13,Binding site,ECO:0000269
P04406,14,Binding site,ECO:0000269
P04406,35,Binding site,ECO:0000269
P04406,80,Binding site,ECO:0000269
P04406,122,Binding site,ECO:0000269
P04406,151,Binding site,ECO:0000250
P04406,152,Binding site,ECO:0000250
P04406,153,Binding site,ECO:0000250
P04406,182,Binding site,ECO:0000250
P04406,211,Binding site,ECO:0000250
P04406,212,Binding site,ECO:0000250
P04406,234,Binding site,ECO:0000250
P04406,316,Binding site,ECO:0000269
P05023,376,Active site,ECO:0000250
P05023,329,Binding site,ECO:0000269;ECO:0007744
P05023,330,Binding site,ECO:0000269;ECO:0007744
P05023,332,Binding site,ECO:0000269;ECO:0007744
P05023,334,Binding site,ECO:0000269;ECO:0007744
P05023,376,Binding site,ECO:0000269;ECO:0007744
P05023,378,Binding site,ECO:0000250
P05023,378,Binding site,ECO:0000269;ECO:0007744
P05023,450,Binding site,ECO:0000250
P05023,453,Binding site,ECO:0000250
P05023,482,Binding site,ECO:0000250
P05023,484,Binding site,ECO:0000250
P05023,487,Binding site,ECO:0000250
P05023,551,Binding site,ECO:0000250
P05023,617,Binding site,ECO:0000250
P05023,618,Binding site,ECO:0000250
P05023,692,Binding site,ECO:0000250
P05023,717,Binding site,ECO:0000269;ECO:0007744
P05023,721,Binding site,ECO:0000269;ECO:0007744
P05023,747,Binding site,ECO:0000269;ECO:0007744
P05023,778,Binding site,ECO:0000269;ECO:0007744
P05023,779,Binding site,ECO:0000269;ECO:0007744
P05023,781,Binding site,ECO:0000269;ECO:0007744
P05023,782,Binding site,ECO:0000269;ECO:0007744
P05023,782,Binding site,ECO:0000269;ECO:0007744
P05023,783,Binding site,ECO:0000269;ECO:0007744
P05023,786,Binding site,ECO:0000269;ECO:0007744
P05023,811,Binding site,ECO:0000269;ECO:0007744
P05023,811,Binding site,ECO:0000269;ECO:0007744
P05023,814,Binding site,ECO:0000269;ECO:0007744
P05023,815,Binding site,ECO:0000269;ECO:0007744
P05023,815,Binding site,ECO:0000269;ECO:0007744
P05023,930,Binding site,ECO:0000269;ECO:0007744
P05107,136,Binding site,ECO:0000269;ECO:0007744
P05107,138,Binding site,ECO:0000269;ECO:0007744
P05107,138,Binding site,ECO:0000269;ECO:0007744
P05107,141,Binding site,ECO:0000269;ECO:0007744
P05107,142,Binding site,ECO:0000269;ECO:0007744
P05107,173,Binding site,ECO:0000269;ECO:0007744
P05107,229,Binding site,ECO:0000269;ECO:0007744
P05107,231,Binding site,ECO:0000269;ECO:0007744
P05107,233,Binding site,ECO:0000269;ECO:0007744
P05107,234,Binding site,ECO:0000269;ECO:0007744
P05107,234,Binding site,ECO:0000269;ECO:0007744
P05107,264,Binding site,ECO:0000269;ECO:0007744
P05107,347,Binding site,ECO:0000269;ECO:0007744
P05556,152,Binding site,ECO:0000269;ECO:0007744
P05556,154,Binding site,ECO:0000269;ECO:0007744
P05556,154,Binding site,ECO:0000269;ECO:0007744
P05556,157,Binding site,ECO:0000269;ECO:0007744
P05556,158,Binding site,ECO:0000269;ECO:0007744
P05556,189,Binding site,ECO:0000269;ECO:0007744
P05556,244,Binding site,ECO:0000269;ECO:0007744
P05556,246,Binding site,ECO:0000269;ECO:0007744
P05556,248,Binding site,ECO:0000269;ECO:0007744
P05556,249,Binding site,ECO:0000269;ECO:0007744
P05556,249,Binding site,ECO:0000269;ECO:0007744
P05556,362,Binding site,ECO:0000269;ECO:0007744
P05771,466,Active site,ECO:0000255
P05771,186,Binding site,ECO:0000250
P05771,187,Binding site,ECO:0000250
P05771,187,Binding site,ECO:0000250
P05771,193,Binding site,ECO:0000250
P05771,246,Binding site,ECO:0000250
P05771,246,Binding site,ECO:0000250
P05771,247,Binding site,ECO:0000250
P05771,248,Binding site,ECO:0000250
P05771,248,Binding site,ECO:0000250
P05771,248,Binding site,ECO:0000250
P05771,251,Binding site,ECO:0000250
P05771,252,Binding site,ECO:0000250
P05771,254,Binding site,ECO:0000250
P05771,254,Binding site,ECO:0000250
P05771,348,Binding site,ECO:0000255
P05771,349,Binding site,ECO:0000255
P05771,350,Binding site,ECO:0000255
P05771,351,Binding site,ECO:0000255
P05771,352,Binding site,ECO:0000255
P05771,353,Binding site,ECO:0000255
P05771,354,Binding site,ECO:0000255
P05771,355,Binding site,ECO:0000255
P05771,356,Binding site,ECO:0000255
P05771,371,Binding site,ECO:0000255
P06239,364,Active site,ECO:0000255
P06239,251,Binding site,ECO:0000255
P06239,252,Binding site,ECO:0000255
P06239,253,Binding site,ECO:0000255
P06239,254,Binding site,ECO:0000255
P06239,255,Binding site,ECO:0000255
P06239,256,Binding site,ECO:0000255
P06239,257,Binding site,ECO:0000255
P06239,258,Binding site,ECO:0000255
P06239,259,Binding site,ECO:0000255
P06239,273,Binding site,ECO:0000255
P06241,390,Active site,ECO:0000255
P06241,277,Binding site,ECO:0000255
P06241,278,Binding site,ECO:0000255
P06241,279,Binding site,ECO:0000255
P06241,280,Binding site,ECO:0000255
P06241,281,Binding site,ECO:0000255
P06241,282,Binding site,ECO:0000255
P06241,283,Binding site,ECO:0000255
P06241,284,Binding site,ECO:0000255
P06241,285,Binding site,ECO:0000255
P06241,299,Binding site,ECO:0000255
P06493,128,Active site,ECO:0000255
P06493,10,Binding site,ECO:0000255
P06493,11,Binding site,ECO:0000255
P06493,12,Binding site,ECO:0000255
P06493,13,Binding site,ECO:0000255
P06493,14,Binding site,ECO:0000255
P06493,15,Binding site,ECO:0000255
P06493,16,Binding site,ECO:0000255
P06493,17,Binding site,ECO:0000255
P06493,18,Binding site,ECO:0000255
P06493,33,Binding site,ECO:0000255
P06733,210,Active site,ECO:0000250
P06733,343,Active site,ECO:0000250
P06733,40,Binding site,ECO:0000269
P06733,158,Binding site,ECO:0000250
P06733,167,Binding site,ECO:0000250
P06733,245,Binding site,ECO:0000269
P06733,293,Binding site,ECO:0000269
P06733,293,Binding site,ECO:0000250
P06733,318,Binding site,ECO:0000269
P06733,318,Binding site,ECO:0000250
P06733,370,Binding site,ECO:0000250
P06733,371,Binding site,ECO:0000250
P06733,372,Binding site,ECO:0000250
P06733,373,Binding site,ECO:0000250
P06733,394,Binding site,ECO:0000250
P06744,358,Active site,ECO:0000269
P06744,389,Active site,ECO:0000269
P06744,519,Active site,ECO:0000269
P06744,159,Binding site,ECO:0000250
P06744,160,Binding site,ECO:0000250
P06744,210,Binding site,ECO:0000250
P06744,211,Binding site,ECO:0000250
P06744,212,Binding site,ECO:0000250
P06744,213,Binding site,ECO:0000250
P06744,214,Binding site,ECO:0000250
P06744,215,Binding site,ECO:0000250
P06744,354,Binding site,ECO:0000250
P06744,358,Binding site,ECO:0000250
P06744,389,Binding site,ECO:0000250
P06744,519,Binding site,ECO:0000250
P07339,97,Active site,ECO:0000255;ECO:0000269
P07339,295,Active site,ECO:0000255;ECO:0000269
P07384,115,Active site,ECO:0000250
P07384,272,Active site,ECO:0000250
P07384,296,Active site,ECO:0000250
P07384,109,Binding site,ECO:0000305
P07384,114,Binding site,ECO:0000305
P07384,316,Binding site,ECO:0000305
P07384,318,Binding site,ECO:0000305
P07384,323,Binding site,ECO:0000305
P07384,598,Binding site,ECO:0000255
P07384,600,Binding site,ECO:0000255
P07384,602,Binding site,ECO:0000255
P07384,604,Binding site,ECO:0000255
P07384,609,Binding site,ECO:0000255
P07384,628,Binding site,ECO:0000255
P07384,630,Binding site,ECO:0000255
P07384,632,Binding site,ECO:0000255
P07384,634,Binding site,ECO:0000255
P07384,639,Binding site,ECO:0000255
P07437,11,Binding site,ECO:0000250
P07437,69,Binding site,ECO:0000250
P07437,69,Binding site,ECO:0000250
P07437,138,Binding site,ECO:0000250
P07437,142,Binding site,ECO:0000250
P07437,143,Binding site,ECO:0000250
P07437,144,Binding site,ECO:0000250
P07437,204,Binding site,ECO:0000250
P07437,226,Binding site,ECO:0000250
P07814,1121,Binding site,ECO:0000269;ECO:0007744
P07814,1122,Binding site,ECO:0000269;ECO:0007744
P07814,1123,Binding site,ECO:0000269;ECO:0007744
P07814,1152,Binding site,ECO:0000269;ECO:0007744
P07814,1152,Binding site,ECO:0000269;ECO:0007744
P07814,1154,Binding site,ECO:0000269;ECO:0007744
P07814,1163,Binding site,ECO:0000269;ECO:0007744
P07814,1164,Binding site,ECO:0000269;ECO:0007744
P07814,1237,Binding site,ECO:0000269;ECO:0007744
P07814,1237,Binding site,ECO:0000269;ECO:0007744
P07814,1240,Binding site,ECO:0000269;ECO:0007744
P07814,1242,Binding site,ECO:0000269;ECO:0007744
P07814,1276,Binding site,ECO:0000269;ECO:0007744
P07814,1278,Binding site,ECO:0000269;ECO:0007744
P07814,1448,Binding site,ECO:0000269;ECO:0007744
P07814,1453,Binding site,ECO:0000269;ECO:0007744
P07814,1495,Binding site,ECO:0000269;ECO:0007744
P07814,1497,Binding site,ECO:0000269;ECO:0007744
P07900,51,Binding site,
P07900,93,Binding site,
P07900,112,Binding site,ECO:0000250
P07900,138,Binding site,
P07900,400,Binding site,ECO:0000250
P08238,46,Binding site,ECO:0000250
P08238,88,Binding site,
P08238,107,Binding site,ECO:0000250
P08238,133,Binding site,ECO:0000250
P08238,392,Binding site,ECO:0000250
P08559,92,Binding site,ECO:0000305;ECO:0007744
P08559,118,Binding site,ECO:0000305;ECO:0007744
P08559,118,Binding site,ECO:0000269;ECO:0007744
P08559,119,Binding site,ECO:0000305;ECO:0007744
P08559,119,Binding site,ECO:0000269;ECO:0007744
P08559,157,Binding site,ECO:0000305;ECO:0007744
P08559,165,Binding site,ECO:0000305;ECO:0007744
P08559,165,Binding site,ECO:0000269;ECO:0007744
P08559,167,Binding site,ECO:0000305;ECO:0007744
P08559,167,Binding site,ECO:0000269;ECO:0007744
P08559,196,Binding site,ECO:0000269;ECO:0007744
P08559,196,Binding site,ECO:0000305;ECO:0007744
P08559,196,Binding site,ECO:0000269;ECO:0007744
P08559,197,Binding site,ECO:0000305;ECO:0007744
P08559,197,Binding site,ECO:0000269;ECO:0007744
P08559,198,Binding site,ECO:0000305;ECO:0007744
P08559,198,Binding site,ECO:0000269;ECO:0007744
P08559,225,Binding site,ECO:0000269;ECO:0007744
P08559,225,Binding site,ECO:0000305;ECO:0007744
P08559,225,Binding site,ECO:0000269;ECO:0007744
P08559,227,Binding site,ECO:0000269;ECO:0007744
P08559,227,Binding site,ECO:0000305;ECO:0007744
P08559,292,Binding site,ECO:0000269;ECO:0007744
P08575,853,Active site,
P08575,1169,Active site,ECO:0000250
P08575,821,Binding site,ECO:0000250
P08575,853,Binding site,ECO:0000250
P08575,854,Binding site,ECO:0000250
P08575,855,Binding site,ECO:0000250
P08575,856,Binding site,ECO:0000250
P08575,857,Binding site,ECO:0000250
P08575,858,Binding site,ECO:0000250
P08575,859,Binding site,ECO:0000250
P08575,897,Binding site,ECO:0000250
P09874,988,Active site,ECO:0000305
P09874,21,Binding site,ECO:0000255;ECO:0000269;ECO:0007744
P09874,24,Binding site,ECO:0000255;ECO:0000269;ECO:0007744
P09874,53,Binding site,ECO:0000255;ECO:0000269;ECO:0007744
P09874,56,Binding site,ECO:0000255;ECO:0000269;ECO:0007744
P09874,125,Binding site,ECO:0000255;ECO:0000269;ECO:0007744
P09874,128,Binding site,ECO:0000255;ECO:0000269;ECO:0007744
P09874,159,Binding site,ECO:0000255;ECO:0000269;ECO:0007744
P09874,162,Binding site,ECO:0000255;ECO:0000269;ECO:0007744
P09874,295,Binding site,ECO:0000255;ECO:0000269;ECO:0007744
P09874,298,Binding site,ECO:0000255;ECO:0000269;ECO:0007744
P09874,311,Binding site,ECO:0000255;ECO:0000269;ECO:0007744
P09874,321,Binding site,ECO:0000255;ECO:0000269;ECO:0007744
P09874,862,Binding site,ECO:0000250
P09874,863,Binding site,ECO:0000250
P09874,864,Binding site,ECO:0000250
P09874,871,Binding site,ECO:0000250
P09874,878,Binding site,ECO:0000250
P09874,904,Binding site,ECO:0000250
P09884,1283,Binding site,ECO:0000269;ECO:0007744
P09884,1286,Binding site,ECO:0000269;ECO:0007744
P09884,1310,Binding site,ECO:0000269;ECO:0007744
P09884,1315,Binding site,ECO:0000269;ECO:0007744
P09884,1348,Binding site,ECO:0000269;ECO:0007744
P09884,1353,Binding site,ECO:0000269;ECO:0007744
P09884,1371,Binding site,ECO:0000269;ECO:0007744
P09884,1374,Binding site,ECO:0000269;ECO:0007744
P09972,188,Active site,ECO:0000250
P09972,230,Active site,
P09972,56,Binding site,
P09972,147,Binding site,
P0C7P0,60,Binding site,ECO:0000269;ECO:0007744
P0C7P0,62,Binding site,ECO:0000269;ECO:0007744
P0C7P0,71,Binding site,ECO:0000269;ECO:0007744
P0C7P0,75,Binding site,ECO:0000305;ECO:0007744
P0C7P0,98,Binding site,ECO:0000269;ECO:0007744
P0C7P0,100,Binding site,ECO:0000269;ECO:0007744
P0C7P0,109,Binding site,ECO:0000269;ECO:0007744
P0C7P0,113,Binding site,ECO:0000305;ECO:0007744
P10321,87,Binding site,ECO:0000269
P10321,94,Binding site,ECO:0000269
P10321,101,Binding site,ECO:0000269
P10321,183,Binding site,ECO:0000269
P10321,195,Binding site,ECO:0000269
P11142,12,Binding site,
P11142,13,Binding site,
P11142,14,Binding site,
P11142,15,Binding site,
P11142,14,Binding site,ECO:0000250
P11142,15,Binding site,ECO:0000250
P11142,71,Binding site,
P11142,202,Binding site,
P11142,203,Binding site,
P11142,204,Binding site,
P11142,202,Binding site,ECO:0000250
P11142,268,Binding site,
P11142,269,Binding site,
P11142,270,Binding site,
P11142,271,Binding site,
P11142,272,Binding site,
P11142,273,Binding site,
P11142,274,Binding site,
P11142,275,Binding site,
P11142,268,Binding site,ECO:0000250
P11142,271,Binding site,ECO:0000250
P11142,275,Binding site,ECO:0000250
P11142,339,Binding site,
P11142,340,Binding site,
P11142,341,Binding site,
P11142,342,Binding site,
P11142,339,Binding site,ECO:0000250
P11166,137,Binding site,ECO:0000269;ECO:0007744
P11166,282,Binding site,ECO:0000305
P11166,283,Binding site,ECO:0000305
P11166,282,Binding site,ECO:0000269;ECO:0007744
P11166,288,Binding site,ECO:0000305;ECO:0007744
P11166,317,Binding site,ECO:0000305;ECO:0007744
P11166,380,Binding site,ECO:0000305;ECO:0007744
P11166,388,Binding site,ECO:0000269;ECO:0007744
P11166,411,Binding site,ECO:0000269
P11172,312,Active site,ECO:0000269
P11172,314,Active site,ECO:0000269
P11172,317,Active site,ECO:0000269
P11172,257,Binding site,ECO:0000269;ECO:0007744
P11172,257,Binding site,ECO:0000269;ECO:0007744
P11172,259,Binding site,ECO:0000269;ECO:0007744
P11172,281,Binding site,ECO:0000269;ECO:0007744
P11172,282,Binding site,ECO:0000269;ECO:0007744
P11172,283,Binding site,ECO:0000269;ECO:0007744
P11172,281,Binding site,ECO:0000269;ECO:0007744
P11172,314,Binding site,ECO:0000269;ECO:0007744
P11172,317,Binding site,ECO:0000269;ECO:0007744
P11172,317,Binding site,ECO:0000269;ECO:0007744
P11172,321,Binding site,ECO:0000269;ECO:0007744
P11172,321,Binding site,ECO:0000269;ECO:0007744
P11172,372,Binding site,ECO:0000269;ECO:0007744
P11172,372,Binding site,ECO:0000269;ECO:0007744
P11172,430,Binding site,ECO:0000269;ECO:0007744
P11172,431,Binding site,ECO:0000269;ECO:0007744
P11172,432,Binding site,ECO:0000269;ECO:0007744
P11172,430,Binding site,ECO:0000269;ECO:0007744
P11172,431,Binding site,ECO:0000269;ECO:0007744
P11172,432,Binding site,ECO:0000269;ECO:0007744
P11172,450,Binding site,ECO:0000269;ECO:0007744
P11172,451,Binding site,ECO:0000269;ECO:0007744
P11172,450,Binding site,ECO:0000269;ECO:0007744
P11172,451,Binding site,ECO:0000269;ECO:0007744
P11387,723,Active site,ECO:0000255;ECO:0000269
P11388,805,Active site,ECO:0000255
P11388,91,Binding site,ECO:0000269
P11388,120,Binding site,ECO:0000269
P11388,148,Binding site,ECO:0000269
P11388,149,Binding site,ECO:0000269
P11388,150,Binding site,ECO:0000269
P11388,161,Binding site,ECO:0000269
P11388,162,Binding site,ECO:0000269
P11388,163,Binding site,ECO:0000269
P11388,164,Binding site,ECO:0000269
P11388,165,Binding site,ECO:0000269
P11388,166,Binding site,ECO:0000269
P11388,167,Binding site,ECO:0000269
P11388,168,Binding site,ECO:0000269
P11388,376,Binding site,ECO:0000269;ECO:0000305
P11388,377,Binding site,ECO:0000269;ECO:0000305
P11388,378,Binding site,ECO:0000269;ECO:0000305
P11388,461,Binding site,ECO:0000255
P11388,541,Binding site,ECO:0000255
P11388,541,Binding site,ECO:0000269
P11388,543,Binding site,ECO:0000269
P12931,389,Active site,ECO:0000255
P12931,276,Binding site,
P12931,277,Binding site,
P12931,278,Binding site,
P12931,279,Binding site,
P12931,280,Binding site,
P12931,281,Binding site,
P12931,282,Binding site,
P12931,283,Binding site,
P12931,284,Binding site,
P12931,298,Binding site,
P12956,31,Active site,ECO:0000305
P13051,154,Active site,ECO:0000255;ECO:0000269;ECO:0000312
P13051,153,Binding site,ECO:0000269;ECO:0000312
P13051,157,Binding site,ECO:0000269;ECO:0000312
P13051,167,Binding site,ECO:0000269;ECO:0000312
P13051,178,Binding site,ECO:0000269;ECO:0000312
P13051,213,Binding site,ECO:0000269;ECO:0000312
P13051,256,Binding site,ECO:0000269;ECO:0000312
P13051,277,Binding site,ECO:0000269;ECO:0000312
P13051,277,Binding site,ECO:0000269;ECO:0000312
P13051,279,Binding site,ECO:0000269;ECO:0000312
P13051,282,Binding site,ECO:0000269;ECO:0000312
P13051,285,Binding site,ECO:0000269;ECO:0000312
P13639,26,Binding site,ECO:0000250
P13639,27,Binding site,ECO:0000250
P13639,28,Binding site,ECO:0000250
P13639,29,Binding site,ECO:0000250
P13639,30,Binding site,ECO:0000250
P13639,31,Binding site,ECO:0000250
P13639,32,Binding site,ECO:0000250
P13639,33,Binding site,ECO:0000250
P13639,158,Binding site,ECO:0000250
P13639,159,Binding site,ECO:0000250
P13639,160,Binding site,ECO:0000250
P13639,161,Binding site,ECO:0000250
P13639,216,Binding site,ECO:0000250
P13639,217,Binding site,ECO:0000250
P13639,218,Binding site,ECO:0000250
P13796,22,Binding site,ECO:0000255
P13796,24,Binding site,ECO:0000255
P13796,26,Binding site,ECO:0000255
P13796,28,Binding site,ECO:0000255
P13796,33,Binding site,ECO:0000255
P13796,62,Binding site,ECO:0000255
P13796,64,Binding site,ECO:0000255
P13796,66,Binding site,ECO:0000255
P13796,68,Binding site,ECO:0000255
P13796,73,Binding site,ECO:0000255
P13807,39,Binding site,ECO:0000269;ECO:0007744
P13807,205,Binding site,ECO:0000305;ECO:0007744
P13807,211,Binding site,ECO:0000305;ECO:0007744
P13807,291,Binding site,ECO:0000269;ECO:0007744
P13807,292,Binding site,ECO:0000269;ECO:0007744
P13807,294,Binding site,ECO:0000269;ECO:0007744
P13807,297,Binding site,ECO:0000269;ECO:0007744
P13807,301,Binding site,ECO:0000269;ECO:0007744
P13807,331,Binding site,ECO:0000269;ECO:0007744
P13807,331,Binding site,ECO:0000305;ECO:0007744
P13807,501,Binding site,ECO:0000269;ECO:0007744
P13807,510,Binding site,ECO:0000305;ECO:0007744
P13807,512,Binding site,ECO:0000305;ECO:0007744
P13807,513,Binding site,ECO:0000305;ECO:0007744
P13807,515,Binding site,ECO:0000269;ECO:0007744
P13807,582,Binding site,ECO:0000269;ECO:0007744
P13807,586,Binding site,ECO:0000269;ECO:0007744
P13861,139,Binding site,
P13861,140,Binding site,
P13861,141,Binding site,
P13861,142,Binding site,
P13861,143,Binding site,
P13861,144,Binding site,
P13861,145,Binding site,
P13861,146,Binding site,
P13861,147,Binding site,
P13861,148,Binding site,
P13861,149,Binding site,
P13861,150,Binding site,
P13861,151,Binding site,
P13861,152,Binding site,
P13861,153,Binding site,
P13861,154,Binding site,
P13861,155,Binding site,
P13861,156,Binding site,
P13861,157,Binding site,
P13861,158,Binding site,
P13861,159,Binding site,
P13861,160,Binding site,
P13861,161,Binding site,
P13861,162,Binding site,
P13861,163,Binding site,
P13861,164,Binding site,
P13861,165,Binding site,
P13861,166,Binding site,
P13861,167,Binding site,
P13861,168,Binding site,
P13861,169,Binding site,
P13861,170,Binding site,
P13861,171,Binding site,
P13861,172,Binding site,
P13861,173,Binding site,
P13861,174,Binding site,
P13861,175,Binding site,
P13861,176,Binding site,
P13861,177,Binding site,
P13861,178,Binding site,
P13861,179,Binding site,
P13861,180,Binding site,
P13861,181,Binding site,
P13861,182,Binding site,
P13861,183,Binding site,
P13861,184,Binding site,
P13861,185,Binding site,
P13861,186,Binding site,
P13861,187,Binding site,
P13861,188,Binding site,
P13861,189,Binding site,
P13861,190,Binding site,
P13861,191,Binding site,
P13861,192,Binding site,
P13861,193,Binding site,
P13861,194,Binding site,
P13861,195,Binding site,
P13861,196,Binding site,
P13861,197,Binding site,
P13861,198,Binding site,
P13861,199,Binding site,
P13861,200,Binding site,
P13861,201,Binding site,
P13861,202,Binding site,
P13861,203,Binding site,
P13861,204,Binding site,
P13861,205,Binding site,
P13861,206,Binding site,
P13861,207,Binding site,
P13861,208,Binding site,
P13861,209,Binding site,
P13861,210,Binding site,
P13861,211,Binding site,
P13861,212,Binding site,
P13861,213,Binding site,
P13861,214,Binding site,
P13861,215,Binding site,
P13861,216,Binding site,
P13861,217,Binding site,
P13861,218,Binding site,
P13861,219,Binding site,
P13861,220,Binding site,
P13861,221,Binding site,
P13861,222,Binding site,
P13861,223,Binding site,
P13861,224,Binding site,
P13861,225,Binding site,
P13861,226,Binding site,
P13861,227,Binding site,
P13861,228,Binding site,
P13861,229,Binding site,
P13861,230,Binding site,
P13861,231,Binding site,
P13861,232,Binding site,
P13861,233,Binding site,
P13861,234,Binding site,
P13861,235,Binding site,
P13861,236,Binding site,
P13861,237,Binding site,
P13861,238,Binding site,
P13861,239,Binding site,
P13861,240,Binding site,
P13861,241,Binding site,
P13861,242,Binding site,
P13861,243,Binding site,
P13861,244,Binding site,
P13861,245,Binding site,
P13861,246,Binding site,
P13861,247,Binding site,
P13861,248,Binding site,
P13861,249,Binding site,
P13861,250,Binding site,
P13861,251,Binding site,
P13861,252,Binding site,
P13861,253,Binding site,
P13861,254,Binding site,
P13861,255,Binding site,
P13861,256,Binding site,
P13861,257,Binding site,
P13861,258,Binding site,
P13861,259,Binding site,
P13861,260,Binding site,
P13861,208,Binding site,
P13861,217,Binding site,
P13861,261,Binding site,
P13861,262,Binding site,
P13861,263,Binding site,
P13861,264,Binding site,
P13861,265,Binding site,
P13861,266,Binding site,
P13861,267,Binding site,
P13861,268,Binding site,
P13861,269,Binding site,
P13861,270,Binding site,
P13861,271,Binding site,
P13861,272,Binding site,
P13861,273,Binding site,
P13861,274,Binding site,
P13861,275,Binding site,
P13861,276,Binding site,
P13861,277,Binding site,
P13861,278,Binding site,
P13861,279,Binding site,
P13861,280,Binding site,
P13861,281,Binding site,
P13861,282,Binding site,
P13861,283,Binding site,
P13861,284,Binding site,
P13861,285,Binding site,
P13861,286,Binding site,
P13861,287,Binding site,
P13861,288,Binding site,
P13861,289,Binding site,
P13861,290,Binding site,
P13861,291,Binding site,
P13861,292,Binding site,
P13861,293,Binding site,
P13861,294,Binding site,
P13861,295,Binding site,
P13861,296,Binding site,
P13861,297,Binding site,
P13861,298,Binding site,
P13861,299,Binding site,
P13861,300,Binding site,
P13861,301,Binding site,
P13861,302,Binding site,
P13861,303,Binding site,
P13861,304,Binding site,
P13861,305,Binding site,
P13861,306,Binding site,
P13861,307,Binding site,
P13861,308,Binding site,
P13861,309,Binding site,
P13861,310,Binding site,
P13861,311,Binding site,
P13861,312,Binding site,
P13861,313,Binding site,
P13861,314,Binding site,
P13861,315,Binding site,
P13861,316,Binding site,
P13861,317,Binding site,
P13861,318,Binding site,
P13861,319,Binding site,
P13861,320,Binding site,
P13861,321,Binding site,
P13861,322,Binding site,
P13861,323,Binding site,
P13861,324,Binding site,
P13861,325,Binding site,
P13861,326,Binding site,
P13861,327,Binding site,
P13861,328,Binding site,
P13861,329,Binding site,
P13861,330,Binding site,
P13861,331,Binding site,
P13861,332,Binding site,
P13861,333,Binding site,
P13861,334,Binding site,
P13861,335,Binding site,
P13861,336,Binding site,
P13861,337,Binding site,
P13861,338,Binding site,
P13861,339,Binding site,
P13861,340,Binding site,
P13861,341,Binding site,
P13861,342,Binding site,
P13861,343,Binding site,
P13861,344,Binding site,
P13861,345,Binding site,
P13861,346,Binding site,
P13861,347,Binding site,
P13861,348,Binding site,
P13861,349,Binding site,
P13861,350,Binding site,
P13861,351,Binding site,
P13861,352,Binding site,
P13861,353,Binding site,
P13861,354,Binding site,
P13861,355,Binding site,
P13861,356,Binding site,
P13861,357,Binding site,
P13861,358,Binding site,
P13861,359,Binding site,
P13861,360,Binding site,
P13861,361,Binding site,
P13861,362,Binding site,
P13861,363,Binding site,
P13861,364,Binding site,
P13861,365,Binding site,
P13861,366,Binding site,
P13861,367,Binding site,
P13861,368,Binding site,
P13861,369,Binding site,
P13861,370,Binding site,
P13861,371,Binding site,
P13861,372,Binding site,
P13861,373,Binding site,
P13861,374,Binding site,
P13861,375,Binding site,
P13861,376,Binding site,
P13861,377,Binding site,
P13861,378,Binding site,
P13861,379,Binding site,
P13861,380,Binding site,
P13861,381,Binding site,
P13861,382,Binding site,
P13861,383,Binding site,
P13861,384,Binding site,
P13861,385,Binding site,
P13861,386,Binding site,
P13861,387,Binding site,
P13861,388,Binding site,
P13861,389,Binding site,
P13861,390,Binding site,
P13861,391,Binding site,
P13861,392,Binding site,
P13861,393,Binding site,
P13861,394,Binding site,
P13861,395,Binding site,
P13861,396,Binding site,
P13861,397,Binding site,
P13861,398,Binding site,
P13861,399,Binding site,
P13861,400,Binding site,
P13861,401,Binding site,
P13861,402,Binding site,
P13861,403,Binding site,
P13861,404,Binding site,
P13861,338,Binding site,
P13861,347,Binding site,
P13995,84,Binding site,ECO:0000269
P13995,85,Binding site,ECO:0000269
P13995,86,Binding site,ECO:0000269
P13995,87,Binding site,ECO:0000269
P13995,88,Binding site,ECO:0000269
P13995,131,Binding site,ECO:0000269
P13995,132,Binding site,ECO:0000269
P13995,133,Binding site,ECO:0000269
P13995,200,Binding site,ECO:0000269
P13995,201,Binding site,ECO:0000269
P13995,202,Binding site,ECO:0000269
P13995,233,Binding site,ECO:0000269
P13995,309,Binding site,ECO:0000269
P13995,310,Binding site,ECO:0000269
P13995,311,Binding site,ECO:0000269
P13995,312,Binding site,ECO:0000269
P13995,313,Binding site,ECO:0000269
P14618,70,Binding site,ECO:0000269
P14618,73,Binding site,ECO:0000250
P14618,75,Binding site,ECO:0000269;ECO:0007744
P14618,76,Binding site,ECO:0000269;ECO:0007744
P14618,77,Binding site,ECO:0000269;ECO:0007744
P14618,78,Binding site,ECO:0000269;ECO:0007744
P14618,75,Binding site,ECO:0000269;ECO:0007744
P14618,77,Binding site,ECO:0000269;ECO:0007744
P14618,106,Binding site,ECO:0000269
P14618,113,Binding site,ECO:0000269;ECO:0007744
P14618,114,Binding site,ECO:0000269;ECO:0007744
P14618,120,Binding site,ECO:0000269;ECO:0007744
P14618,207,Binding site,ECO:0000269;ECO:0007744
P14618,270,Binding site,ECO:0000250
P14618,272,Binding site,ECO:0000269;ECO:0007744
P14618,295,Binding site,ECO:0000250
P14618,296,Binding site,ECO:0000269;ECO:0007744
P14618,296,Binding site,ECO:0000250
P14618,328,Binding site,ECO:0000250
P14618,432,Binding site,ECO:0000269;ECO:0007744
P14618,433,Binding site,ECO:0000269;ECO:0007744
P14618,434,Binding site,ECO:0000269;ECO:0007744
P14618,435,Binding site,ECO:0000269;ECO:0007744
P14618,436,Binding site,ECO:0000269;ECO:0007744
P14618,437,Binding site,ECO:0000269;ECO:0007744
P14618,464,Binding site,ECO:0000269
P14618,482,Binding site,ECO:0000269;ECO:0007744
P14618,489,Binding site,ECO:0000269;ECO:0007744
P14618,516,Binding site,ECO:0000269;ECO:0007744
P14618,517,Binding site,ECO:0000269;ECO:0007744
P14618,518,Binding site,ECO:0000269;ECO:0007744
P14618,519,Binding site,ECO:0000269;ECO:0007744
P14618,520,Binding site,ECO:0000269;ECO:0007744
P14618,521,Binding site,ECO:0000269;ECO:0007744
P14672,177,Binding site,ECO:0000250
P14672,298,Binding site,ECO:0000250
P14672,299,Binding site,ECO:0000250
P14672,304,Binding site,ECO:0000250
P14672,333,Binding site,ECO:0000250
P14672,396,Binding site,ECO:0000250
P14672,404,Binding site,ECO:0000250
P16615,351,Active site,ECO:0000250
P16615,304,Binding site,ECO:0000250
P16615,305,Binding site,ECO:0000250
P16615,307,Binding site,ECO:0000250
P16615,309,Binding site,ECO:0000250
P16615,351,Binding site,ECO:0000250
P16615,353,Binding site,ECO:0000250
P16615,353,Binding site,ECO:0000250
P16615,442,Binding site,ECO:0000250
P16615,489,Binding site,ECO:0000250
P16615,514,Binding site,ECO:0000250
P16615,559,Binding site,ECO:0000250
P16615,624,Binding site,ECO:0000250
P16615,625,Binding site,ECO:0000250
P16615,626,Binding site,ECO:0000250
P16615,677,Binding site,ECO:0000250
P16615,683,Binding site,ECO:0000250
P16615,702,Binding site,ECO:0000250
P16615,705,Binding site,ECO:0000250
P16615,767,Binding site,ECO:0000250
P16615,770,Binding site,ECO:0000250
P16615,795,Binding site,ECO:0000250
P16615,798,Binding site,ECO:0000250
P16615,799,Binding site,ECO:0000250
P16615,799,Binding site,ECO:0000250
P16615,907,Binding site,ECO:0000250
P17252,463,Active site,ECO:0000255
P17252,186,Binding site,ECO:0000250
P17252,187,Binding site,ECO:0000250
P17252,187,Binding site,ECO:0000250
P17252,193,Binding site,ECO:0000250
P17252,195,Binding site,ECO:0000250
P17252,245,Binding site,ECO:0000250
P17252,246,Binding site,ECO:0000250
P17252,246,Binding site,ECO:0000250
P17252,247,Binding site,ECO:0000250
P17252,248,Binding site,ECO:0000250
P17252,248,Binding site,ECO:0000250
P17252,248,Binding site,ECO:0000250
P17252,252,Binding site,ECO:0000250
P17252,254,Binding site,ECO:0000250
P17252,254,Binding site,ECO:0000250
P17252,345,Binding site,ECO:0000255
P17252,346,Binding site,ECO:0000255
P17252,347,Binding site,ECO:0000255
P17252,348,Binding site,ECO:0000255
P17252,349,Binding site,ECO:0000255
P17252,350,Binding site,ECO:0000255
P17252,351,Binding site,ECO:0000255
P17252,352,Binding site,ECO:0000255
P17252,353,Binding site,ECO:0000255
P17252,368,Binding site,ECO:0000255;ECO:0000305
P17812,399,Active site,ECO:0000269
P17812,526,Active site,ECO:0000269
P17812,528,Active site,ECO:0000269
P17812,12,Binding site,ECO:0000269;ECO:0007744
P17812,12,Binding site,ECO:0000269;ECO:0007744
P17812,13,Binding site,ECO:0000269;ECO:0000305;ECO:0007744
P17812,15,Binding site,ECO:0000269;ECO:0000305;ECO:0007744
P17812,15,Binding site,ECO:0000269;ECO:0007744
P17812,16,Binding site,ECO:0000269;ECO:0000305;ECO:0007744
P17812,16,Binding site,ECO:0000269;ECO:0007744
P17812,18,Binding site,ECO:0000269;ECO:0007744
P17812,21,Binding site,ECO:0000269;ECO:0007744
P17812,38,Binding site,ECO:0000269;ECO:0007744
P17812,40,Binding site,ECO:0000269;ECO:0007744
P17812,70,Binding site,ECO:0000269;ECO:0007744
P17812,70,Binding site,ECO:0000269;ECO:0007744
P17812,71,Binding site,ECO:0000269;ECO:0007744
P17812,112,Binding site,ECO:0000269;ECO:0007744
P17812,146,Binding site,ECO:0000269;ECO:0007744
P17812,154,Binding site,ECO:0000269;ECO:0007744
P17812,155,Binding site,ECO:0000269;ECO:0007744
P17812,155,Binding site,ECO:0000269;ECO:0007744
P17812,193,Binding site,ECO:0000269;ECO:0007744
P17812,194,Binding site,ECO:0000269;ECO:0007744
P17812,194,Binding site,ECO:0000269;ECO:0007744
P17812,195,Binding site,ECO:0000269;ECO:0007744
P17812,195,Binding site,ECO:0000269;ECO:0007744
P17812,198,Binding site,ECO:0000269;ECO:0007744
P17812,229,Binding site,ECO:0000269;ECO:0007744
P17812,229,Binding site,ECO:0000269;ECO:0007744
P17812,247,Binding site,ECO:0000269;ECO:0000305;ECO:0007744
P17812,372,Binding site,ECO:0000269;ECO:0007744
P17812,423,Binding site,ECO:0000269;ECO:0007744
P17812,481,Binding site,ECO:0000269;ECO:0007744
P17812,482,Binding site,ECO:0000269;ECO:0007744
P17844,114,Binding site,
P17844,115,Binding site,
P17844,116,Binding site,
P17844,121,Binding site,
P17844,138,Binding site,
P17844,139,Binding site,
P17844,140,Binding site,
P17844,141,Binding site,
P17844,142,Binding site,
P17844,143,Binding site,
P17844,144,Binding site,
P17844,145,Binding site,
P17858,166,Active site,ECO:0000255
P17858,25,Binding site,ECO:0000255
P17858,88,Binding site,ECO:0000255
P17858,89,Binding site,ECO:0000255
P17858,118,Binding site,ECO:0000255
P17858,119,Binding site,ECO:0000255
P17858,120,Binding site,ECO:0000255
P17858,121,Binding site,ECO:0000255
P17858,119,Binding site,ECO:0000255
P17858,164,Binding site,ECO:0000255
P17858,165,Binding site,ECO:0000255
P17858,166,Binding site,ECO:0000255
P17858,201,Binding site,ECO:0000255
P17858,208,Binding site,ECO:0000255
P17858,209,Binding site,ECO:0000255
P17858,210,Binding site,ECO:0000255
P17858,264,Binding site,ECO:0000255
P17858,292,Binding site,ECO:0000255
P17858,298,Binding site,ECO:0000255
P17858,299,Binding site,ECO:0000255
P17858,300,Binding site,ECO:0000255
P17858,301,Binding site,ECO:0000255
P17858,470,Binding site,ECO:0000255
P17858,527,Binding site,ECO:0000255
P17858,528,Binding site,ECO:0000255
P17858,529,Binding site,ECO:0000255
P17858,530,Binding site,ECO:0000255
P17858,531,Binding site,ECO:0000255
P17858,565,Binding site,ECO:0000255
P17858,572,Binding site,ECO:0000255
P17858,573,Binding site,ECO:0000255
P17858,574,Binding site,ECO:0000255
P17858,628,Binding site,ECO:0000255
P17858,654,Binding site,ECO:0000255
P17858,660,Binding site,ECO:0000255
P17858,661,Binding site,ECO:0000255
P17858,662,Binding site,ECO:0000255
P17858,663,Binding site,ECO:0000255
P17858,734,Binding site,ECO:0000255
P17980,227,Binding site,ECO:0000255
P17980,228,Binding site,ECO:0000255
P17980,229,Binding site,ECO:0000255
P17980,230,Binding site,ECO:0000255
P17980,231,Binding site,ECO:0000255
P17980,232,Binding site,ECO:0000255
P17980,233,Binding site,ECO:0000255
P17980,234,Binding site,ECO:0000255
P18858,568,Active site,ECO:0000255
P18858,566,Binding site,ECO:0000269;ECO:0007744
P18858,573,Binding site,ECO:0000269;ECO:0007744
P18858,621,Binding site,ECO:0000269;ECO:0007744
P18858,621,Binding site,ECO:0000305
P18858,720,Binding site,ECO:0000305
P18858,725,Binding site,ECO:0000269;ECO:0007744
P18858,744,Binding site,ECO:0000269;ECO:0007744
P19174,335,Active site,ECO:0000255
P19174,380,Active site,ECO:0000255
P19174,165,Binding site,ECO:0000255
P19174,167,Binding site,ECO:0000255
P19174,169,Binding site,ECO:0000255
P19174,171,Binding site,ECO:0000255
P19174,176,Binding site,ECO:0000255
P19623,173,Active site,ECO:0000255
P19623,23,Binding site,ECO:0000269;ECO:0007744
P19623,49,Binding site,ECO:0000305;ECO:0007744
P19623,49,Binding site,ECO:0000305;ECO:0007744
P19623,69,Binding site,ECO:0000269;ECO:0007744
P19623,80,Binding site,ECO:0000269;ECO:0007744
P19623,103,Binding site,ECO:0000305;ECO:0007744
P19623,103,Binding site,ECO:0000305;ECO:0007744
P19623,104,Binding site,ECO:0000305;ECO:0007744
P19623,104,Binding site,ECO:0000269;ECO:0007744
P19623,124,Binding site,ECO:0000305;ECO:0007744
P19623,124,Binding site,ECO:0000305;ECO:0007744
P19623,125,Binding site,ECO:0000305;ECO:0007744
P19623,155,Binding site,ECO:0000305;ECO:0007744
P19623,155,Binding site,ECO:0000305;ECO:0007744
P19623,156,Binding site,ECO:0000305;ECO:0007744
P19623,156,Binding site,ECO:0000305;ECO:0007744
P19623,173,Binding site,ECO:0000305;ECO:0007744
P19623,173,Binding site,ECO:0000269;ECO:0007744
P19623,174,Binding site,ECO:0000269;ECO:0007744
P19623,175,Binding site,ECO:0000305;ECO:0007744
P19623,176,Binding site,ECO:0000269;ECO:0007744
P19623,180,Binding site,ECO:0000305;ECO:0007744
P19623,180,Binding site,ECO:0000305;ECO:0007744
P19623,183,Binding site,ECO:0000305;ECO:0007744
P19623,241,Binding site,ECO:0000269;ECO:0007744
P19623,241,Binding site,ECO:0000269;ECO:0007744
P19793,135,Binding site,ECO:0000269;ECO:0007744
P19793,138,Binding site,ECO:0000269;ECO:0007744
P19793,152,Binding site,ECO:0000269;ECO:0007744
P19793,155,Binding site,ECO:0000269;ECO:0007744
P19793,171,Binding site,ECO:0000269;ECO:0007744
P19793,177,Binding site,ECO:0000269;ECO:0007744
P19793,187,Binding site,ECO:0000269;ECO:0007744
P19793,190,Binding site,ECO:0000269;ECO:0007744
P19793,316,Binding site,ECO:0000269;ECO:0007744
P19793,316,Binding site,ECO:0000269;ECO:0007744
P19793,327,Binding site,ECO:0000269;ECO:0007744
P19793,327,Binding site,ECO:0000269;ECO:0007744
P20340,23,Binding site,ECO:0000269;ECO:0007744
P20340,24,Binding site,ECO:0000269;ECO:0007744
P20340,25,Binding site,ECO:0000269;ECO:0007744
P20340,26,Binding site,ECO:0000269;ECO:0007744
P20340,27,Binding site,ECO:0000269;ECO:0007744
P20340,27,Binding site,ECO:0000269;ECO:0007744
P20340,28,Binding site,ECO:0000269;ECO:0007744
P20340,39,Binding site,ECO:0000269;ECO:0007744
P20340,40,Binding site,ECO:0000269;ECO:0007744
P20340,42,Binding site,ECO:0000269;ECO:0007744
P20340,45,Binding site,ECO:0000269;ECO:0007744
P20340,45,Binding site,ECO:0000269;ECO:0007744
P20340,68,Binding site,ECO:0000269;ECO:0007744
P20340,71,Binding site,ECO:0000269;ECO:0007744
P20340,126,Binding site,ECO:0000269;ECO:0007744
P20340,127,Binding site,ECO:0000269;ECO:0007744
P20340,129,Binding site,ECO:0000269;ECO:0007744
P20340,156,Binding site,ECO:0000269;ECO:0007744
P20340,157,Binding site,ECO:0000269;ECO:0007744
P20340,158,Binding site,ECO:0000269;ECO:0007744
P20393,418,Binding site,ECO:0000250
P20393,602,Binding site,
P20701,164,Binding site,ECO:0000269;ECO:0007744
P20701,166,Binding site,ECO:0000269;ECO:0007744
P20701,231,Binding site,ECO:0000269;ECO:0007744
P20701,264,Binding site,ECO:0000269;ECO:0007744
P20701,468,Binding site,ECO:0000269;ECO:0007744
P20701,470,Binding site,ECO:0000269;ECO:0007744
P20701,472,Binding site,ECO:0000269;ECO:0007744
P20701,474,Binding site,ECO:0000269;ECO:0007744
P20701,476,Binding site,ECO:0000269;ECO:0007744
P20701,530,Binding site,ECO:0000269;ECO:0007744
P20701,532,Binding site,ECO:0000269;ECO:0007744
P20701,534,Binding site,ECO:0000269;ECO:0007744
P20701,536,Binding site,ECO:0000269;ECO:0007744
P20701,538,Binding site,ECO:0000269;ECO:0007744
P20701,590,Binding site,ECO:0000269;ECO:0007744
P20701,594,Binding site,ECO:0000269;ECO:0007744
P20701,598,Binding site,ECO:0000269;ECO:0007744
P21281,400,Binding site,ECO:0000305;ECO:0000312;ECO:0007744
P21580,100,Active site,ECO:0000250
P21580,103,Active site,ECO:0000269
P21580,256,Active site,ECO:0000305
P21580,387,Binding site,ECO:0000255
P21580,392,Binding site,ECO:0000255
P21580,404,Binding site,ECO:0000255
P21580,407,Binding site,ECO:0000255
P21580,478,Binding site,ECO:0000255
P21580,483,Binding site,ECO:0000255
P21580,495,Binding site,ECO:0000255
P21580,498,Binding site,ECO:0000255
P21580,521,Binding site,ECO:0000255
P21580,524,Binding site,ECO:0000255
P21580,536,Binding site,ECO:0000255
P21580,539,Binding site,ECO:0000255
P21580,607,Binding site,ECO:0000255
P21580,612,Binding site,ECO:0000255
P21580,624,Binding site,ECO:0000255
P21580,627,Binding site,ECO:0000255
P21580,657,Binding site,ECO:0000255
P21580,662,Binding site,ECO:0000255
P21580,674,Binding site,ECO:0000255
P21580,677,Binding site,ECO:0000255
P21580,716,Binding site,ECO:0000255
P21580,721,Binding site,ECO:0000255
P21580,733,Binding site,ECO:0000255
P21580,736,Binding site,ECO:0000255
P21580,762,Binding site,ECO:0000255
P21580,767,Binding site,ECO:0000255
P21580,779,Binding site,ECO:0000255
P21580,782,Binding site,ECO:0000255
P21796,12,Binding site,ECO:0000250
P21796,20,Binding site,ECO:0000250
P21796,242,Binding site,ECO:0000269;ECO:0007744
P21796,243,Binding site,ECO:0000269;ECO:0007744
P21796,244,Binding site,ECO:0000269;ECO:0007744
P21796,261,Binding site,ECO:0000269;ECO:0007744
P21796,263,Binding site,ECO:0000269;ECO:0007744
P21796,264,Binding site,ECO:0000269;ECO:0007744
P22059,117,Binding site,ECO:0000250
P22059,118,Binding site,ECO:0000250
P22059,119,Binding site,ECO:0000250
P22059,120,Binding site,ECO:0000250
P22059,121,Binding site,ECO:0000250
P22059,122,Binding site,ECO:0000250
P22059,314,Binding site,ECO:0000250
P22059,314,Binding site,ECO:0000250
P22059,314,Binding site,ECO:0000250
P22059,314,Binding site,ECO:0000250
P22059,314,Binding site,ECO:0000250
P22059,493,Binding site,ECO:0000250
P22059,494,Binding site,ECO:0000250
P22059,495,Binding site,ECO:0000250
P22059,496,Binding site,ECO:0000250
P22059,522,Binding site,ECO:0000250
P22059,523,Binding site,ECO:0000250
P22087,172,Binding site,ECO:0000250
P22087,173,Binding site,ECO:0000250
P22087,191,Binding site,ECO:0000269
P22087,192,Binding site,ECO:0000269
P22087,216,Binding site,ECO:0000269
P22087,217,Binding site,ECO:0000269
P22087,236,Binding site,ECO:0000269
P22087,237,Binding site,ECO:0000269
P22087,238,Binding site,ECO:0000269
P22087,239,Binding site,ECO:0000269
P22102,915,Active site,ECO:0000250
P22102,190,Binding site,ECO:0000269;ECO:0007744
P22102,191,Binding site,ECO:0000269;ECO:0007744
P22102,192,Binding site,ECO:0000269;ECO:0007744
P22102,193,Binding site,ECO:0000269;ECO:0007744
P22102,197,Binding site,ECO:0000269;ECO:0007744
P22102,220,Binding site,ECO:0000269;ECO:0007744
P22102,229,Binding site,ECO:0000269;ECO:0007744
P22102,288,Binding site,ECO:0000255
P22102,290,Binding site,ECO:0000255
P22102,818,Binding site,ECO:0000269;ECO:0007744
P22102,819,Binding site,ECO:0000269;ECO:0007744
P22102,820,Binding site,ECO:0000269;ECO:0007744
P22102,871,Binding site,ECO:0000305;ECO:0007744
P22102,896,Binding site,ECO:0000305;ECO:0007744
P22102,897,Binding site,ECO:0000305;ECO:0007744
P22102,898,Binding site,ECO:0000305;ECO:0007744
P22102,899,Binding site,ECO:0000305;ECO:0007744
P22102,913,Binding site,ECO:0000305;ECO:0007744
P22102,947,Binding site,ECO:0000305;ECO:0007744
P22102,948,Binding site,ECO:0000305;ECO:0007744
P22102,949,Binding site,ECO:0000305;ECO:0007744
P22102,950,Binding site,ECO:0000305;ECO:0007744
P22102,951,Binding site,ECO:0000305;ECO:0007744
P22102,977,Binding site,ECO:0000269;ECO:0007744
P22102,978,Binding site,ECO:0000269;ECO:0007744
P22102,979,Binding site,ECO:0000269;ECO:0007744
P22102,980,Binding site,ECO:0000269;ECO:0007744
P22314,632,Active site,ECO:0000255
P22314,478,Binding site,ECO:0000250
P22314,504,Binding site,ECO:0000250
P22314,515,Binding site,ECO:0000250
P22314,528,Binding site,ECO:0000250
P22314,576,Binding site,ECO:0000250
P22314,577,Binding site,ECO:0000250
P22681,229,Binding site,ECO:0007744
P22681,231,Binding site,ECO:0007744
P22681,233,Binding site,ECO:0007744
P22681,235,Binding site,ECO:0007744
P22681,240,Binding site,ECO:0007744
P22681,294,Binding site,ECO:0000250
P23258,142,Binding site,ECO:0000255
P23258,143,Binding site,ECO:0000255
P23258,144,Binding site,ECO:0000255
P23258,145,Binding site,ECO:0000255
P23258,146,Binding site,ECO:0000255
P23258,147,Binding site,ECO:0000255
P23258,148,Binding site,ECO:0000255
P23458,1003,Active site,ECO:0000255
P23458,881,Binding site,ECO:0000255
P23458,882,Binding site,ECO:0000255
P23458,883,Binding site,ECO:0000255
P23458,884,Binding site,ECO:0000255
P23458,885,Binding site,ECO:0000255
P23458,886,Binding site,ECO:0000255
P23458,887,Binding site,ECO:0000255
P23458,888,Binding site,ECO:0000255
P23458,889,Binding site,ECO:0000255
P23458,908,Binding site,ECO:0000255;ECO:0000305
P23634,465,Active site,ECO:0000250
P23634,785,Binding site,ECO:0000250
P23634,789,Binding site,ECO:0000250
P23677,197,Binding site,ECO:0000269;ECO:0007744
P23677,209,Binding site,ECO:0000269;ECO:0007744
P23677,249,Binding site,ECO:0000269;ECO:0007744
P23677,250,Binding site,ECO:0000269;ECO:0007744
P23677,251,Binding site,ECO:0000269;ECO:0007744
P23677,262,Binding site,ECO:0000269;ECO:0007744
P23677,264,Binding site,ECO:0000269;ECO:0007744
P23677,285,Binding site,ECO:0000269;ECO:0007744
P23677,312,Binding site,ECO:0000269
P23677,313,Binding site,ECO:0000269
P23677,314,Binding site,ECO:0000269
P23677,315,Binding site,ECO:0000269
P23677,316,Binding site,ECO:0000269
P23677,317,Binding site,ECO:0000269
P23677,318,Binding site,ECO:0000269
P23677,319,Binding site,ECO:0000269
P23677,336,Binding site,ECO:0000269;ECO:0007744
P23677,416,Binding site,ECO:0000269;ECO:0007744
P23677,419,Binding site,ECO:0000269;ECO:0007744
P23921,427,Active site,ECO:0000250
P23921,429,Active site,ECO:0000250
P23921,431,Active site,ECO:0000250
P23921,5,Binding site,ECO:0007744
P23921,6,Binding site,ECO:0007744
P23921,11,Binding site,ECO:0007744
P23921,12,Binding site,ECO:0007744
P23921,13,Binding site,ECO:0007744
P23921,14,Binding site,ECO:0007744
P23921,15,Binding site,ECO:0007744
P23921,16,Binding site,ECO:0007744
P23921,17,Binding site,ECO:0007744
P23921,53,Binding site,ECO:0007744
P23921,57,Binding site,ECO:0007744
P23921,202,Binding site,ECO:0007744
P23921,217,Binding site,ECO:0007744
P23921,226,Binding site,ECO:0007744
P23921,227,Binding site,ECO:0007744
P23921,228,Binding site,ECO:0007744
P23921,243,Binding site,ECO:0007744
P23921,256,Binding site,ECO:0007744
P23921,263,Binding site,ECO:0007744
P23921,264,Binding site,ECO:0007744
P23921,427,Binding site,ECO:0007744
P23921,431,Binding site,ECO:0007744
P23921,604,Binding site,ECO:0007744
P23921,605,Binding site,ECO:0007744
P23921,606,Binding site,ECO:0007744
P23921,607,Binding site,ECO:0007744
P24666,13,Active site,ECO:0000250
P24666,19,Active site,ECO:0000250
P24666,130,Active site,ECO:0000250
P24928,67,Binding site,ECO:0000250
P24928,71,Binding site,ECO:0000269;ECO:0007744
P24928,74,Binding site,ECO:0000269;ECO:0007744
P24928,81,Binding site,ECO:0000269;ECO:0007744
P24928,84,Binding site,ECO:0000269;ECO:0007744
P24928,111,Binding site,ECO:0000269;ECO:0007744
P24928,114,Binding site,ECO:0000269;ECO:0007744
P24928,154,Binding site,ECO:0000269;ECO:0007744
P24928,184,Binding site,ECO:0000269;ECO:0007744
P24928,346,Binding site,ECO:0000250
P24928,358,Binding site,ECO:0000250
P24928,460,Binding site,ECO:0000250
P24928,493,Binding site,ECO:0000269;ECO:0007744
P24928,495,Binding site,ECO:0000269;ECO:0007744
P24928,495,Binding site,ECO:0000269;ECO:0007744
P24928,497,Binding site,ECO:0000250
P24928,497,Binding site,ECO:0000250
P24928,499,Binding site,ECO:0000269;ECO:0007744
P24928,499,Binding site,ECO:0000250
P24928,1416,Binding site,ECO:0000250
P24928,1421,Binding site,ECO:0000250
P25205,353,Binding site,ECO:0000305;ECO:0007744
P25205,393,Binding site,ECO:0000305;ECO:0007744
P25205,394,Binding site,ECO:0000305;ECO:0007744
P25205,395,Binding site,ECO:0000305;ECO:0007744
P25205,397,Binding site,ECO:0000305;ECO:0007744
P25205,523,Binding site,ECO:0000305;ECO:0007744
P25205,664,Binding site,ECO:0000305;ECO:0007744
P25440,112,Binding site,ECO:0000269;ECO:0007744
P25440,155,Binding site,ECO:0000269;ECO:0007744
P25440,156,Binding site,ECO:0000269;ECO:0007744
P25440,156,Binding site,ECO:0000269;ECO:0007744
P25440,157,Binding site,ECO:0000269;ECO:0007744
P25440,160,Binding site,ECO:0000269;ECO:0007744
P25440,161,Binding site,ECO:0000269;ECO:0007744
P25490,298,Binding site,ECO:0000269;ECO:0007744
P25490,303,Binding site,ECO:0000269;ECO:0007744
P25490,316,Binding site,ECO:0000269;ECO:0007744
P25490,320,Binding site,ECO:0000269;ECO:0007744
P25490,327,Binding site,ECO:0000269;ECO:0007744
P25490,330,Binding site,ECO:0000269;ECO:0007744
P25490,343,Binding site,ECO:0000269;ECO:0007744
P25490,347,Binding site,ECO:0000269;ECO:0007744
P25490,355,Binding site,ECO:0000269;ECO:0007744
P25490,360,Binding site,ECO:0000269;ECO:0007744
P25490,373,Binding site,ECO:0000269;ECO:0007744
P25490,377,Binding site,ECO:0000269;ECO:0007744
P25490,385,Binding site,ECO:0000269;ECO:0007744
P25490,390,Binding site,ECO:0000269;ECO:0007744
P25490,403,Binding site,ECO:0000269;ECO:0007744
P25490,407,Binding site,ECO:0000269;ECO:0007744
P26045,842,Active site,ECO:0000255
P26045,811,Binding site,ECO:0000250
P26045,842,Binding site,ECO:0000250
P26045,843,Binding site,ECO:0000250
P26045,844,Binding site,ECO:0000250
P26045,845,Binding site,ECO:0000250
P26045,846,Binding site,ECO:0000250
P26045,847,Binding site,ECO:0000250
P26045,848,Binding site,ECO:0000250
P26045,886,Binding site,ECO:0000250
P26358,1226,Active site,ECO:0000269
P26358,353,Binding site,ECO:0000269;ECO:0007744
P26358,356,Binding site,ECO:0000269;ECO:0007744
P26358,414,Binding site,ECO:0000269;ECO:0007744
P26358,418,Binding site,ECO:0000269;ECO:0007744
P26358,653,Binding site,ECO:0000255;ECO:0000269;ECO:0007744
P26358,656,Binding site,ECO:0000255;ECO:0000269;ECO:0007744
P26358,659,Binding site,ECO:0000255;ECO:0000269;ECO:0007744
P26358,664,Binding site,ECO:0000255;ECO:0000269;ECO:0007744
P26358,667,Binding site,ECO:0000255;ECO:0000269;ECO:0007744
P26358,670,Binding site,ECO:0000255;ECO:0000269;ECO:0007744
P26358,686,Binding site,ECO:0000255;ECO:0000269;ECO:0007744
P26358,691,Binding site,ECO:0000255;ECO:0000269;ECO:0007744
P26358,793,Binding site,ECO:0000269;ECO:0007744
P26358,820,Binding site,ECO:0000269;ECO:0007744
P26358,893,Binding site,ECO:0000269;ECO:0007744
P26358,896,Binding site,ECO:0000269;ECO:0007744
P26358,1150,Binding site,ECO:0000269;ECO:0007744
P26358,1151,Binding site,ECO:0000269;ECO:0007744
P26358,1168,Binding site,ECO:0000269;ECO:0007744
P26358,1169,Binding site,ECO:0000269;ECO:0007744
P26358,1190,Binding site,ECO:0000269;ECO:0007744
P26358,1191,Binding site,ECO:0000269;ECO:0007744
P26358,1476,Binding site,ECO:0000269;ECO:0007744
P26358,1478,Binding site,ECO:0000269;ECO:0007744
P26358,1485,Binding site,ECO:0000269;ECO:0007744
P26358,1502,Binding site,ECO:0000269;ECO:0007744
P26358,1578,Binding site,ECO:0000269;ECO:0007744
P26358,1580,Binding site,ECO:0000269;ECO:0007744
P27707,127,Active site,ECO:0000255
P27707,28,Binding site,
P27707,29,Binding site,
P27707,30,Binding site,
P27707,31,Binding site,
P27707,32,Binding site,
P27707,33,Binding site,
P27707,34,Binding site,
P27707,35,Binding site,
P27707,36,Binding site,
P27707,53,Binding site,
P27707,86,Binding site,
P27707,97,Binding site,
P27707,128,Binding site,
P27707,133,Binding site,
P27707,188,Binding site,
P27707,189,Binding site,
P27707,190,Binding site,
P27707,191,Binding site,
P27707,192,Binding site,
P27707,197,Binding site,
P27707,240,Binding site,
P27707,241,Binding site,
P27707,242,Binding site,
P27815,433,Active site,ECO:0000250
P27815,433,Binding site,ECO:0000250
P27815,433,Binding site,ECO:0000250
P27815,437,Binding site,ECO:0000250
P27815,437,Binding site,ECO:0000269;ECO:0007744
P27815,473,Binding site,ECO:0000269;ECO:0007744
P27815,474,Binding site,ECO:0000250
P27815,474,Binding site,ECO:0000269;ECO:0007744
P27815,474,Binding site,ECO:0000250
P27815,474,Binding site,ECO:0000269;ECO:0007744
P27815,474,Binding site,ECO:0000250
P27815,591,Binding site,ECO:0000250
P27815,591,Binding site,ECO:0000269;ECO:0007744
P27815,642,Binding site,ECO:0000250
P27815,642,Binding site,ECO:0000250
P27815,645,Binding site,ECO:0000250
P27815,645,Binding site,ECO:0000250
P27824,74,Binding site,ECO:0000250
P27824,117,Binding site,ECO:0000250
P27824,164,Binding site,ECO:0000250
P27824,166,Binding site,ECO:0000250
P27824,185,Binding site,ECO:0000250
P27824,192,Binding site,ECO:0000250
P27824,425,Binding site,ECO:0000250
P27824,436,Binding site,ECO:0000250
P27987,679,Binding site,ECO:0000250
P27987,690,Binding site,ECO:0000250
P27987,730,Binding site,ECO:0000250
P27987,731,Binding site,ECO:0000250
P27987,732,Binding site,ECO:0000250
P27987,743,Binding site,ECO:0000250
P27987,745,Binding site,ECO:0000250
P27987,766,Binding site,ECO:0000250
P27987,793,Binding site,ECO:0000250
P27987,794,Binding site,ECO:0000250
P27987,795,Binding site,ECO:0000250
P27987,796,Binding site,ECO:0000250
P27987,797,Binding site,ECO:0000250
P27987,798,Binding site,ECO:0000250
P27987,799,Binding site,ECO:0000250
P27987,800,Binding site,ECO:0000250
P27987,817,Binding site,ECO:0000250
P27987,897,Binding site,ECO:0000250
P27987,900,Binding site,ECO:0000250
P28370,208,Binding site,ECO:0000255
P28370,209,Binding site,ECO:0000255
P28370,210,Binding site,ECO:0000255
P28370,211,Binding site,ECO:0000255
P28370,212,Binding site,ECO:0000255
P28370,213,Binding site,ECO:0000255
P28370,214,Binding site,ECO:0000255
P28370,215,Binding site,ECO:0000255
P28482,149,Active site,ECO:0000255
P28482,31,Binding site,ECO:0000255
P28482,32,Binding site,ECO:0000255
P28482,33,Binding site,ECO:0000255
P28482,34,Binding site,ECO:0000255
P28482,35,Binding site,ECO:0000255
P28482,36,Binding site,ECO:0000255
P28482,37,Binding site,ECO:0000255
P28482,38,Binding site,ECO:0000255
P28482,39,Binding site,ECO:0000255
P28482,54,Binding site,ECO:0000255
P28838,294,Active site,ECO:0000250
P28838,368,Active site,ECO:0000250
P28838,202,Binding site,ECO:0000250
P28838,203,Binding site,ECO:0000250
P28838,205,Binding site,ECO:0000250
P28838,282,Binding site,ECO:0000250
P28838,282,Binding site,ECO:0000250
P28838,287,Binding site,ECO:0000250
P28838,287,Binding site,ECO:0000250
P28838,287,Binding site,ECO:0000250
P28838,287,Binding site,ECO:0000250
P28838,292,Binding site,ECO:0000250
P28838,294,Binding site,ECO:0000250
P28838,303,Binding site,ECO:0000250
P28838,305,Binding site,ECO:0000250
P28838,305,Binding site,ECO:0000250
P28838,364,Binding site,ECO:0000250
P28838,364,Binding site,ECO:0000250
P28838,364,Binding site,ECO:0000250
P28838,366,Binding site,ECO:0000250
P28838,366,Binding site,ECO:0000250
P28838,366,Binding site,ECO:0000250
P29375,409,Binding site,ECO:0000269
P29375,483,Binding site,ECO:0000255;ECO:0000305
P29375,485,Binding site,ECO:0000305
P29375,491,Binding site,ECO:0000269
P29375,493,Binding site,ECO:0000269
P29375,501,Binding site,ECO:0000269
P29375,571,Binding site,ECO:0000255;ECO:0000305
P29401,366,Active site,ECO:0000305
P29401,37,Binding site,ECO:0000305;ECO:0007744
P29401,37,Binding site,ECO:0000305;ECO:0007744
P29401,40,Binding site,ECO:0000269;ECO:0007744
P29401,75,Binding site,ECO:0000269;ECO:0007744
P29401,77,Binding site,ECO:0000269;ECO:0007744
P29401,110,Binding site,ECO:0000305;ECO:0007744
P29401,110,Binding site,ECO:0000305;ECO:0007744
P29401,123,Binding site,ECO:0000269;ECO:0007744
P29401,125,Binding site,ECO:0000269;ECO:0007744
P29401,155,Binding site,ECO:0000269;ECO:0007744
P29401,155,Binding site,ECO:0000269;ECO:0007744
P29401,155,Binding site,ECO:0007744
P29401,156,Binding site,ECO:0000269;ECO:0007744
P29401,157,Binding site,ECO:0000269;ECO:0007744
P29401,185,Binding site,ECO:0000269;ECO:0007744
P29401,185,Binding site,ECO:0000269;ECO:0007744
P29401,185,Binding site,ECO:0000269;ECO:0007744
P29401,187,Binding site,ECO:0000269;ECO:0007744
P29401,187,Binding site,ECO:0000269;ECO:0007744
P29401,189,Binding site,ECO:0000305;ECO:0007744
P29401,189,Binding site,ECO:0000269;ECO:0007744
P29401,244,Binding site,ECO:0000269;ECO:0007744
P29401,258,Binding site,ECO:0000305;ECO:0007744
P29401,258,Binding site,ECO:0000305;ECO:0007744
P29401,258,Binding site,ECO:0000269;ECO:0007744
P29401,318,Binding site,ECO:0000305;ECO:0007744
P29401,392,Binding site,ECO:0000269;ECO:0007744
P29401,416,Binding site,ECO:0000305;ECO:0007744
P29401,474,Binding site,ECO:0000305;ECO:0007744
P29590,57,Binding site,
P29590,60,Binding site,
P29590,72,Binding site,
P29590,74,Binding site,
P29590,77,Binding site,
P29590,80,Binding site,
P29590,88,Binding site,
P29590,91,Binding site,
P29590,129,Binding site,ECO:0000255
P29590,132,Binding site,ECO:0000255
P29590,151,Binding site,ECO:0000255
P29590,155,Binding site,ECO:0000255
P29590,189,Binding site,ECO:0000255
P29590,194,Binding site,ECO:0000255
P29590,215,Binding site,ECO:0000255
P29590,222,Binding site,ECO:0000255
P29597,1023,Active site,ECO:0000255
P29597,903,Binding site,ECO:0000255
P29597,904,Binding site,ECO:0000255
P29597,905,Binding site,ECO:0000255
P29597,906,Binding site,ECO:0000255
P29597,907,Binding site,ECO:0000255
P29597,908,Binding site,ECO:0000255
P29597,909,Binding site,ECO:0000255
P29597,910,Binding site,ECO:0000255
P29597,911,Binding site,ECO:0000255
P29597,930,Binding site,ECO:0000255
P29728,396,Binding site,ECO:0000250
P29728,408,Binding site,ECO:0000255
P29728,410,Binding site,ECO:0000255
P29728,481,Binding site,ECO:0000255
P29728,544,Binding site,ECO:0000305
P29728,547,Binding site,ECO:0000305
P29728,652,Binding site,ECO:0000269;ECO:0007744
P29728,654,Binding site,ECO:0000269;ECO:0007744
P30041,47,Active site,ECO:0000269
P30041,140,Active site,ECO:0000250
P30044,100,Active site,ECO:0000305
P30291,426,Active site,ECO:0000255
P30291,305,Binding site,ECO:0000255
P30291,306,Binding site,ECO:0000255
P30291,307,Binding site,ECO:0000255
P30291,308,Binding site,ECO:0000255
P30291,309,Binding site,ECO:0000255
P30291,310,Binding site,ECO:0000255
P30291,311,Binding site,ECO:0000255
P30291,312,Binding site,ECO:0000255
P30291,313,Binding site,ECO:0000255
P30291,328,Binding site,ECO:0000255
P30291,342,Binding site,ECO:0000269
P30291,431,Binding site,ECO:0000269
P30291,463,Binding site,ECO:0000269
P30291,465,Binding site,ECO:0000269
P30305,487,Active site,
P30307,377,Active site,ECO:0000250
P30419,118,Binding site,ECO:0000269
P30419,119,Binding site,ECO:0000269
P30419,120,Binding site,ECO:0000269
P30419,247,Binding site,ECO:0000269
P30419,248,Binding site,ECO:0000269
P30419,249,Binding site,ECO:0000269
P30419,250,Binding site,ECO:0000269
P30419,256,Binding site,ECO:0000269
P30419,258,Binding site,ECO:0000269
P30419,259,Binding site,ECO:0000269
P30419,260,Binding site,ECO:0000269
P30519,45,Binding site,ECO:0000269;ECO:0007744
P30519,154,Binding site,ECO:0000269;ECO:0007744
P30519,199,Binding site,ECO:0000269;ECO:0007744
P30519,203,Binding site,ECO:0000269;ECO:0007744
P31040,340,Active site,ECO:0000250
P31040,69,Binding site,ECO:0000269;ECO:0007744
P31040,72,Binding site,ECO:0000269;ECO:0007744
P31040,91,Binding site,ECO:0000269;ECO:0007744
P31040,92,Binding site,ECO:0000269;ECO:0007744
P31040,98,Binding site,ECO:0000269;ECO:0007744
P31040,100,Binding site,ECO:0000269;ECO:0007744
P31040,105,Binding site,ECO:0000269;ECO:0007744
P31040,221,Binding site,ECO:0000269;ECO:0007744
P31040,275,Binding site,ECO:0000269;ECO:0007744
P31040,296,Binding site,ECO:0000269;ECO:0007744
P31040,340,Binding site,ECO:0000269;ECO:0007744
P31040,407,Binding site,ECO:0000269;ECO:0007744
P31040,440,Binding site,ECO:0000269;ECO:0007744
P31040,451,Binding site,ECO:0000269;ECO:0007744
P31040,454,Binding site,ECO:0000269;ECO:0007744
P31040,456,Binding site,ECO:0000269;ECO:0007744
P31040,457,Binding site,ECO:0000269;ECO:0007744
P31321,201,Binding site,ECO:0000250
P31321,202,Binding site,ECO:0000250
P31321,203,Binding site,ECO:0000250
P31321,204,Binding site,ECO:0000250
P31321,211,Binding site,ECO:0000250
P31321,212,Binding site,ECO:0000250
P31321,260,Binding site,ECO:0000250
P31321,262,Binding site,ECO:0000250
P31321,325,Binding site,ECO:0000250
P31321,326,Binding site,ECO:0000250
P31321,327,Binding site,ECO:0000250
P31321,328,Binding site,ECO:0000250
P31321,335,Binding site,ECO:0000250
P31321,336,Binding site,ECO:0000250
P31321,373,Binding site,ECO:0000250
P31321,374,Binding site,ECO:0000250
P31323,154,Binding site,
P31323,155,Binding site,
P31323,156,Binding site,
P31323,157,Binding site,
P31323,158,Binding site,
P31323,159,Binding site,
P31323,160,Binding site,
P31323,161,Binding site,
P31323,162,Binding site,
P31323,163,Binding site,
P31323,164,Binding site,
P31323,165,Binding site,
P31323,166,Binding site,
P31323,167,Binding site,
P31323,168,Binding site,
P31323,169,Binding site,
P31323,170,Binding site,
P31323,171,Binding site,
P31323,172,Binding site,
P31323,173,Binding site,
P31323,174,Binding site,
P31323,175,Binding site,
P31323,176,Binding site,
P31323,177,Binding site,
P31323,178,Binding site,
P31323,179,Binding site,
P31323,180,Binding site,
P31323,181,Binding site,
P31323,182,Binding site,
P31323,183,Binding site,
P31323,184,Binding site,
P31323,185,Binding site,
P31323,186,Binding site,
P31323,187,Binding site,
P31323,188,Binding site,
P31323,189,Binding site,
P31323,190,Binding site,
P31323,191,Binding site,
P31323,192,Binding site,
P31323,193,Binding site,
P31323,194,Binding site,
P31323,195,Binding site,
P31323,196,Binding site,
P31323,197,Binding site,
P31323,198,Binding site,
P31323,199,Binding site,
P31323,200,Binding site,
P31323,201,Binding site,
P31323,202,Binding site,
P31323,203,Binding site,
P31323,204,Binding site,
P31323,205,Binding site,
P31323,206,Binding site,
P31323,207,Binding site,
P31323,208,Binding site,
P31323,209,Binding site,
P31323,210,Binding site,
P31323,211,Binding site,
P31323,212,Binding site,
P31323,213,Binding site,
P31323,214,Binding site,
P31323,215,Binding site,
P31323,216,Binding site,
P31323,217,Binding site,
P31323,218,Binding site,
P31323,219,Binding site,
P31323,220,Binding site,
P31323,221,Binding site,
P31323,222,Binding site,
P31323,223,Binding site,
P31323,224,Binding site,
P31323,225,Binding site,
P31323,226,Binding site,
P31323,227,Binding site,
P31323,228,Binding site,
P31323,229,Binding site,
P31323,230,Binding site,
P31323,231,Binding site,
P31323,232,Binding site,
P31323,233,Binding site,
P31323,234,Binding site,
P31323,235,Binding site,
P31323,236,Binding site,
P31323,237,Binding site,
P31323,238,Binding site,
P31323,239,Binding site,
P31323,240,Binding site,
P31323,241,Binding site,
P31323,242,Binding site,
P31323,243,Binding site,
P31323,244,Binding site,
P31323,245,Binding site,
P31323,246,Binding site,
P31323,247,Binding site,
P31323,248,Binding site,
P31323,249,Binding site,
P31323,250,Binding site,
P31323,251,Binding site,
P31323,252,Binding site,
P31323,253,Binding site,
P31323,254,Binding site,
P31323,255,Binding site,
P31323,256,Binding site,
P31323,257,Binding site,
P31323,258,Binding site,
P31323,259,Binding site,
P31323,260,Binding site,
P31323,261,Binding site,
P31323,262,Binding site,
P31323,263,Binding site,
P31323,264,Binding site,
P31323,265,Binding site,
P31323,266,Binding site,
P31323,267,Binding site,
P31323,268,Binding site,
P31323,269,Binding site,
P31323,270,Binding site,
P31323,271,Binding site,
P31323,272,Binding site,
P31323,273,Binding site,
P31323,274,Binding site,
P31323,275,Binding site,
P31323,223,Binding site,
P31323,232,Binding site,
P31323,276,Binding site,
P31323,277,Binding site,
P31323,278,Binding site,
P31323,279,Binding site,
P31323,280,Binding site,
P31323,281,Binding site,
P31323,282,Binding site,
P31323,283,Binding site,
P31323,284,Binding site,
P31323,285,Binding site,
P31323,286,Binding site,
P31323,287,Binding site,
P31323,288,Binding site,
P31323,289,Binding site,
P31323,290,Binding site,
P31323,291,Binding site,
P31323,292,Binding site,
P31323,293,Binding site,
P31323,294,Binding site,
P31323,295,Binding site,
P31323,296,Binding site,
P31323,297,Binding site,
P31323,298,Binding site,
P31323,299,Binding site,
P31323,300,Binding site,
P31323,301,Binding site,
P31323,302,Binding site,
P31323,303,Binding site,
P31323,304,Binding site,
P31323,305,Binding site,
P31323,306,Binding site,
P31323,307,Binding site,
P31323,308,Binding site,
P31323,309,Binding site,
P31323,310,Binding site,
P31323,311,Binding site,
P31323,312,Binding site,
P31323,313,Binding site,
P31323,314,Binding site,
P31323,315,Binding site,
P31323,316,Binding site,
P31323,317,Binding site,
P31323,318,Binding site,
P31323,319,Binding site,
P31323,320,Binding site,
P31323,321,Binding site,
P31323,322,Binding site,
P31323,323,Binding site,
P31323,324,Binding site,
P31323,325,Binding site,
P31323,326,Binding site,
P31323,327,Binding site,
P31323,328,Binding site,
P31323,329,Binding site,
P31323,330,Binding site,
P31323,331,Binding site,
P31323,332,Binding site,
P31323,333,Binding site,
P31323,334,Binding site,
P31323,335,Binding site,
P31323,336,Binding site,
P31323,337,Binding site,
P31323,338,Binding site,
P31323,339,Binding site,
P31323,340,Binding site,
P31323,341,Binding site,
P31323,342,Binding site,
P31323,343,Binding site,
P31323,344,Binding site,
P31323,345,Binding site,
P31323,346,Binding site,
P31323,347,Binding site,
P31323,348,Binding site,
P31323,349,Binding site,
P31323,350,Binding site,
P31323,351,Binding site,
P31323,352,Binding site,
P31323,353,Binding site,
P31323,354,Binding site,
P31323,355,Binding site,
P31323,356,Binding site,
P31323,357,Binding site,
P31323,358,Binding site,
P31323,359,Binding site,
P31323,360,Binding site,
P31323,361,Binding site,
P31323,362,Binding site,
P31323,363,Binding site,
P31323,364,Binding site,
P31323,365,Binding site,
P31323,366,Binding site,
P31323,367,Binding site,
P31323,368,Binding site,
P31323,369,Binding site,
P31323,370,Binding site,
P31323,371,Binding site,
P31323,372,Binding site,
P31323,373,Binding site,
P31323,374,Binding site,
P31323,375,Binding site,
P31323,376,Binding site,
P31323,377,Binding site,
P31323,378,Binding site,
P31323,379,Binding site,
P31323,380,Binding site,
P31323,381,Binding site,
P31323,382,Binding site,
P31323,383,Binding site,
P31323,384,Binding site,
P31323,385,Binding site,
P31323,386,Binding site,
P31323,387,Binding site,
P31323,388,Binding site,
P31323,389,Binding site,
P31323,390,Binding site,
P31323,391,Binding site,
P31323,392,Binding site,
P31323,393,Binding site,
P31323,394,Binding site,
P31323,395,Binding site,
P31323,396,Binding site,
P31323,397,Binding site,
P31323,398,Binding site,
P31323,399,Binding site,
P31323,400,Binding site,
P31323,401,Binding site,
P31323,402,Binding site,
P31323,403,Binding site,
P31323,404,Binding site,
P31323,405,Binding site,
P31323,406,Binding site,
P31323,407,Binding site,
P31323,408,Binding site,
P31323,409,Binding site,
P31323,410,Binding site,
P31323,411,Binding site,
P31323,412,Binding site,
P31323,413,Binding site,
P31323,414,Binding site,
P31323,415,Binding site,
P31323,416,Binding site,
P31323,417,Binding site,
P31323,418,Binding site,
P31323,352,Binding site,
P31323,361,Binding site,
P31350,176,Active site,ECO:0000255
P31350,138,Binding site,ECO:0000255
P31350,169,Binding site,ECO:0000255
P31350,169,Binding site,ECO:0000250
P31350,172,Binding site,ECO:0000255
P31350,232,Binding site,ECO:0000250
P31350,266,Binding site,ECO:0000250
P31350,269,Binding site,ECO:0000250
P31689,134,Binding site,ECO:0000250
P31689,137,Binding site,ECO:0000250
P31689,150,Binding site,ECO:0000250
P31689,153,Binding site,ECO:0000250
P31689,177,Binding site,ECO:0000250
P31689,180,Binding site,ECO:0000250
P31689,193,Binding site,ECO:0000250
P31689,196,Binding site,ECO:0000250
P31749,274,Active site,ECO:0000255
P31749,14,Binding site,ECO:0000269
P31749,15,Binding site,ECO:0000269
P31749,16,Binding site,ECO:0000269
P31749,17,Binding site,ECO:0000269
P31749,18,Binding site,ECO:0000269
P31749,19,Binding site,ECO:0000269
P31749,23,Binding site,ECO:0000269
P31749,24,Binding site,ECO:0000269
P31749,25,Binding site,ECO:0000269
P31749,53,Binding site,ECO:0000269
P31749,86,Binding site,ECO:0000269
P31749,156,Binding site,ECO:0000255
P31749,157,Binding site,ECO:0000255
P31749,158,Binding site,ECO:0000255
P31749,159,Binding site,ECO:0000255
P31749,160,Binding site,ECO:0000255
P31749,161,Binding site,ECO:0000255
P31749,162,Binding site,ECO:0000255
P31749,163,Binding site,ECO:0000255
P31749,164,Binding site,ECO:0000255
P31749,179,Binding site,ECO:0000255
P31751,275,Active site,ECO:0000255
P31751,158,Binding site,ECO:0000255
P31751,159,Binding site,ECO:0000255
P31751,160,Binding site,ECO:0000255
P31751,161,Binding site,ECO:0000255
P31751,162,Binding site,ECO:0000255
P31751,163,Binding site,ECO:0000255
P31751,164,Binding site,ECO:0000255
P31751,165,Binding site,ECO:0000255
P31751,166,Binding site,ECO:0000255
P31751,181,Binding site,ECO:0000255
P31751,280,Binding site,ECO:0000269
P31751,293,Binding site,ECO:0000269
P31939,137,Active site,ECO:0000305
P31939,267,Active site,ECO:0000305
P31939,12,Binding site,ECO:0000305;ECO:0007744
P31939,13,Binding site,ECO:0000305;ECO:0007744
P31939,14,Binding site,ECO:0000305;ECO:0007744
P31939,34,Binding site,ECO:0000305;ECO:0007744
P31939,35,Binding site,ECO:0000305;ECO:0007744
P31939,36,Binding site,ECO:0000305;ECO:0007744
P31939,37,Binding site,ECO:0000305;ECO:0007744
P31939,64,Binding site,ECO:0000305;ECO:0007744
P31939,65,Binding site,ECO:0000305;ECO:0007744
P31939,66,Binding site,ECO:0000305;ECO:0007744
P31939,67,Binding site,ECO:0000305;ECO:0007744
P31939,101,Binding site,ECO:0000305;ECO:0007744
P31939,102,Binding site,ECO:0000305;ECO:0007744
P31939,125,Binding site,ECO:0000305;ECO:0007744
P31939,126,Binding site,ECO:0000305;ECO:0007744
P31939,207,Binding site,ECO:0000269;ECO:0007744
P31939,208,Binding site,ECO:0000269;ECO:0007744
P31939,267,Binding site,ECO:0000269;ECO:0007744
P31939,316,Binding site,ECO:0000269;ECO:0007744
P31939,339,Binding site,ECO:0000269;ECO:0007744
P31939,431,Binding site,ECO:0000269;ECO:0007744
P31939,451,Binding site,ECO:0000269;ECO:0007744
P31939,452,Binding site,ECO:0000250
P31939,541,Binding site,ECO:0000269;ECO:0007744
P31939,546,Binding site,ECO:0000250
P31939,565,Binding site,ECO:0000250
P31939,566,Binding site,ECO:0000250
P31939,588,Binding site,ECO:0000269;ECO:0007744
P32942,66,Binding site,ECO:0000269;ECO:0007744
P33316,173,Binding site,ECO:0000269;ECO:0000305;ECO:0007744
P33316,174,Binding site,ECO:0000269;ECO:0000305;ECO:0007744
P33316,175,Binding site,ECO:0000269;ECO:0000305;ECO:0007744
P33316,187,Binding site,ECO:0000269;ECO:0000305;ECO:0007744
P33316,188,Binding site,ECO:0000269;ECO:0000305;ECO:0007744
P33316,189,Binding site,ECO:0000269;ECO:0000305;ECO:0007744
P33316,190,Binding site,ECO:0000269;ECO:0000305;ECO:0007744
P33316,191,Binding site,ECO:0000269;ECO:0000305;ECO:0007744
P33316,192,Binding site,ECO:0000269;ECO:0000305;ECO:0007744
P33316,193,Binding site,ECO:0000269;ECO:0000305;ECO:0007744
P33316,198,Binding site,ECO:0000269;ECO:0000305;ECO:0007744
P33316,241,Binding site,ECO:0000269;ECO:0000305;ECO:0007744
P33316,246,Binding site,ECO:0000269;ECO:0000305;ECO:0007744
P33316,247,Binding site,ECO:0000269;ECO:0000305;ECO:0007744
P33527,653,Binding site,
P33527,678,Binding site,
P33527,679,Binding site,
P33527,680,Binding site,
P33527,681,Binding site,
P33527,682,Binding site,
P33527,683,Binding site,
P33527,684,Binding site,
P33527,685,Binding site,
P33527,713,Binding site,
P33527,1327,Binding site,ECO:0000255
P33527,1328,Binding site,ECO:0000255
P33527,1329,Binding site,ECO:0000255
P33527,1330,Binding site,ECO:0000255
P33527,1331,Binding site,ECO:0000255
P33527,1332,Binding site,ECO:0000255
P33527,1333,Binding site,ECO:0000255
P33527,1334,Binding site,ECO:0000255
P33981,647,Active site,ECO:0000255
P33981,531,Binding site,ECO:0000255
P33981,532,Binding site,ECO:0000255
P33981,533,Binding site,ECO:0000255
P33981,534,Binding site,ECO:0000255
P33981,535,Binding site,ECO:0000255
P33981,536,Binding site,ECO:0000255
P33981,537,Binding site,ECO:0000255
P33981,538,Binding site,ECO:0000255
P33981,539,Binding site,ECO:0000255
P33981,553,Binding site,ECO:0000255
P33991,471,Binding site,ECO:0000305;ECO:0007744
P33991,497,Binding site,ECO:0000305;ECO:0007744
P33991,516,Binding site,ECO:0000305;ECO:0007744
P33991,517,Binding site,ECO:0000305;ECO:0007744
P33991,618,Binding site,ECO:0000305;ECO:0007744
P33991,643,Binding site,ECO:0000305;ECO:0007744
P33991,732,Binding site,ECO:0000305;ECO:0007744
P33991,735,Binding site,ECO:0000305;ECO:0007744
P33992,371,Binding site,ECO:0000305;ECO:0007744
P33993,345,Binding site,ECO:0000305;ECO:0007744
P33993,384,Binding site,ECO:0000305;ECO:0007744
P33993,386,Binding site,ECO:0000305;ECO:0007744
P33993,387,Binding site,ECO:0000305;ECO:0007744
P33993,388,Binding site,ECO:0000305;ECO:0007744
P33993,489,Binding site,ECO:0000305;ECO:0007744
P33993,514,Binding site,ECO:0000305;ECO:0007744
P33993,604,Binding site,ECO:0000305;ECO:0007744
P35236,291,Active site,ECO:0000255;ECO:0000269
P35236,257,Binding site,
P35236,291,Binding site,
P35236,292,Binding site,
P35236,293,Binding site,
P35236,294,Binding site,
P35236,295,Binding site,
P35236,296,Binding site,
P35236,297,Binding site,
P35236,335,Binding site,
P35251,650,Binding site,ECO:0000255
P35251,651,Binding site,ECO:0000255
P35251,652,Binding site,ECO:0000255
P35251,653,Binding site,ECO:0000255
P35251,654,Binding site,ECO:0000255
P35251,655,Binding site,ECO:0000255
P35251,656,Binding site,ECO:0000255
P35251,657,Binding site,ECO:0000255
P35269,503,Binding site,ECO:0007744
P35269,512,Binding site,ECO:0007744
P35269,517,Binding site,ECO:0007744
P35270,14,Binding site,ECO:0000269
P35270,15,Binding site,ECO:0000269
P35270,16,Binding site,ECO:0000269
P35270,17,Binding site,ECO:0000269
P35270,18,Binding site,ECO:0000269
P35270,19,Binding site,ECO:0000269
P35270,20,Binding site,ECO:0000269
P35270,42,Binding site,ECO:0000269
P35270,43,Binding site,ECO:0000269
P35270,69,Binding site,ECO:0000269
P35270,70,Binding site,ECO:0000269
P35270,157,Binding site,ECO:0000250
P35270,158,Binding site,ECO:0000250
P35270,170,Binding site,ECO:0000250
P35270,174,Binding site,ECO:0000250
P35270,199,Binding site,ECO:0000250
P35270,201,Binding site,ECO:0000269
P35270,202,Binding site,ECO:0000269
P35270,203,Binding site,ECO:0000269
P35270,204,Binding site,ECO:0000269
P35270,205,Binding site,ECO:0000269
P35270,206,Binding site,ECO:0000269
P35270,257,Binding site,ECO:0000250
P35520,52,Binding site,ECO:0000269
P35520,65,Binding site,ECO:0000269
P35520,149,Binding site,ECO:0000269
P35520,256,Binding site,ECO:0000269
P35520,257,Binding site,ECO:0000269
P35520,258,Binding site,ECO:0000269
P35520,259,Binding site,ECO:0000269
P35520,260,Binding site,ECO:0000269
P35520,349,Binding site,ECO:0000269
P35573,526,Active site,ECO:0000250
P35573,529,Active site,ECO:0000250
P35573,627,Active site,ECO:0000250
P35579,174,Binding site,ECO:0000255
P35579,175,Binding site,ECO:0000255
P35579,176,Binding site,ECO:0000255
P35579,177,Binding site,ECO:0000255
P35579,178,Binding site,ECO:0000255
P35579,179,Binding site,ECO:0000255
P35579,180,Binding site,ECO:0000255
P35579,181,Binding site,ECO:0000255
P35610,460,Active site,ECO:0000269;ECO:0007744
P35610,137,Binding site,ECO:0000269;ECO:0007744
P35610,415,Binding site,ECO:0000269;ECO:0007744
P35610,418,Binding site,ECO:0000269;ECO:0007744
P35610,421,Binding site,ECO:0000269;ECO:0007744
P35610,425,Binding site,ECO:0000269;ECO:0007744
P35610,433,Binding site,ECO:0000269;ECO:0007744
P35610,445,Binding site,ECO:0000269;ECO:0007744
P35610,456,Binding site,ECO:0000269;ECO:0007744
P35626,317,Active site,ECO:0000255
P35626,197,Binding site,ECO:0000255
P35626,198,Binding site,ECO:0000255
P35626,199,Binding site,ECO:0000255
P35626,200,Binding site,ECO:0000255
P35626,201,Binding site,ECO:0000255
P35626,202,Binding site,ECO:0000255
P35626,203,Binding site,ECO:0000255
P35626,204,Binding site,ECO:0000255
P35626,205,Binding site,ECO:0000255
P35626,220,Binding site,ECO:0000255
P36871,117,Active site,ECO:0000269
P36871,23,Binding site,ECO:0000250
P36871,117,Binding site,ECO:0000250
P36871,117,Binding site,ECO:0000269
P36871,288,Binding site,ECO:0000269;ECO:0007744
P36871,290,Binding site,ECO:0000269;ECO:0007744
P36871,292,Binding site,ECO:0000250
P36871,292,Binding site,ECO:0000269;ECO:0007744
P36871,293,Binding site,ECO:0000250
P36871,357,Binding site,ECO:0000250
P36871,376,Binding site,ECO:0000250
P36871,378,Binding site,ECO:0000250
P36871,389,Binding site,ECO:0000250
P36915,225,Binding site,ECO:0000255
P36915,226,Binding site,ECO:0000255
P36915,227,Binding site,ECO:0000255
P36915,228,Binding site,ECO:0000255
P36915,367,Binding site,ECO:0000255
P36915,368,Binding site,ECO:0000255
P36915,369,Binding site,ECO:0000255
P36915,370,Binding site,ECO:0000255
P36915,371,Binding site,ECO:0000255
P36915,372,Binding site,ECO:0000255
P36915,373,Binding site,ECO:0000255
P36915,374,Binding site,ECO:0000255
P36915,411,Binding site,ECO:0000255
P36915,412,Binding site,ECO:0000255
P36915,413,Binding site,ECO:0000255
P36915,414,Binding site,ECO:0000255
P36915,415,Binding site,ECO:0000255
P37837,106,Active site,ECO:0000250
P37837,142,Active site,ECO:0000269
P37837,27,Binding site,ECO:0000250
P37837,45,Binding site,ECO:0000250
P37837,142,Binding site,ECO:0000250
P37837,165,Binding site,ECO:0000250
P37837,187,Binding site,ECO:0000250
P37837,192,Binding site,ECO:0000250
P37837,237,Binding site,ECO:0000250
P37837,239,Binding site,ECO:0000250
P38646,63,Binding site,ECO:0000269;ECO:0007744
P38646,64,Binding site,ECO:0000269;ECO:0007744
P38646,313,Binding site,ECO:0000269;ECO:0007744
P38646,316,Binding site,ECO:0000269;ECO:0007744
P38646,320,Binding site,ECO:0000269;ECO:0007744
P38646,388,Binding site,ECO:0000269;ECO:0007744
P38646,391,Binding site,ECO:0000269;ECO:0007744
P38919,60,Binding site,ECO:0000269;ECO:0007744
P38919,65,Binding site,ECO:0000269;ECO:0007744
P38919,85,Binding site,ECO:0000269;ECO:0007744
P38919,86,Binding site,ECO:0000269;ECO:0007744
P38919,87,Binding site,ECO:0000269;ECO:0007744
P38919,88,Binding site,ECO:0000269;ECO:0007744
P38919,89,Binding site,ECO:0000269;ECO:0007744
P38919,90,Binding site,ECO:0000269;ECO:0007744
P38919,342,Binding site,ECO:0000269;ECO:0007744
P38919,367,Binding site,ECO:0000269;ECO:0007744
P38919,368,Binding site,ECO:0000269;ECO:0007744
P38919,369,Binding site,ECO:0000269;ECO:0007744
P38919,370,Binding site,ECO:0000269;ECO:0007744
P38919,371,Binding site,ECO:0000269;ECO:0007744
P38935,217,Binding site,ECO:0000255
P38935,218,Binding site,ECO:0000255
P38935,219,Binding site,ECO:0000255
P38935,220,Binding site,ECO:0000255
P38935,221,Binding site,ECO:0000255
P38935,222,Binding site,ECO:0000255
P38935,403,Binding site,ECO:0000250
P38935,442,Binding site,ECO:0000250
P38935,571,Binding site,ECO:0000250
P38935,897,Binding site,ECO:0000255
P38935,902,Binding site,ECO:0000255
P38935,913,Binding site,ECO:0000255
P38935,916,Binding site,ECO:0000255
P38935,921,Binding site,ECO:0000255
P38935,924,Binding site,ECO:0000255
P38935,930,Binding site,ECO:0000255
P38935,932,Binding site,ECO:0000255
P40306,40,Active site,ECO:0000250
P40818,786,Active site,ECO:0000255
P40818,1067,Active site,ECO:0000255
P41226,599,Active site,ECO:0000255
P41226,442,Binding site,ECO:0000250
P41226,443,Binding site,ECO:0000250
P41226,444,Binding site,ECO:0000250
P41226,445,Binding site,ECO:0000250
P41226,446,Binding site,ECO:0000250
P41226,447,Binding site,ECO:0000250
P41226,448,Binding site,ECO:0000250
P41226,449,Binding site,ECO:0000250
P41226,450,Binding site,ECO:0000250
P41226,451,Binding site,ECO:0000250
P41226,452,Binding site,ECO:0000250
P41226,453,Binding site,ECO:0000250
P41226,454,Binding site,ECO:0000250
P41226,455,Binding site,ECO:0000250
P41226,456,Binding site,ECO:0000250
P41226,457,Binding site,ECO:0000250
P41226,458,Binding site,ECO:0000250
P41226,459,Binding site,ECO:0000250
P41226,460,Binding site,ECO:0000250
P41226,461,Binding site,ECO:0000250
P41226,462,Binding site,ECO:0000250
P41226,463,Binding site,ECO:0000250
P41226,464,Binding site,ECO:0000250
P41226,465,Binding site,ECO:0000250
P41226,466,Binding site,ECO:0000250
P41226,467,Binding site,ECO:0000250
P41226,468,Binding site,ECO:0000250
P41226,469,Binding site,ECO:0000250
P41226,470,Binding site,ECO:0000250
P41226,471,Binding site,ECO:0000250
P41250,299,Binding site,ECO:0000269;ECO:0000305;ECO:0007744
P41250,331,Binding site,ECO:0000269;ECO:0000305;ECO:0007744
P41250,332,Binding site,ECO:0000269;ECO:0000305;ECO:0007744
P41250,333,Binding site,ECO:0000269;ECO:0000305;ECO:0007744
P41250,342,Binding site,ECO:0000269;ECO:0007744
P41250,343,Binding site,ECO:0000269;ECO:0007744
P41250,350,Binding site,ECO:0000269;ECO:0000305;ECO:0007744
P41250,457,Binding site,ECO:0000269;ECO:0000305;ECO:0007744
P41250,458,Binding site,ECO:0000269;ECO:0000305;ECO:0007744
P41250,576,Binding site,ECO:0000269;ECO:0007744
P41250,577,Binding site,ECO:0000269;ECO:0007744
P41250,578,Binding site,ECO:0000269;ECO:0007744
P41250,583,Binding site,ECO:0000269;ECO:0007744
P41440,48,Binding site,ECO:0000269;ECO:0007744
P41440,49,Binding site,ECO:0000269;ECO:0007744
P41440,123,Binding site,ECO:0000269;ECO:0007744
P41440,133,Binding site,ECO:0000269;ECO:0007744
P41440,133,Binding site,ECO:0000269;ECO:0007744
P41440,134,Binding site,ECO:0000269;ECO:0007744
P41440,137,Binding site,ECO:0000269;ECO:0007744
P41440,149,Binding site,ECO:0000269;ECO:0007744
P41440,157,Binding site,ECO:0000269;ECO:0007744
P41440,164,Binding site,ECO:0000269;ECO:0007744
P41440,281,Binding site,ECO:0000269;ECO:0007744
P41440,282,Binding site,ECO:0000269;ECO:0007744
P41440,282,Binding site,ECO:0000269;ECO:0007744
P41440,286,Binding site,ECO:0000269;ECO:0007744
P41440,321,Binding site,ECO:0000269;ECO:0007744
P41440,373,Binding site,ECO:0000269;ECO:0007744
P41440,377,Binding site,ECO:0000269;ECO:0007744
P41440,377,Binding site,ECO:0000269;ECO:0007744
P41440,381,Binding site,ECO:0000269;ECO:0007744
P41440,384,Binding site,ECO:0000269;ECO:0007744
P41440,393,Binding site,ECO:0000269;ECO:0007744
P41440,396,Binding site,ECO:0000269;ECO:0007744
P41440,400,Binding site,ECO:0000269;ECO:0007744
P42345,1662,Binding site,ECO:0000269;ECO:0007744
P42345,1702,Binding site,ECO:0000269;ECO:0007744
P42345,1749,Binding site,ECO:0000269;ECO:0007744
P42345,2165,Binding site,ECO:0000269;ECO:0007744
P42345,2167,Binding site,ECO:0000269;ECO:0007744
P42345,2185,Binding site,ECO:0000269;ECO:0007744
P42345,2187,Binding site,ECO:0000269;ECO:0007744
P42345,2190,Binding site,ECO:0000269;ECO:0007744
P42345,2225,Binding site,ECO:0000269;ECO:0007744
P42345,2238,Binding site,ECO:0000269;ECO:0007744
P42345,2239,Binding site,ECO:0000269;ECO:0007744
P42345,2240,Binding site,ECO:0000269;ECO:0007744
P42345,2245,Binding site,ECO:0000269;ECO:0007744
P42345,2343,Binding site,ECO:0000269;ECO:0007744
P42345,2345,Binding site,ECO:0000269;ECO:0007744
P42345,2356,Binding site,ECO:0000269;ECO:0007744
P42345,2357,Binding site,ECO:0000269;ECO:0007744
P42566,173,Binding site,ECO:0000255
P42566,175,Binding site,ECO:0000255
P42566,177,Binding site,ECO:0000255
P42566,179,Binding site,ECO:0000255
P42566,184,Binding site,ECO:0000255
P42566,236,Binding site,ECO:0000255
P42566,238,Binding site,ECO:0000255
P42566,240,Binding site,ECO:0000255
P42566,247,Binding site,ECO:0000255
P42684,409,Active site,ECO:0000255
P42684,294,Binding site,ECO:0000255
P42684,295,Binding site,ECO:0000255
P42684,296,Binding site,ECO:0000255
P42684,297,Binding site,ECO:0000255
P42684,298,Binding site,ECO:0000255
P42684,299,Binding site,ECO:0000255
P42684,300,Binding site,ECO:0000255
P42684,301,Binding site,ECO:0000255
P42684,302,Binding site,ECO:0000255
P42684,317,Binding site,ECO:0000255
P42684,362,Binding site,ECO:0000255
P42684,363,Binding site,ECO:0000255
P42684,364,Binding site,ECO:0000255
P42684,365,Binding site,ECO:0000255
P42684,366,Binding site,ECO:0000255
P42684,367,Binding site,ECO:0000255
P42684,368,Binding site,ECO:0000255
P43403,461,Active site,ECO:0000255;ECO:0000269
P43403,345,Binding site,
P43403,346,Binding site,
P43403,347,Binding site,
P43403,348,Binding site,
P43403,349,Binding site,
P43403,350,Binding site,
P43403,351,Binding site,
P43403,352,Binding site,
P43403,369,Binding site,
P43686,206,Binding site,ECO:0000255
P43686,207,Binding site,ECO:0000255
P43686,208,Binding site,ECO:0000255
P43686,209,Binding site,ECO:0000255
P43686,210,Binding site,ECO:0000255
P43686,211,Binding site,ECO:0000255
P43686,212,Binding site,ECO:0000255
P43686,213,Binding site,ECO:0000255
P45985,229,Active site,ECO:0000255
P45985,108,Binding site,ECO:0000255
P45985,109,Binding site,ECO:0000255
P45985,110,Binding site,ECO:0000255
P45985,111,Binding site,ECO:0000255
P45985,112,Binding site,ECO:0000255
P45985,113,Binding site,ECO:0000255
P45985,114,Binding site,ECO:0000255
P45985,115,Binding site,ECO:0000255
P45985,116,Binding site,ECO:0000255
P45985,131,Binding site,ECO:0000255
P46013,3034,Binding site,ECO:0000255
P46013,3035,Binding site,ECO:0000255
P46013,3036,Binding site,ECO:0000255
P46013,3037,Binding site,ECO:0000255
P46013,3038,Binding site,ECO:0000255
P46013,3039,Binding site,ECO:0000255
P46013,3040,Binding site,ECO:0000255
P46013,3041,Binding site,ECO:0000255
P46087,517,Active site,ECO:0000255
P46087,392,Binding site,ECO:0000255
P46087,393,Binding site,ECO:0000255
P46087,394,Binding site,ECO:0000255
P46087,395,Binding site,ECO:0000255
P46087,396,Binding site,ECO:0000255
P46087,397,Binding site,ECO:0000255
P46087,398,Binding site,ECO:0000255
P46087,416,Binding site,ECO:0000255
P46087,443,Binding site,ECO:0000255
P46087,460,Binding site,ECO:0000255
P46100,1594,Binding site,ECO:0000255
P46100,1595,Binding site,ECO:0000255
P46100,1596,Binding site,ECO:0000255
P46100,1597,Binding site,ECO:0000255
P46100,1598,Binding site,ECO:0000255
P46100,1599,Binding site,ECO:0000255
P46100,1600,Binding site,ECO:0000255
P46100,1601,Binding site,ECO:0000255
P46531,432,Binding site,ECO:0000250
P46531,435,Binding site,ECO:0000250
P46531,452,Binding site,ECO:0000250
P46531,453,Binding site,ECO:0000250
P46531,455,Binding site,ECO:0000250
P46531,469,Binding site,ECO:0000250
P46531,470,Binding site,ECO:0000250
P46531,490,Binding site,ECO:0000250
P46531,491,Binding site,ECO:0000250
P46531,493,Binding site,ECO:0000250
P46531,507,Binding site,ECO:0000250
P46531,508,Binding site,ECO:0000250
P46531,1457,Binding site,
P46531,1460,Binding site,
P46531,1475,Binding site,
P46531,1478,Binding site,
P48454,147,Active site,ECO:0000250
P48454,86,Binding site,ECO:0000250
P48454,88,Binding site,ECO:0000250
P48454,114,Binding site,ECO:0000250
P48454,114,Binding site,ECO:0000250
P48454,146,Binding site,ECO:0000250
P48454,195,Binding site,ECO:0000250
P48454,277,Binding site,ECO:0000250
P48637,125,Binding site,
P48637,144,Binding site,
P48637,144,Binding site,
P48637,146,Binding site,
P48637,148,Binding site,
P48637,149,Binding site,
P48637,150,Binding site,
P48637,151,Binding site,
P48637,214,Binding site,
P48637,215,Binding site,
P48637,216,Binding site,
P48637,220,Binding site,
P48637,267,Binding site,
P48637,268,Binding site,
P48637,269,Binding site,
P48637,270,Binding site,
P48637,305,Binding site,
P48637,364,Binding site,
P48637,365,Binding site,
P48637,366,Binding site,
P48637,367,Binding site,
P48637,368,Binding site,
P48637,369,Binding site,
P48637,370,Binding site,
P48637,371,Binding site,
P48637,372,Binding site,
P48637,373,Binding site,
P48637,368,Binding site,
P48637,375,Binding site,
P48637,398,Binding site,
P48637,399,Binding site,
P48637,400,Binding site,
P48637,401,Binding site,
P48637,425,Binding site,
P48637,450,Binding site,
P48637,452,Binding site,
P48637,458,Binding site,
P48637,461,Binding site,
P48637,462,Binding site,
P48643,53,Binding site,ECO:0000269;ECO:0007744
P48643,53,Binding site,ECO:0000269;ECO:0007744
P48643,104,Binding site,ECO:0000269;ECO:0007744
P48643,105,Binding site,ECO:0000269;ECO:0007744
P48643,106,Binding site,ECO:0000269;ECO:0007744
P48643,106,Binding site,ECO:0000269;ECO:0007744
P48643,107,Binding site,ECO:0000269;ECO:0007744
P48643,107,Binding site,ECO:0000269;ECO:0007744
P48643,175,Binding site,ECO:0000269;ECO:0007744
P48643,422,Binding site,ECO:0000269;ECO:0007744
P48643,422,Binding site,ECO:0000269;ECO:0007744
P48643,492,Binding site,ECO:0000269;ECO:0007744
P48643,508,Binding site,ECO:0000269;ECO:0007744
P48643,513,Binding site,ECO:0000269;ECO:0007744
P48730,128,Active site,ECO:0000255
P48730,15,Binding site,ECO:0000255
P48730,16,Binding site,ECO:0000255
P48730,17,Binding site,ECO:0000255
P48730,18,Binding site,ECO:0000255
P48730,19,Binding site,ECO:0000255
P48730,20,Binding site,ECO:0000255
P48730,21,Binding site,ECO:0000255
P48730,22,Binding site,ECO:0000255
P48730,23,Binding site,ECO:0000255
P48730,38,Binding site,ECO:0000255
P48735,115,Binding site,ECO:0000250
P48735,116,Binding site,ECO:0000250
P48735,117,Binding site,ECO:0000250
P48735,117,Binding site,ECO:0000250
P48735,122,Binding site,ECO:0000250
P48735,134,Binding site,ECO:0000250
P48735,135,Binding site,ECO:0000250
P48735,136,Binding site,ECO:0000250
P48735,137,Binding site,ECO:0000250
P48735,138,Binding site,ECO:0000250
P48735,139,Binding site,ECO:0000250
P48735,140,Binding site,ECO:0000250
P48735,149,Binding site,ECO:0000250
P48735,172,Binding site,ECO:0000250
P48735,291,Binding site,ECO:0000250
P48735,299,Binding site,ECO:0000250
P48735,314,Binding site,ECO:0000250
P48735,349,Binding site,ECO:0000250
P48735,350,Binding site,ECO:0000250
P48735,351,Binding site,ECO:0000250
P48735,352,Binding site,ECO:0000250
P48735,353,Binding site,ECO:0000250
P48735,354,Binding site,ECO:0000250
P48735,367,Binding site,ECO:0000250
P48736,829,Binding site,ECO:0000250
P48736,830,Binding site,ECO:0000250
P48736,831,Binding site,ECO:0000250
P48736,832,Binding site,ECO:0000250
P48736,833,Binding site,ECO:0000250
P48736,834,Binding site,ECO:0000250
P48736,835,Binding site,ECO:0000250
P48736,836,Binding site,ECO:0000250
P48736,837,Binding site,ECO:0000250
P48736,838,Binding site,ECO:0000250
P48736,864,Binding site,ECO:0000250
P48736,865,Binding site,ECO:0000250
P48736,866,Binding site,ECO:0000250
P48736,867,Binding site,ECO:0000250
P48736,868,Binding site,ECO:0000250
P48736,869,Binding site,ECO:0000250
P48736,870,Binding site,ECO:0000250
P48736,871,Binding site,ECO:0000250
P48736,872,Binding site,ECO:0000250
P48736,961,Binding site,ECO:0000250
P48736,962,Binding site,ECO:0000250
P48736,963,Binding site,ECO:0000250
P48736,964,Binding site,ECO:0000250
P48736,965,Binding site,ECO:0000250
P48736,966,Binding site,ECO:0000250
P48736,967,Binding site,ECO:0000250
P48736,968,Binding site,ECO:0000250
P48736,969,Binding site,ECO:0000250
P49137,186,Active site,
P49137,70,Binding site,ECO:0000255
P49137,71,Binding site,ECO:0000255
P49137,72,Binding site,ECO:0000255
P49137,73,Binding site,ECO:0000255
P49137,74,Binding site,ECO:0000255
P49137,75,Binding site,ECO:0000255
P49137,76,Binding site,ECO:0000255
P49137,77,Binding site,ECO:0000255
P49137,78,Binding site,ECO:0000255
P49137,93,Binding site,ECO:0000255
P49137,139,Binding site,
P49137,140,Binding site,
P49137,141,Binding site,
P49356,248,Binding site,ECO:0000269
P49356,249,Binding site,ECO:0000269
P49356,250,Binding site,ECO:0000269
P49356,251,Binding site,ECO:0000269
P49356,291,Binding site,ECO:0000269
P49356,292,Binding site,ECO:0000269
P49356,293,Binding site,ECO:0000269
P49356,294,Binding site,ECO:0000269
P49356,297,Binding site,ECO:0000269
P49356,299,Binding site,ECO:0000269
P49356,300,Binding site,ECO:0000269
P49356,301,Binding site,ECO:0000269
P49356,302,Binding site,ECO:0000269
P49356,303,Binding site,ECO:0000269
P49356,362,Binding site,ECO:0000269
P49368,42,Binding site,ECO:0000269;ECO:0007744
P49368,42,Binding site,ECO:0000269;ECO:0007744
P49368,93,Binding site,ECO:0000269;ECO:0007744
P49368,94,Binding site,ECO:0000269;ECO:0007744
P49368,94,Binding site,ECO:0000269;ECO:0007744
P49368,95,Binding site,ECO:0000269;ECO:0007744
P49368,95,Binding site,ECO:0000269;ECO:0007744
P49368,96,Binding site,ECO:0000269;ECO:0007744
P49368,96,Binding site,ECO:0000269;ECO:0007744
P49368,97,Binding site,ECO:0000269;ECO:0007744
P49368,162,Binding site,ECO:0000269;ECO:0007744
P49368,163,Binding site,ECO:0000269;ECO:0007744
P49368,411,Binding site,ECO:0000269;ECO:0007744
P49368,411,Binding site,ECO:0000269;ECO:0007744
P49368,482,Binding site,ECO:0000269;ECO:0007744
P49368,482,Binding site,ECO:0000269;ECO:0007744
P49368,483,Binding site,ECO:0000269;ECO:0007744
P49368,497,Binding site,ECO:0000269;ECO:0007744
P49368,497,Binding site,ECO:0000269;ECO:0007744
P49368,502,Binding site,ECO:0000269;ECO:0007744
P49585,84,Binding site,ECO:0000250
P49585,85,Binding site,ECO:0000250
P49585,92,Binding site,ECO:0000250
P49585,122,Binding site,ECO:0000250
P49585,122,Binding site,ECO:0000250
P49585,151,Binding site,ECO:0000250
P49585,168,Binding site,ECO:0000250
P49585,169,Binding site,ECO:0000250
P49585,173,Binding site,ECO:0000250
P49585,195,Binding site,ECO:0000250
P49585,196,Binding site,ECO:0000250
P49585,197,Binding site,ECO:0000250
P49585,200,Binding site,ECO:0000250
P49590,131,Binding site,ECO:0000250
P49590,132,Binding site,ECO:0000250
P49590,133,Binding site,ECO:0000250
P49590,158,Binding site,ECO:0000250
P49590,174,Binding site,ECO:0000250
P49590,178,Binding site,ECO:0000250
P49590,327,Binding site,ECO:0000250
P49590,331,Binding site,ECO:0000250
P49590,332,Binding site,ECO:0000250
P49593,198,Binding site,ECO:0000250
P49593,198,Binding site,ECO:0000250
P49593,199,Binding site,ECO:0000250
P49593,360,Binding site,ECO:0000250
P49593,404,Binding site,ECO:0000250
P49674,128,Active site,ECO:0000255
P49674,15,Binding site,ECO:0000255
P49674,16,Binding site,ECO:0000255
P49674,17,Binding site,ECO:0000255
P49674,18,Binding site,ECO:0000255
P49674,19,Binding site,ECO:0000255
P49674,20,Binding site,ECO:0000255
P49674,21,Binding site,ECO:0000255
P49674,22,Binding site,ECO:0000255
P49674,23,Binding site,ECO:0000255
P49674,38,Binding site,ECO:0000255
P49736,530,Binding site,ECO:0000269;ECO:0007744
P49736,531,Binding site,ECO:0000269;ECO:0007744
P49759,288,Active site,ECO:0000255
P49759,167,Binding site,ECO:0000255
P49759,168,Binding site,ECO:0000255
P49759,169,Binding site,ECO:0000255
P49759,170,Binding site,ECO:0000255
P49759,171,Binding site,ECO:0000255
P49759,172,Binding site,ECO:0000255
P49759,173,Binding site,ECO:0000255
P49759,174,Binding site,ECO:0000255
P49759,175,Binding site,ECO:0000255
P49759,191,Binding site,ECO:0000255
P49760,290,Active site,ECO:0000255
P49760,169,Binding site,ECO:0000255
P49760,170,Binding site,ECO:0000255
P49760,171,Binding site,ECO:0000255
P49760,172,Binding site,ECO:0000255
P49760,173,Binding site,ECO:0000255
P49760,174,Binding site,ECO:0000255
P49760,175,Binding site,ECO:0000255
P49760,176,Binding site,ECO:0000255
P49760,177,Binding site,ECO:0000255
P49760,193,Binding site,ECO:0000255
P49773,112,Active site,ECO:0000269
P49773,43,Binding site,ECO:0000269;ECO:0007744
P49773,44,Binding site,ECO:0000269;ECO:0007744
P49773,99,Binding site,ECO:0000269;ECO:0007744
P49773,105,Binding site,ECO:0000269;ECO:0007744
P49773,106,Binding site,ECO:0000269;ECO:0007744
P49773,107,Binding site,ECO:0000269;ECO:0007744
P49773,112,Binding site,ECO:0000269;ECO:0007744
P49773,113,Binding site,ECO:0000269;ECO:0007744
P49773,114,Binding site,ECO:0000269;ECO:0007744
P49790,664,Binding site,ECO:0000250
P49790,667,Binding site,ECO:0000250
P49790,678,Binding site,ECO:0000250
P49790,681,Binding site,ECO:0000250
P49790,728,Binding site,ECO:0007744
P49790,731,Binding site,ECO:0007744
P49790,742,Binding site,ECO:0007744
P49790,745,Binding site,ECO:0007744
P49790,799,Binding site,ECO:0007744
P49790,802,Binding site,ECO:0007744
P49790,813,Binding site,ECO:0007744
P49790,816,Binding site,ECO:0007744
P49790,857,Binding site,ECO:0007744
P49790,860,Binding site,ECO:0007744
P49790,871,Binding site,ECO:0007744
P49790,874,Binding site,ECO:0007744
P49840,244,Active site,ECO:0000255
P49840,125,Binding site,ECO:0000255
P49840,126,Binding site,ECO:0000255
P49840,127,Binding site,ECO:0000255
P49840,128,Binding site,ECO:0000255
P49840,129,Binding site,ECO:0000255
P49840,130,Binding site,ECO:0000255
P49840,131,Binding site,ECO:0000255
P49840,132,Binding site,ECO:0000255
P49840,133,Binding site,ECO:0000255
P49840,148,Binding site,ECO:0000255
P49841,181,Active site,
P49841,62,Binding site,ECO:0000255
P49841,63,Binding site,ECO:0000255
P49841,64,Binding site,ECO:0000255
P49841,65,Binding site,ECO:0000255
P49841,66,Binding site,ECO:0000255
P49841,67,Binding site,ECO:0000255
P49841,68,Binding site,ECO:0000255
P49841,69,Binding site,ECO:0000255
P49841,70,Binding site,ECO:0000255
P49841,85,Binding site,ECO:0000255;ECO:0000305
P49903,31,Active site,ECO:0000255
P49903,32,Binding site,ECO:0000269;ECO:0007744
P49903,67,Binding site,ECO:0000269;ECO:0007744
P49903,68,Binding site,ECO:0000269;ECO:0007744
P49903,69,Binding site,ECO:0000269;ECO:0007744
P49903,69,Binding site,ECO:0000269;ECO:0007744
P49903,87,Binding site,ECO:0000269;ECO:0007744
P49903,110,Binding site,ECO:0000269;ECO:0007744
P49903,110,Binding site,ECO:0000269;ECO:0007744
P49903,161,Binding site,ECO:0000269;ECO:0007744
P49903,162,Binding site,ECO:0000269;ECO:0007744
P49903,163,Binding site,ECO:0000269;ECO:0007744
P49903,164,Binding site,ECO:0000269;ECO:0007744
P49903,265,Binding site,ECO:0000269;ECO:0007744
P49916,508,Active site,ECO:0000255;ECO:0000269
P49916,105,Binding site,ECO:0000255
P49916,108,Binding site,ECO:0000255
P49916,139,Binding site,ECO:0000255
P49916,142,Binding site,ECO:0000255
P49916,506,Binding site,ECO:0000305;ECO:0007744
P49916,513,Binding site,ECO:0000305;ECO:0007744
P49916,528,Binding site,ECO:0000250
P49916,560,Binding site,ECO:0000250
P49916,655,Binding site,ECO:0000250
P49916,660,Binding site,ECO:0000305;ECO:0007744
P49916,671,Binding site,ECO:0000250
P49916,675,Binding site,ECO:0000250
P49959,129,Active site,ECO:0000250
P49959,20,Binding site,ECO:0000269;ECO:0007744
P49959,22,Binding site,ECO:0000269;ECO:0007744
P49959,60,Binding site,ECO:0000269;ECO:0007744
P49959,60,Binding site,ECO:0000269;ECO:0007744
P49959,128,Binding site,ECO:0000269;ECO:0007744
P49959,217,Binding site,ECO:0000269;ECO:0007744
P49959,245,Binding site,ECO:0000269;ECO:0007744
P49959,247,Binding site,ECO:0000269;ECO:0007744
P50990,47,Binding site,ECO:0000269;ECO:0007744
P50990,48,Binding site,ECO:0000269;ECO:0007744
P50990,99,Binding site,ECO:0000269;ECO:0007744
P50990,100,Binding site,ECO:0000269;ECO:0007744
P50990,100,Binding site,ECO:0000269;ECO:0007744
P50990,101,Binding site,ECO:0000269;ECO:0007744
P50990,101,Binding site,ECO:0000269;ECO:0007744
P50990,102,Binding site,ECO:0000269;ECO:0007744
P50990,102,Binding site,ECO:0000269;ECO:0007744
P50990,103,Binding site,ECO:0000269;ECO:0007744
P50990,169,Binding site,ECO:0000269;ECO:0007744
P50990,170,Binding site,ECO:0000269;ECO:0007744
P50990,170,Binding site,ECO:0000269;ECO:0007744
P50990,171,Binding site,ECO:0000269;ECO:0007744
P50990,171,Binding site,ECO:0000269;ECO:0007744
P50990,412,Binding site,ECO:0000269;ECO:0007744
P50990,412,Binding site,ECO:0000269;ECO:0007744
P50990,499,Binding site,ECO:0000269;ECO:0007744
P50990,499,Binding site,ECO:0000269;ECO:0007744
P50990,504,Binding site,ECO:0000269;ECO:0007744
P50991,53,Binding site,ECO:0000269;ECO:0007744
P50991,53,Binding site,ECO:0000269;ECO:0007744
P50991,104,Binding site,ECO:0000269;ECO:0007744
P50991,105,Binding site,ECO:0000269;ECO:0007744
P50991,105,Binding site,ECO:0000269;ECO:0007744
P50991,106,Binding site,ECO:0000269;ECO:0007744
P50991,106,Binding site,ECO:0000269;ECO:0007744
P50991,107,Binding site,ECO:0000269;ECO:0007744
P50991,108,Binding site,ECO:0000269;ECO:0007744
P50991,172,Binding site,ECO:0000269;ECO:0007744
P50991,173,Binding site,ECO:0000269;ECO:0007744
P50991,174,Binding site,ECO:0000269;ECO:0007744
P50991,174,Binding site,ECO:0000269;ECO:0007744
P50991,425,Binding site,ECO:0000269;ECO:0007744
P50991,510,Binding site,ECO:0000269;ECO:0007744
P51003,100,Binding site,ECO:0000250
P51003,101,Binding site,ECO:0000250
P51003,102,Binding site,ECO:0000250
P51003,109,Binding site,ECO:0000250
P51003,113,Binding site,ECO:0000250
P51003,114,Binding site,ECO:0000250
P51003,115,Binding site,ECO:0000250
P51003,113,Binding site,ECO:0000250
P51003,113,Binding site,ECO:0000250
P51003,115,Binding site,ECO:0000250
P51003,115,Binding site,ECO:0000250
P51003,167,Binding site,ECO:0000250
P51003,167,Binding site,ECO:0000250
P51003,228,Binding site,ECO:0000250
P51003,237,Binding site,ECO:0000250
P51003,246,Binding site,ECO:0000250
P51003,247,Binding site,ECO:0000250
P51532,779,Binding site,ECO:0000255
P51532,780,Binding site,ECO:0000255
P51532,781,Binding site,ECO:0000255
P51532,782,Binding site,ECO:0000255
P51532,783,Binding site,ECO:0000255
P51532,784,Binding site,ECO:0000255
P51532,785,Binding site,ECO:0000255
P51532,786,Binding site,ECO:0000255
P51812,193,Active site,ECO:0000250
P51812,539,Active site,ECO:0000250
P51812,74,Binding site,ECO:0000255
P51812,75,Binding site,ECO:0000255
P51812,76,Binding site,ECO:0000255
P51812,77,Binding site,ECO:0000255
P51812,78,Binding site,ECO:0000255
P51812,79,Binding site,ECO:0000255
P51812,80,Binding site,ECO:0000255
P51812,81,Binding site,ECO:0000255
P51812,82,Binding site,ECO:0000255
P51812,100,Binding site,ECO:0000255
P51812,428,Binding site,ECO:0000255
P51812,429,Binding site,ECO:0000255
P51812,430,Binding site,ECO:0000255
P51812,431,Binding site,ECO:0000255
P51812,432,Binding site,ECO:0000255
P51812,433,Binding site,ECO:0000255
P51812,434,Binding site,ECO:0000255
P51812,435,Binding site,ECO:0000255
P51812,436,Binding site,ECO:0000255
P51812,451,Binding site,ECO:0000255
P51828,284,Binding site,ECO:0000250
P51828,285,Binding site,ECO:0000250
P51828,286,Binding site,ECO:0000250
P51828,287,Binding site,ECO:0000250
P51828,288,Binding site,ECO:0000250
P51828,289,Binding site,ECO:0000250
P51828,284,Binding site,ECO:0000255
P51828,284,Binding site,ECO:0000255
P51828,285,Binding site,ECO:0000255
P51828,326,Binding site,ECO:0000250
P51828,327,Binding site,ECO:0000250
P51828,328,Binding site,ECO:0000250
P51828,328,Binding site,ECO:0000255
P51828,328,Binding site,ECO:0000255
P51828,372,Binding site,ECO:0000250
P51828,931,Binding site,ECO:0000250
P51828,1010,Binding site,ECO:0000250
P51828,1011,Binding site,ECO:0000250
P51828,1012,Binding site,ECO:0000250
P51828,1017,Binding site,ECO:0000250
P51828,1018,Binding site,ECO:0000250
P51828,1019,Binding site,ECO:0000250
P51828,1020,Binding site,ECO:0000250
P51828,1021,Binding site,ECO:0000250
P51828,1057,Binding site,ECO:0000250
P51858,19,Binding site,ECO:0000305
P51858,21,Binding site,ECO:0000305
P51858,72,Binding site,ECO:0000305
P51858,75,Binding site,ECO:0000305
P51858,79,Binding site,ECO:0000305
P51858,80,Binding site,ECO:0000305
P51957,131,Active site,ECO:0000255
P51957,12,Binding site,ECO:0000255
P51957,13,Binding site,ECO:0000255
P51957,14,Binding site,ECO:0000255
P51957,15,Binding site,ECO:0000255
P51957,16,Binding site,ECO:0000255
P51957,17,Binding site,ECO:0000255
P51957,18,Binding site,ECO:0000255
P51957,19,Binding site,ECO:0000255
P51957,20,Binding site,ECO:0000255
P51957,35,Binding site,ECO:0000255
P52209,184,Active site,ECO:0000250
P52209,191,Active site,ECO:0000250
P52209,10,Binding site,ECO:0000269
P52209,11,Binding site,ECO:0000269
P52209,12,Binding site,ECO:0000269
P52209,13,Binding site,ECO:0000269
P52209,14,Binding site,ECO:0000269
P52209,15,Binding site,ECO:0000269
P52209,33,Binding site,ECO:0000269
P52209,34,Binding site,ECO:0000269
P52209,35,Binding site,ECO:0000269
P52209,75,Binding site,ECO:0000269
P52209,76,Binding site,ECO:0000269
P52209,77,Binding site,ECO:0000269
P52209,103,Binding site,ECO:0000269
P52209,103,Binding site,ECO:0000250
P52209,129,Binding site,ECO:0000250
P52209,130,Binding site,ECO:0000250
P52209,131,Binding site,ECO:0000250
P52209,187,Binding site,ECO:0000250
P52209,188,Binding site,ECO:0000250
P52209,192,Binding site,ECO:0000250
P52209,261,Binding site,ECO:0000250
P52209,288,Binding site,ECO:0000250
P52209,447,Binding site,ECO:0000250
P52209,453,Binding site,ECO:0000250
P52209,478,Binding site,ECO:0000269
P52209,479,Binding site,ECO:0000269
P52209,480,Binding site,ECO:0000269
P52209,481,Binding site,ECO:0000269
P52333,949,Active site,ECO:0000255
P52333,828,Binding site,ECO:0000255
P52333,829,Binding site,ECO:0000255
P52333,830,Binding site,ECO:0000255
P52333,831,Binding site,ECO:0000255
P52333,832,Binding site,ECO:0000255
P52333,833,Binding site,ECO:0000255
P52333,834,Binding site,ECO:0000255
P52333,835,Binding site,ECO:0000255
P52333,836,Binding site,ECO:0000255
P52333,855,Binding site,ECO:0000255
P52701,1134,Binding site,ECO:0000255
P52701,1135,Binding site,ECO:0000255
P52701,1136,Binding site,ECO:0000255
P52701,1137,Binding site,ECO:0000255
P52701,1138,Binding site,ECO:0000255
P52701,1139,Binding site,ECO:0000255
P52701,1140,Binding site,ECO:0000255
P52701,1141,Binding site,ECO:0000255
P52888,474,Active site,ECO:0000269
P52888,473,Binding site,ECO:0000269
P52888,477,Binding site,ECO:0000269
P52888,480,Binding site,ECO:0000269
P52948,881,Active site,ECO:0000269
P53384,8,Binding site,ECO:0000255
P53384,22,Binding site,ECO:0000255
P53384,25,Binding site,ECO:0000255
P53384,31,Binding site,ECO:0000255
P53384,62,Binding site,ECO:0000255
P53384,63,Binding site,ECO:0000255
P53384,64,Binding site,ECO:0000255
P53384,65,Binding site,ECO:0000255
P53384,66,Binding site,ECO:0000255
P53384,67,Binding site,ECO:0000255
P53384,68,Binding site,ECO:0000255
P53384,69,Binding site,ECO:0000255
P53384,235,Binding site,ECO:0000255
P53384,238,Binding site,ECO:0000255
P53396,760,Active site,ECO:0000305
P53396,58,Binding site,ECO:0000305
P53396,66,Binding site,ECO:0000305
P53396,67,Binding site,ECO:0000305
P53396,109,Binding site,ECO:0000305
P53396,111,Binding site,ECO:0000305
P53396,118,Binding site,ECO:0000305
P53396,216,Binding site,ECO:0000305
P53396,257,Binding site,ECO:0000269
P53396,260,Binding site,ECO:0000269
P53396,262,Binding site,ECO:0000269
P53396,309,Binding site,ECO:0000269
P53396,346,Binding site,ECO:0000269
P53396,348,Binding site,ECO:0000269
P53396,364,Binding site,ECO:0000269
P53396,379,Binding site,ECO:0000269
P53396,779,Binding site,ECO:0000255
P53396,780,Binding site,ECO:0000255
P53396,781,Binding site,ECO:0000255
P53396,782,Binding site,ECO:0000255
P53396,783,Binding site,ECO:0000255
P53396,784,Binding site,ECO:0000255
P53396,785,Binding site,ECO:0000255
P53396,786,Binding site,ECO:0000255
P53396,787,Binding site,ECO:0000255
P53396,788,Binding site,ECO:0000255
P53396,789,Binding site,ECO:0000255
P53602,23,Binding site,ECO:0000250
P53602,24,Binding site,ECO:0000250
P53602,25,Binding site,ECO:0000250
P53602,26,Binding site,ECO:0000250
P53602,78,Binding site,ECO:0000250
P53602,156,Binding site,ECO:0000250
P53602,157,Binding site,ECO:0000250
P53602,158,Binding site,ECO:0000250
P53602,159,Binding site,ECO:0000250
P53602,160,Binding site,ECO:0000250
P53602,161,Binding site,ECO:0000250
P53602,212,Binding site,ECO:0000250
P53985,38,Binding site,ECO:0000269;ECO:0007744
P53985,309,Binding site,ECO:0000269;ECO:0007744
P53985,313,Binding site,ECO:0000269;ECO:0007744
P54132,668,Binding site,ECO:0000269;ECO:0007744
P54132,669,Binding site,ECO:0000269;ECO:0007744
P54132,670,Binding site,ECO:0000269;ECO:0007744
P54132,671,Binding site,ECO:0000269;ECO:0007744
P54132,672,Binding site,ECO:0000269;ECO:0007744
P54132,692,Binding site,ECO:0000269;ECO:0007744
P54132,693,Binding site,ECO:0000269;ECO:0007744
P54132,694,Binding site,ECO:0000269;ECO:0007744
P54132,695,Binding site,ECO:0000269;ECO:0007744
P54132,696,Binding site,ECO:0000269;ECO:0007744
P54132,982,Binding site,ECO:0000269;ECO:0007744
P54132,1036,Binding site,ECO:0000269;ECO:0007744
P54132,1055,Binding site,ECO:0000269;ECO:0007744
P54132,1063,Binding site,ECO:0000269;ECO:0007744
P54132,1066,Binding site,ECO:0000269;ECO:0007744
P54132,1242,Binding site,ECO:0000269;ECO:0007744
P54577,39,Binding site,ECO:0000269;ECO:0007744
P54577,39,Binding site,ECO:0000269;ECO:0007744
P54577,166,Binding site,ECO:0000269;ECO:0007744
P54577,170,Binding site,ECO:0000269;ECO:0007744
P54577,170,Binding site,ECO:0000269;ECO:0007744
P54577,173,Binding site,ECO:0000269;ECO:0007744
P54577,173,Binding site,ECO:0000269;ECO:0007744
P54577,188,Binding site,ECO:0000269;ECO:0007744
P55010,27,Binding site,ECO:0000255
P55010,28,Binding site,ECO:0000255
P55010,29,Binding site,ECO:0000255
P55010,30,Binding site,ECO:0000255
P55010,31,Binding site,ECO:0000255
P55010,32,Binding site,ECO:0000255
P55010,33,Binding site,ECO:0000255
P55010,34,Binding site,ECO:0000255
P55011,297,Binding site,ECO:0000269;ECO:0007744
P55011,298,Binding site,ECO:0000269;ECO:0007744
P55011,299,Binding site,ECO:0000269;ECO:0007744
P55011,300,Binding site,ECO:0000269;ECO:0007744
P55011,301,Binding site,ECO:0000269;ECO:0007744
P55011,302,Binding site,ECO:0000269;ECO:0007744
P55011,303,Binding site,ECO:0000269;ECO:0007744
P55011,372,Binding site,ECO:0000269;ECO:0007744
P55011,383,Binding site,ECO:0000269;ECO:0007744
P55011,496,Binding site,ECO:0000269;ECO:0007744
P55011,496,Binding site,ECO:0000269;ECO:0007744
P55011,497,Binding site,ECO:0000269;ECO:0007744
P55011,497,Binding site,ECO:0000269;ECO:0007744
P55011,499,Binding site,ECO:0000269;ECO:0007744
P55011,500,Binding site,ECO:0000269;ECO:0007744
P55011,501,Binding site,ECO:0000269;ECO:0007744
P55011,610,Binding site,ECO:0000269;ECO:0007744
P55011,613,Binding site,ECO:0000269;ECO:0007744
P55011,614,Binding site,ECO:0000269;ECO:0007744
P55011,682,Binding site,ECO:0000269;ECO:0007744
P55011,686,Binding site,ECO:0000269;ECO:0007744
P55072,247,Binding site,ECO:0000269
P55072,248,Binding site,ECO:0000269
P55072,249,Binding site,ECO:0000269
P55072,250,Binding site,ECO:0000269
P55072,251,Binding site,ECO:0000269
P55072,252,Binding site,ECO:0000269
P55072,253,Binding site,ECO:0000269
P55072,348,Binding site,ECO:0000269
P55072,384,Binding site,ECO:0000269
P55072,521,Binding site,ECO:0000250
P55072,522,Binding site,ECO:0000250
P55072,523,Binding site,ECO:0000250
P55072,524,Binding site,ECO:0000250
P55072,525,Binding site,ECO:0000250
P55072,526,Binding site,ECO:0000250
P55198,8,Binding site,ECO:0000255
P55198,11,Binding site,ECO:0000255
P55198,25,Binding site,ECO:0000255
P55198,30,Binding site,ECO:0000255
P55198,35,Binding site,ECO:0000255
P55198,38,Binding site,ECO:0000255
P55198,51,Binding site,ECO:0000255
P55198,54,Binding site,ECO:0000255
P55265,912,Active site,ECO:0000255
P55265,910,Binding site,ECO:0000255
P55265,966,Binding site,ECO:0000255
P55265,1036,Binding site,ECO:0000255
P56192,596,Binding site,ECO:0000250
P56524,803,Active site,ECO:0000250
P56524,667,Binding site,ECO:0000250
P56524,669,Binding site,ECO:0000250
P56524,675,Binding site,ECO:0000250
P56524,751,Binding site,ECO:0000250
P57768,144,Binding site,ECO:0000305
P57768,146,Binding site,ECO:0000250
P57768,184,Binding site,ECO:0000250
P61020,29,Binding site,ECO:0000250
P61020,30,Binding site,ECO:0000250
P61020,32,Binding site,ECO:0000250
P61020,33,Binding site,ECO:0000250
P61020,34,Binding site,ECO:0000250
P61020,34,Binding site,ECO:0000250
P61020,35,Binding site,ECO:0000250
P61020,46,Binding site,ECO:0000250
P61020,47,Binding site,ECO:0000250
P61020,52,Binding site,ECO:0000250
P61020,52,Binding site,ECO:0000250
P61020,75,Binding site,ECO:0000250
P61020,78,Binding site,ECO:0000250
P61020,133,Binding site,ECO:0000250
P61020,134,Binding site,ECO:0000250
P61020,136,Binding site,ECO:0000250
P61020,164,Binding site,ECO:0000250
P61020,165,Binding site,ECO:0000250
P61026,18,Binding site,ECO:0000269;ECO:0007744
P61026,19,Binding site,ECO:0000269;ECO:0007744
P61026,20,Binding site,ECO:0000269;ECO:0007744
P61026,21,Binding site,ECO:0000269;ECO:0007744
P61026,22,Binding site,ECO:0000269;ECO:0007744
P61026,23,Binding site,ECO:0000269;ECO:0007744
P61026,23,Binding site,ECO:0000269;ECO:0007744
P61026,24,Binding site,ECO:0000269;ECO:0007744
P61026,35,Binding site,ECO:0000269;ECO:0007744
P61026,36,Binding site,ECO:0000269;ECO:0007744
P61026,40,Binding site,ECO:0000269;ECO:0007744
P61026,41,Binding site,ECO:0000269;ECO:0007744
P61026,41,Binding site,ECO:0000269;ECO:0007744
P61026,64,Binding site,ECO:0000269;ECO:0007744
P61026,67,Binding site,ECO:0000269;ECO:0007744
P61026,122,Binding site,ECO:0000269;ECO:0007744
P61026,123,Binding site,ECO:0000269;ECO:0007744
P61026,125,Binding site,ECO:0000269;ECO:0007744
P61026,126,Binding site,ECO:0000269;ECO:0007744
P61026,152,Binding site,ECO:0000269;ECO:0007744
P61026,153,Binding site,ECO:0000269;ECO:0007744
P61026,154,Binding site,ECO:0000269;ECO:0007744
P61204,24,Binding site,ECO:0000250
P61204,25,Binding site,ECO:0000250
P61204,26,Binding site,ECO:0000250
P61204,27,Binding site,ECO:0000250
P61204,28,Binding site,ECO:0000250
P61204,29,Binding site,ECO:0000250
P61204,30,Binding site,ECO:0000250
P61204,31,Binding site,ECO:0000250
P61204,67,Binding site,ECO:0000250
P61204,68,Binding site,ECO:0000250
P61204,69,Binding site,ECO:0000250
P61204,70,Binding site,ECO:0000250
P61204,71,Binding site,ECO:0000250
P61204,126,Binding site,ECO:0000250
P61204,127,Binding site,ECO:0000250
P61204,128,Binding site,ECO:0000250
P61204,129,Binding site,ECO:0000250
P62070,21,Binding site,ECO:0000269;ECO:0007744
P62070,22,Binding site,ECO:0000269;ECO:0007744
P62070,23,Binding site,ECO:0000269;ECO:0007744
P62070,24,Binding site,ECO:0000269;ECO:0007744
P62070,25,Binding site,ECO:0000269;ECO:0007744
P62070,26,Binding site,ECO:0000269;ECO:0007744
P62070,27,Binding site,ECO:0000269;ECO:0007744
P62070,28,Binding site,ECO:0000269;ECO:0007744
P62070,29,Binding site,ECO:0000269;ECO:0007744
P62070,68,Binding site,ECO:0000250
P62070,69,Binding site,ECO:0000250
P62070,70,Binding site,ECO:0000250
P62070,71,Binding site,ECO:0000250
P62070,72,Binding site,ECO:0000250
P62070,127,Binding site,ECO:0000269;ECO:0007744
P62070,128,Binding site,ECO:0000269;ECO:0007744
P62070,129,Binding site,ECO:0000269;ECO:0007744
P62070,130,Binding site,ECO:0000269;ECO:0007744
P62070,157,Binding site,ECO:0000269;ECO:0007744
P62070,158,Binding site,ECO:0000269;ECO:0007744
P62070,159,Binding site,ECO:0000269;ECO:0007744
P62191,226,Binding site,ECO:0000255
P62191,227,Binding site,ECO:0000255
P62191,228,Binding site,ECO:0000255
P62191,229,Binding site,ECO:0000255
P62191,230,Binding site,ECO:0000255
P62191,231,Binding site,ECO:0000255
P62191,232,Binding site,ECO:0000255
P62191,233,Binding site,ECO:0000255
P62820,20,Binding site,ECO:0000269;ECO:0007744
P62820,21,Binding site,ECO:0000269;ECO:0007744
P62820,23,Binding site,ECO:0000269;ECO:0007744
P62820,24,Binding site,ECO:0000269;ECO:0007744
P62820,25,Binding site,ECO:0000269;ECO:0007744
P62820,25,Binding site,ECO:0000269;ECO:0007744
P62820,26,Binding site,ECO:0000269;ECO:0007744
P62820,38,Binding site,ECO:0000269;ECO:0007744
P62820,43,Binding site,ECO:0000269;ECO:0007744
P62820,43,Binding site,ECO:0000269;ECO:0007744
P62820,66,Binding site,ECO:0000269;ECO:0007744
P62820,69,Binding site,ECO:0000269;ECO:0007744
P62820,124,Binding site,ECO:0000269;ECO:0007744
P62820,125,Binding site,ECO:0000269;ECO:0007744
P62820,127,Binding site,ECO:0000269;ECO:0007744
P62820,155,Binding site,ECO:0000269;ECO:0007744
P62820,156,Binding site,ECO:0000269;ECO:0007744
P68363,254,Active site,ECO:0000269
P68363,10,Binding site,ECO:0000269;ECO:0007744
P68363,11,Binding site,ECO:0000269;ECO:0007744
P68363,12,Binding site,ECO:0000269;ECO:0007744
P68363,15,Binding site,ECO:0000269;ECO:0007744
P68363,71,Binding site,ECO:0000269;ECO:0007744
P68363,71,Binding site,ECO:0000269;ECO:0007744
P68363,99,Binding site,ECO:0000269;ECO:0007744
P68363,140,Binding site,ECO:0000269;ECO:0007744
P68363,143,Binding site,ECO:0000269;ECO:0007744
P68363,144,Binding site,ECO:0000269;ECO:0007744
P68363,145,Binding site,ECO:0000269;ECO:0007744
P68363,146,Binding site,ECO:0000269;ECO:0007744
P68363,179,Binding site,ECO:0000269;ECO:0007744
P68363,183,Binding site,ECO:0000269;ECO:0007744
P68363,206,Binding site,ECO:0000269;ECO:0007744
P68363,224,Binding site,ECO:0000269;ECO:0007744
P68363,228,Binding site,ECO:0000269;ECO:0007744
P68363,252,Binding site,ECO:0000269;ECO:0007744
P68371,11,Binding site,ECO:0000250
P68371,69,Binding site,ECO:0000250
P68371,69,Binding site,ECO:0000250
P68371,138,Binding site,ECO:0000250
P68371,142,Binding site,ECO:0000250
P68371,143,Binding site,ECO:0000250
P68371,144,Binding site,ECO:0000250
P68371,204,Binding site,ECO:0000250
P68371,226,Binding site,ECO:0000250
P78317,132,Binding site,ECO:0000250
P78317,135,Binding site,ECO:0000250
P78317,154,Binding site,ECO:0000250
P78317,156,Binding site,ECO:0000250
P78317,159,Binding site,ECO:0000250
P78317,162,Binding site,ECO:0000250
P78317,173,Binding site,ECO:0000250
P78317,176,Binding site,ECO:0000250
P78362,214,Active site,ECO:0000255
P78362,87,Binding site,ECO:0000250;ECO:0000255
P78362,88,Binding site,ECO:0000250;ECO:0000255
P78362,89,Binding site,ECO:0000250;ECO:0000255
P78362,90,Binding site,ECO:0000250;ECO:0000255
P78362,91,Binding site,ECO:0000250;ECO:0000255
P78362,92,Binding site,ECO:0000250;ECO:0000255
P78362,93,Binding site,ECO:0000250;ECO:0000255
P78362,94,Binding site,ECO:0000250;ECO:0000255
P78362,95,Binding site,ECO:0000250;ECO:0000255
P78362,110,Binding site,ECO:0000250;ECO:0000255
P78368,165,Active site,ECO:0000255
P78368,52,Binding site,ECO:0000255
P78368,53,Binding site,ECO:0000255
P78368,54,Binding site,ECO:0000255
P78368,55,Binding site,ECO:0000255
P78368,56,Binding site,ECO:0000255
P78368,57,Binding site,ECO:0000255
P78368,58,Binding site,ECO:0000255
P78368,59,Binding site,ECO:0000255
P78368,60,Binding site,ECO:0000255
P78368,75,Binding site,ECO:0000255
P78371,44,Binding site,ECO:0000269;ECO:0007744
P78371,44,Binding site,ECO:0000269;ECO:0007744
P78371,97,Binding site,ECO:0000269;ECO:0007744
P78371,98,Binding site,ECO:0000269;ECO:0007744
P78371,98,Binding site,ECO:0000269;ECO:0007744
P78371,99,Binding site,ECO:0000269;ECO:0007744
P78371,99,Binding site,ECO:0000269;ECO:0007744
P78371,100,Binding site,ECO:0000269;ECO:0007744
P78371,100,Binding site,ECO:0000269;ECO:0007744
P78371,101,Binding site,ECO:0000269;ECO:0007744
P78371,168,Binding site,ECO:0000269;ECO:0007744
P78371,169,Binding site,ECO:0000269;ECO:0007744
P78371,410,Binding site,ECO:0000269;ECO:0007744
P78371,495,Binding site,ECO:0000269;ECO:0007744
P78371,495,Binding site,ECO:0000269;ECO:0007744
P78371,500,Binding site,ECO:0000269;ECO:0007744
P78371,500,Binding site,ECO:0000269;ECO:0007744
P80297,5,Binding site,ECO:0000250
P80297,7,Binding site,ECO:0000250
P80297,7,Binding site,ECO:0000250
P80297,13,Binding site,ECO:0000250
P80297,15,Binding site,ECO:0000250
P80297,15,Binding site,ECO:0000250
P80297,19,Binding site,ECO:0000250
P80297,21,Binding site,ECO:0000250
P80297,24,Binding site,ECO:0000250
P80297,24,Binding site,ECO:0000250
P80297,26,Binding site,ECO:0000250
P80297,29,Binding site,ECO:0000250
P80297,33,Binding site,ECO:0000250
P80297,34,Binding site,ECO:0000250
P80297,34,Binding site,ECO:0000250
P80297,36,Binding site,ECO:0000250
P80297,37,Binding site,ECO:0000250
P80297,37,Binding site,ECO:0000250
P80297,41,Binding site,ECO:0000250
P80297,44,Binding site,ECO:0000250
P80297,44,Binding site,ECO:0000250
P80297,48,Binding site,ECO:0000250
P80297,50,Binding site,ECO:0000250
P80297,50,Binding site,ECO:0000250
P80297,57,Binding site,ECO:0000250
P80297,59,Binding site,ECO:0000250
P80297,60,Binding site,ECO:0000250
P80297,60,Binding site,ECO:0000250
P81274,608,Binding site,ECO:0000250
P81274,613,Binding site,ECO:0000250
P81274,642,Binding site,ECO:0000250
P81274,647,Binding site,ECO:0000250
P84022,64,Binding site,
P84022,109,Binding site,
P84022,121,Binding site,
P84022,126,Binding site,
P84095,13,Binding site,ECO:0000269;ECO:0007744
P84095,13,Binding site,ECO:0000269;ECO:0007744
P84095,14,Binding site,ECO:0000269;ECO:0007744
P84095,14,Binding site,ECO:0000269;ECO:0007744
P84095,15,Binding site,ECO:0000269;ECO:0007744
P84095,15,Binding site,ECO:0000269;ECO:0000305;ECO:0007744
P84095,16,Binding site,ECO:0000269;ECO:0007744
P84095,16,Binding site,ECO:0000269;ECO:0000305;ECO:0007744
P84095,17,Binding site,ECO:0000269;ECO:0007744
P84095,17,Binding site,ECO:0000269;ECO:0000305;ECO:0007744
P84095,17,Binding site,ECO:0000269;ECO:0007744
P84095,18,Binding site,ECO:0000269;ECO:0007744
P84095,18,Binding site,ECO:0000269;ECO:0000305;ECO:0007744
P84095,30,Binding site,ECO:0000269;ECO:0007744
P84095,32,Binding site,ECO:0000269;ECO:0000305;ECO:0007744
P84095,35,Binding site,ECO:0000269;ECO:0000305;ECO:0007744
P84095,35,Binding site,ECO:0000269;ECO:0007744
P84095,60,Binding site,ECO:0000269;ECO:0000305;ECO:0007744
P84095,116,Binding site,ECO:0000269;ECO:0007744
P84095,116,Binding site,ECO:0000269;ECO:0000305;ECO:0007744
P84095,118,Binding site,ECO:0000269;ECO:0007744
P84095,118,Binding site,ECO:0000269;ECO:0000305;ECO:0007744
P84095,159,Binding site,ECO:0000269;ECO:0007744
P84095,159,Binding site,ECO:0000269;ECO:0000305;ECO:0007744
P84095,160,Binding site,ECO:0000269;ECO:0007744
P84095,160,Binding site,ECO:0000269;ECO:0000305;ECO:0007744
P98174,736,Binding site,ECO:0000255
P98174,739,Binding site,ECO:0000255
P98174,753,Binding site,ECO:0000255
P98174,756,Binding site,ECO:0000255
P98174,761,Binding site,ECO:0000255
P98174,764,Binding site,ECO:0000255
P98174,782,Binding site,ECO:0000255
P98174,785,Binding site,ECO:0000255
Q00403,15,Binding site,ECO:0000255;ECO:0000269;ECO:0007744
Q00403,18,Binding site,ECO:0000255;ECO:0000269;ECO:0007744
Q00403,34,Binding site,ECO:0000255;ECO:0000269;ECO:0007744
Q00403,37,Binding site,ECO:0000255;ECO:0000269;ECO:0007744
Q00403,53,Binding site,ECO:0000269;ECO:0007744
Q00403,61,Binding site,ECO:0000269;ECO:0007744
Q00403,152,Binding site,ECO:0000269;ECO:0007744
Q00403,154,Binding site,ECO:0000269;ECO:0007744
Q00403,189,Binding site,ECO:0000269;ECO:0007744
Q00403,196,Binding site,ECO:0000269;ECO:0007744
Q00403,248,Binding site,ECO:0000269;ECO:0007744
Q00403,272,Binding site,ECO:0000269;ECO:0007744
Q00403,281,Binding site,ECO:0000269;ECO:0007744
Q00403,284,Binding site,ECO:0000269;ECO:0007744
Q00403,286,Binding site,ECO:0000269;ECO:0007744
Q00403,290,Binding site,ECO:0000269;ECO:0007744
Q00534,145,Active site,
Q00534,19,Binding site,ECO:0000255
Q00534,20,Binding site,ECO:0000255
Q00534,21,Binding site,ECO:0000255
Q00534,22,Binding site,ECO:0000255
Q00534,23,Binding site,ECO:0000255
Q00534,24,Binding site,ECO:0000255
Q00534,25,Binding site,ECO:0000255
Q00534,26,Binding site,ECO:0000255
Q00534,27,Binding site,ECO:0000255
Q00534,43,Binding site,ECO:0000255
Q00536,286,Active site,ECO:0000255
Q00536,171,Binding site,ECO:0000255
Q00536,172,Binding site,ECO:0000255
Q00536,173,Binding site,ECO:0000255
Q00536,174,Binding site,ECO:0000255
Q00536,175,Binding site,ECO:0000255
Q00536,176,Binding site,ECO:0000255
Q00536,177,Binding site,ECO:0000255
Q00536,178,Binding site,ECO:0000255
Q00536,179,Binding site,ECO:0000255
Q00536,194,Binding site,ECO:0000305
Q00839,504,Binding site,ECO:0000255
Q00839,505,Binding site,ECO:0000255
Q00839,506,Binding site,ECO:0000255
Q00839,507,Binding site,ECO:0000255
Q00839,508,Binding site,ECO:0000255
Q00839,509,Binding site,ECO:0000255
Q00839,510,Binding site,ECO:0000255
Q00839,511,Binding site,ECO:0000255
Q01167,310,Binding site,ECO:0000269
Q01167,311,Binding site,ECO:0000269
Q01167,313,Binding site,ECO:0000269
Q01167,316,Binding site,ECO:0000269
Q01581,95,Active site,ECO:0000255
Q01581,129,Active site,
Q01581,264,Active site,ECO:0000255
Q01581,43,Binding site,ECO:0000250
Q01581,44,Binding site,ECO:0000269;ECO:0007744
Q01581,45,Binding site,ECO:0000269;ECO:0007744
Q01581,46,Binding site,ECO:0000269;ECO:0007744
Q01581,44,Binding site,ECO:0000250
Q01581,129,Binding site,ECO:0000250
Q01581,167,Binding site,ECO:0000250
Q01581,167,Binding site,ECO:0000269;ECO:0007744
Q01581,171,Binding site,ECO:0000250
Q01581,221,Binding site,ECO:0000250
Q01581,221,Binding site,ECO:0000269;ECO:0007744
Q01581,264,Binding site,ECO:0000250
Q01581,269,Binding site,ECO:0000269;ECO:0007744
Q01581,273,Binding site,ECO:0000250
Q01581,273,Binding site,ECO:0000269;ECO:0007744
Q01581,343,Binding site,ECO:0000250
Q01581,377,Binding site,ECO:0000250
Q01780,313,Binding site,ECO:0000269;ECO:0007744
Q01780,313,Binding site,ECO:0000269;ECO:0007744
Q01780,315,Binding site,ECO:0000269;ECO:0007744
Q01780,371,Binding site,ECO:0000269;ECO:0007744
Q01780,440,Binding site,ECO:0000269;ECO:0007744
Q01804,42,Active site,ECO:0000250
Q01804,45,Active site,ECO:0000269
Q01804,148,Active site,ECO:0000250
Q01826,390,Binding site,
Q01826,400,Binding site,
Q01826,401,Binding site,
Q01826,402,Binding site,
Q01826,403,Binding site,
Q01826,404,Binding site,
Q01826,405,Binding site,
Q01826,406,Binding site,
Q01826,407,Binding site,
Q01826,408,Binding site,
Q01826,409,Binding site,
Q01826,410,Binding site,
Q01826,425,Binding site,
Q01970,332,Active site,ECO:0000255
Q01970,379,Active site,ECO:0000255
Q01970,333,Binding site,ECO:0000269;ECO:0007744
Q01970,362,Binding site,ECO:0000269;ECO:0007744
Q01970,364,Binding site,ECO:0000269;ECO:0007744
Q01970,413,Binding site,ECO:0000269;ECO:0007744
Q02241,112,Binding site,ECO:0000255
Q02241,113,Binding site,ECO:0000255
Q02241,114,Binding site,ECO:0000255
Q02241,115,Binding site,ECO:0000255
Q02241,116,Binding site,ECO:0000255
Q02241,117,Binding site,ECO:0000255
Q02241,118,Binding site,ECO:0000255
Q02241,119,Binding site,ECO:0000255
Q02779,222,Active site,ECO:0000255
Q02779,104,Binding site,ECO:0000255
Q02779,105,Binding site,ECO:0000255
Q02779,106,Binding site,ECO:0000255
Q02779,107,Binding site,ECO:0000255
Q02779,108,Binding site,ECO:0000255
Q02779,109,Binding site,ECO:0000255
Q02779,110,Binding site,ECO:0000255
Q02779,111,Binding site,ECO:0000255
Q02779,112,Binding site,ECO:0000255
Q02779,125,Binding site,ECO:0000255
Q02880,826,Active site,ECO:0000255;ECO:0000269
Q02880,112,Binding site,ECO:0000250
Q02880,141,Binding site,ECO:0000250
Q02880,169,Binding site,ECO:0000250
Q02880,170,Binding site,ECO:0000250
Q02880,171,Binding site,ECO:0000250
Q02880,182,Binding site,ECO:0000250
Q02880,183,Binding site,ECO:0000250
Q02880,184,Binding site,ECO:0000250
Q02880,185,Binding site,ECO:0000250
Q02880,186,Binding site,ECO:0000250
Q02880,187,Binding site,ECO:0000250
Q02880,188,Binding site,ECO:0000250
Q02880,189,Binding site,ECO:0000250
Q02880,397,Binding site,ECO:0000250
Q02880,398,Binding site,ECO:0000250
Q02880,399,Binding site,ECO:0000250
Q02880,482,Binding site,ECO:0000255
Q02880,562,Binding site,ECO:0000255
Q02880,562,Binding site,ECO:0000255;ECO:0000269
Q02880,564,Binding site,ECO:0000255;ECO:0000269
Q03164,1155,Binding site,ECO:0000255;ECO:0000269;ECO:0007744
Q03164,1158,Binding site,ECO:0000255;ECO:0000269;ECO:0007744
Q03164,1161,Binding site,ECO:0000255;ECO:0000269;ECO:0007744
Q03164,1167,Binding site,ECO:0000255;ECO:0000269;ECO:0007744
Q03164,1170,Binding site,ECO:0000255;ECO:0000269;ECO:0007744
Q03164,1173,Binding site,ECO:0000255;ECO:0000269;ECO:0007744
Q03164,1189,Binding site,ECO:0000255;ECO:0000269;ECO:0007744
Q03164,1194,Binding site,ECO:0000255;ECO:0000269;ECO:0007744
Q03164,3839,Binding site,ECO:0000255;ECO:0000269;ECO:0007744
Q03164,3841,Binding site,ECO:0000255;ECO:0000269;ECO:0007744
Q03164,3883,Binding site,ECO:0000255;ECO:0000269;ECO:0007744
Q03164,3906,Binding site,ECO:0000269;ECO:0007744
Q03164,3907,Binding site,ECO:0000269;ECO:0007744
Q03164,3909,Binding site,ECO:0000269;ECO:0007744
Q03164,3957,Binding site,ECO:0000269;ECO:0007744
Q03164,3958,Binding site,ECO:0000255;ECO:0000269;ECO:0007744
Q03164,3959,Binding site,ECO:0000269;ECO:0007744
Q03164,3964,Binding site,ECO:0000269;ECO:0007744
Q04656,1044,Active site,ECO:0000250
Q04656,18,Binding site,ECO:0000269;ECO:0007744
Q04656,19,Binding site,ECO:0000255;ECO:0000269;ECO:0007744
Q04656,22,Binding site,ECO:0000255;ECO:0000269;ECO:0007744
Q04656,182,Binding site,ECO:0000255
Q04656,185,Binding site,ECO:0000255
Q04656,288,Binding site,ECO:0000255
Q04656,291,Binding site,ECO:0000255
Q04656,388,Binding site,ECO:0000255
Q04656,391,Binding site,ECO:0000255
Q04656,499,Binding site,ECO:0000255
Q04656,502,Binding site,ECO:0000255
Q04656,575,Binding site,ECO:0000255
Q04656,578,Binding site,ECO:0000255
Q04656,1081,Binding site,ECO:0000269
Q04656,1301,Binding site,
Q04656,1305,Binding site,
Q05655,473,Active site,ECO:0000255
Q05655,355,Binding site,ECO:0000255
Q05655,356,Binding site,ECO:0000255
Q05655,357,Binding site,ECO:0000255
Q05655,358,Binding site,ECO:0000255
Q05655,359,Binding site,ECO:0000255
Q05655,360,Binding site,ECO:0000255
Q05655,361,Binding site,ECO:0000255
Q05655,362,Binding site,ECO:0000255
Q05655,363,Binding site,ECO:0000255
Q05655,378,Binding site,ECO:0000255
Q06124,459,Active site,ECO:0000269
Q06124,425,Binding site,ECO:0000250
Q06124,459,Binding site,ECO:0000250
Q06124,460,Binding site,ECO:0000250
Q06124,461,Binding site,ECO:0000250
Q06124,462,Binding site,ECO:0000250
Q06124,463,Binding site,ECO:0000250
Q06124,464,Binding site,ECO:0000250
Q06124,465,Binding site,ECO:0000250
Q06124,506,Binding site,ECO:0000250
Q08211,411,Binding site,ECO:0000269;ECO:0007744
Q08211,412,Binding site,ECO:0000269;ECO:0007744
Q08211,413,Binding site,ECO:0000269;ECO:0007744
Q08211,414,Binding site,ECO:0000269;ECO:0007744
Q08211,415,Binding site,ECO:0000269;ECO:0007744
Q08211,416,Binding site,ECO:0000269;ECO:0007744
Q08211,417,Binding site,ECO:0000269;ECO:0007744
Q08211,418,Binding site,ECO:0000269;ECO:0007744
Q08211,419,Binding site,ECO:0000269;ECO:0007744
Q08211,418,Binding site,ECO:0000269;ECO:0007744
Q08211,512,Binding site,ECO:0000269;ECO:0007744
Q08881,482,Active site,ECO:0000255
Q08881,121,Binding site,ECO:0000255
Q08881,132,Binding site,ECO:0000255
Q08881,133,Binding site,ECO:0000255
Q08881,143,Binding site,ECO:0000255
Q08881,369,Binding site,ECO:0000255
Q08881,370,Binding site,ECO:0000255
Q08881,371,Binding site,ECO:0000255
Q08881,372,Binding site,ECO:0000255
Q08881,373,Binding site,ECO:0000255
Q08881,374,Binding site,ECO:0000255
Q08881,375,Binding site,ECO:0000255
Q08881,376,Binding site,ECO:0000255
Q08881,377,Binding site,ECO:0000255
Q08881,391,Binding site,ECO:0000255
Q08J23,321,Active site,ECO:0000255;ECO:0000305
Q08J23,184,Binding site,ECO:0000255
Q08J23,185,Binding site,ECO:0000255
Q08J23,186,Binding site,ECO:0000255
Q08J23,187,Binding site,ECO:0000255
Q08J23,188,Binding site,ECO:0000255
Q08J23,189,Binding site,ECO:0000255
Q08J23,190,Binding site,ECO:0000255
Q08J23,215,Binding site,ECO:0000255
Q08J23,242,Binding site,ECO:0000255
Q08J23,268,Binding site,ECO:0000255
Q10471,143,Binding site,ECO:0000269;ECO:0007744
Q10471,176,Binding site,ECO:0000269;ECO:0007744
Q10471,201,Binding site,ECO:0000269;ECO:0007744
Q10471,224,Binding site,ECO:0000269;ECO:0007744
Q10471,225,Binding site,ECO:0000269;ECO:0007744
Q10471,226,Binding site,ECO:0000269;ECO:0007744
Q10471,331,Binding site,ECO:0000269;ECO:0007744
Q10471,359,Binding site,ECO:0000269;ECO:0007744
Q10471,362,Binding site,ECO:0000269;ECO:0007744
Q10471,365,Binding site,ECO:0000269;ECO:0007744
Q10471,367,Binding site,ECO:0000269;ECO:0007744
Q12851,136,Active site,ECO:0000255
Q12851,22,Binding site,ECO:0000255
Q12851,23,Binding site,ECO:0000255
Q12851,24,Binding site,ECO:0000255
Q12851,25,Binding site,ECO:0000255
Q12851,26,Binding site,ECO:0000255
Q12851,27,Binding site,ECO:0000255
Q12851,28,Binding site,ECO:0000255
Q12851,29,Binding site,ECO:0000255
Q12851,30,Binding site,ECO:0000255
Q12851,45,Binding site,ECO:0000255
Q12852,236,Active site,ECO:0000255
Q12852,131,Binding site,ECO:0000255
Q12852,132,Binding site,ECO:0000255
Q12852,133,Binding site,ECO:0000255
Q12852,134,Binding site,ECO:0000255
Q12852,135,Binding site,ECO:0000255
Q12852,136,Binding site,ECO:0000255
Q12852,137,Binding site,ECO:0000255
Q12852,138,Binding site,ECO:0000255
Q12852,139,Binding site,ECO:0000255
Q12852,152,Binding site,ECO:0000255
Q12873,761,Binding site,ECO:0000255
Q12873,762,Binding site,ECO:0000255
Q12873,763,Binding site,ECO:0000255
Q12873,764,Binding site,ECO:0000255
Q12873,765,Binding site,ECO:0000255
Q12873,766,Binding site,ECO:0000255
Q12873,767,Binding site,ECO:0000255
Q12873,768,Binding site,ECO:0000255
Q13043,149,Active site,ECO:0000255
Q13043,36,Binding site,ECO:0000255
Q13043,37,Binding site,ECO:0000255
Q13043,38,Binding site,ECO:0000255
Q13043,39,Binding site,ECO:0000255
Q13043,40,Binding site,ECO:0000255
Q13043,41,Binding site,ECO:0000255
Q13043,42,Binding site,ECO:0000255
Q13043,43,Binding site,ECO:0000255
Q13043,44,Binding site,ECO:0000255
Q13043,59,Binding site,
Q13107,311,Active site,ECO:0000255
Q13107,881,Active site,ECO:0000255
Q13107,461,Binding site,ECO:0000269;ECO:0007744
Q13107,464,Binding site,ECO:0000269;ECO:0007744
Q13107,799,Binding site,ECO:0000269;ECO:0007744
Q13107,802,Binding site,ECO:0000269;ECO:0007744
Q13131,150,Active site,ECO:0000255
Q13131,33,Binding site,ECO:0000255
Q13131,34,Binding site,ECO:0000255
Q13131,35,Binding site,ECO:0000255
Q13131,36,Binding site,ECO:0000255
Q13131,37,Binding site,ECO:0000255
Q13131,38,Binding site,ECO:0000255
Q13131,39,Binding site,ECO:0000255
Q13131,40,Binding site,ECO:0000255
Q13131,41,Binding site,ECO:0000255
Q13131,56,Binding site,ECO:0000255
Q13137,422,Binding site,ECO:0000255
Q13137,425,Binding site,ECO:0000255
Q13137,440,Binding site,ECO:0000255
Q13137,444,Binding site,ECO:0000255
Q13153,389,Active site,ECO:0000269
Q13153,276,Binding site,ECO:0000269
Q13153,277,Binding site,ECO:0000269
Q13153,278,Binding site,ECO:0000269
Q13153,279,Binding site,ECO:0000269
Q13153,280,Binding site,ECO:0000269
Q13153,281,Binding site,ECO:0000269
Q13153,282,Binding site,ECO:0000269
Q13153,283,Binding site,ECO:0000269
Q13153,284,Binding site,ECO:0000269
Q13153,299,Binding site,ECO:0000269
Q13153,345,Binding site,ECO:0000269
Q13153,346,Binding site,ECO:0000269
Q13153,347,Binding site,ECO:0000269
Q13164,182,Active site,ECO:0000255
Q13164,61,Binding site,ECO:0000255
Q13164,62,Binding site,ECO:0000255
Q13164,63,Binding site,ECO:0000255
Q13164,64,Binding site,ECO:0000255
Q13164,65,Binding site,ECO:0000255
Q13164,66,Binding site,ECO:0000255
Q13164,67,Binding site,ECO:0000255
Q13164,68,Binding site,ECO:0000255
Q13164,69,Binding site,ECO:0000255
Q13164,84,Binding site,ECO:0000255
Q13177,367,Active site,ECO:0000255
Q13177,255,Binding site,ECO:0000255
Q13177,256,Binding site,ECO:0000255
Q13177,257,Binding site,ECO:0000255
Q13177,258,Binding site,ECO:0000255
Q13177,259,Binding site,ECO:0000255
Q13177,260,Binding site,ECO:0000255
Q13177,261,Binding site,ECO:0000255
Q13177,262,Binding site,ECO:0000255
Q13177,263,Binding site,ECO:0000255
Q13177,278,Binding site,ECO:0000255
Q13191,221,Binding site,ECO:0000250
Q13191,223,Binding site,ECO:0000250
Q13191,225,Binding site,ECO:0000250
Q13191,227,Binding site,ECO:0000250
Q13191,232,Binding site,ECO:0000250
Q13191,286,Binding site,ECO:0000250
Q13206,89,Binding site,
Q13206,90,Binding site,
Q13206,91,Binding site,
Q13206,96,Binding site,
Q13206,113,Binding site,
Q13206,114,Binding site,
Q13206,115,Binding site,
Q13206,116,Binding site,
Q13206,117,Binding site,
Q13206,118,Binding site,
Q13206,119,Binding site,
Q13206,120,Binding site,
Q13233,1369,Active site,ECO:0000255
Q13233,1249,Binding site,ECO:0000255
Q13233,1250,Binding site,ECO:0000255
Q13233,1251,Binding site,ECO:0000255
Q13233,1252,Binding site,ECO:0000255
Q13233,1253,Binding site,ECO:0000255
Q13233,1254,Binding site,ECO:0000255
Q13233,1255,Binding site,ECO:0000255
Q13233,1256,Binding site,ECO:0000255
Q13233,1257,Binding site,ECO:0000255
Q13233,1272,Binding site,ECO:0000255
Q13263,153,Binding site,ECO:0000255
Q13263,156,Binding site,ECO:0000255
Q13263,177,Binding site,ECO:0000255
Q13263,181,Binding site,ECO:0000255
Q13263,209,Binding site,ECO:0000255
Q13263,212,Binding site,ECO:0000255
Q13263,232,Binding site,ECO:0000255
Q13263,237,Binding site,ECO:0000255
Q13303,90,Active site,ECO:0000250
Q13303,56,Binding site,ECO:0000269;ECO:0007744
Q13303,57,Binding site,ECO:0000269;ECO:0007744
Q13303,63,Binding site,ECO:0000269;ECO:0007744
Q13303,85,Binding site,ECO:0000269;ECO:0007744
Q13303,158,Binding site,ECO:0000250
Q13303,188,Binding site,ECO:0000269;ECO:0007744
Q13303,189,Binding site,ECO:0000269;ECO:0007744
Q13303,214,Binding site,ECO:0000269;ECO:0007744
Q13303,243,Binding site,ECO:0000269;ECO:0007744
Q13303,244,Binding site,ECO:0000269;ECO:0007744
Q13303,245,Binding site,ECO:0000269;ECO:0007744
Q13303,246,Binding site,ECO:0000269;ECO:0007744
Q13303,247,Binding site,ECO:0000269;ECO:0007744
Q13303,248,Binding site,ECO:0000269;ECO:0007744
Q13303,254,Binding site,ECO:0000269;ECO:0007744
Q13303,262,Binding site,ECO:0000250
Q13303,264,Binding site,ECO:0000269;ECO:0007744
Q13303,323,Binding site,ECO:0000250
Q13303,325,Binding site,ECO:0000269;ECO:0007744
Q13303,329,Binding site,ECO:0000269;ECO:0007744
Q13303,332,Binding site,ECO:0000269;ECO:0007744
Q13303,333,Binding site,ECO:0000269;ECO:0007744
Q13370,737,Active site,ECO:0000250
Q13370,737,Binding site,ECO:0000250
Q13370,741,Binding site,ECO:0000269;ECO:0007744
Q13370,821,Binding site,ECO:0000269;ECO:0007744
Q13370,822,Binding site,ECO:0000250
Q13370,822,Binding site,ECO:0000269;ECO:0007744
Q13370,822,Binding site,ECO:0000269;ECO:0007744
Q13370,937,Binding site,ECO:0000250
Q13370,937,Binding site,ECO:0000269;ECO:0007744
Q13370,988,Binding site,ECO:0000250
Q13415,500,Binding site,ECO:0000269;ECO:0007744
Q13415,534,Binding site,ECO:0000269;ECO:0007744
Q13415,535,Binding site,ECO:0000269;ECO:0007744
Q13415,536,Binding site,ECO:0000269;ECO:0007744
Q13415,537,Binding site,ECO:0000269;ECO:0007744
Q13415,538,Binding site,ECO:0000269;ECO:0007744
Q13415,539,Binding site,ECO:0000269;ECO:0007744
Q13415,540,Binding site,ECO:0000269;ECO:0007744
Q13415,541,Binding site,ECO:0000269;ECO:0007744
Q13415,542,Binding site,ECO:0000269;ECO:0007744
Q13415,620,Binding site,ECO:0000269;ECO:0007744
Q13415,621,Binding site,ECO:0000269;ECO:0007744
Q13415,621,Binding site,ECO:0000269;ECO:0007744
Q13415,654,Binding site,ECO:0000269;ECO:0007744
Q13415,720,Binding site,ECO:0000269;ECO:0007744
Q13443,348,Active site,ECO:0000255
Q13443,347,Binding site,ECO:0000250
Q13443,351,Binding site,ECO:0000250
Q13443,357,Binding site,ECO:0000250
Q13459,239,Binding site,ECO:0000255
Q13459,240,Binding site,ECO:0000255
Q13459,241,Binding site,ECO:0000255
Q13459,242,Binding site,ECO:0000255
Q13459,243,Binding site,ECO:0000255
Q13459,244,Binding site,ECO:0000255
Q13459,245,Binding site,ECO:0000255
Q13459,246,Binding site,ECO:0000255
Q13501,128,Binding site,ECO:0000255
Q13501,131,Binding site,ECO:0000255
Q13501,142,Binding site,ECO:0000255
Q13501,145,Binding site,ECO:0000255
Q13501,151,Binding site,ECO:0000255
Q13501,154,Binding site,ECO:0000255
Q13501,160,Binding site,ECO:0000255
Q13501,163,Binding site,ECO:0000255
Q13546,138,Active site,ECO:0000255
Q13546,23,Binding site,ECO:0000255
Q13546,24,Binding site,ECO:0000255
Q13546,25,Binding site,ECO:0000255
Q13546,26,Binding site,ECO:0000255
Q13546,27,Binding site,ECO:0000255
Q13546,28,Binding site,ECO:0000255
Q13546,29,Binding site,ECO:0000255
Q13546,30,Binding site,ECO:0000255
Q13546,31,Binding site,ECO:0000255
Q13546,45,Binding site,ECO:0000255
Q13547,141,Active site,ECO:0000269
Q13547,27,Binding site,ECO:0000250
Q13547,31,Binding site,ECO:0000250
Q13547,176,Binding site,ECO:0000250
Q13547,178,Binding site,ECO:0000250
Q13547,264,Binding site,ECO:0000250
Q13547,270,Binding site,ECO:0000250
Q13555,136,Active site,ECO:0000255
Q13555,20,Binding site,ECO:0000255
Q13555,21,Binding site,ECO:0000255
Q13555,22,Binding site,ECO:0000255
Q13555,23,Binding site,ECO:0000255
Q13555,24,Binding site,ECO:0000255
Q13555,25,Binding site,ECO:0000255
Q13555,26,Binding site,ECO:0000255
Q13555,27,Binding site,ECO:0000255
Q13555,28,Binding site,ECO:0000255
Q13555,43,Binding site,ECO:0000255
Q13563,557,Binding site,ECO:0000269;ECO:0007744
Q13563,641,Binding site,ECO:0000269;ECO:0007744
Q13563,763,Binding site,ECO:0000269;ECO:0007744
Q13563,765,Binding site,ECO:0000269;ECO:0007744
Q13563,767,Binding site,ECO:0000269;ECO:0007744
Q13563,769,Binding site,ECO:0000269;ECO:0007744
Q13563,774,Binding site,ECO:0000269;ECO:0007744
Q13586,76,Binding site,ECO:0000269;ECO:0007744
Q13586,78,Binding site,ECO:0000269;ECO:0007744
Q13586,80,Binding site,ECO:0000269;ECO:0007744
Q13586,82,Binding site,ECO:0000269;ECO:0007744
Q13586,87,Binding site,ECO:0000269;ECO:0007744
Q13596,186,Binding site,ECO:0000250
Q13596,188,Binding site,ECO:0000250
Q13596,214,Binding site,ECO:0000250
Q13596,238,Binding site,ECO:0000250
Q13613,438,Active site,ECO:0000255;ECO:0000305
Q13613,351,Binding site,ECO:0000250
Q13613,376,Binding site,ECO:0000250
Q13613,377,Binding site,ECO:0000250
Q13613,439,Binding site,ECO:0000250
Q13613,439,Binding site,ECO:0000269;ECO:0007744
Q13613,440,Binding site,ECO:0000250
Q13613,441,Binding site,ECO:0000250
Q13613,441,Binding site,ECO:0000269;ECO:0007744
Q13613,442,Binding site,ECO:0000250
Q13613,442,Binding site,ECO:0000269;ECO:0007744
Q13613,443,Binding site,ECO:0000250
Q13613,443,Binding site,ECO:0000269;ECO:0007744
Q13613,444,Binding site,ECO:0000250
Q13613,444,Binding site,ECO:0000269;ECO:0007744
Q13613,484,Binding site,ECO:0000250
Q13614,417,Active site,ECO:0000269
Q13614,330,Binding site,ECO:0000305;ECO:0007744
Q13614,330,Binding site,ECO:0000305;ECO:0007744
Q13614,355,Binding site,ECO:0000305;ECO:0007744
Q13614,355,Binding site,ECO:0000305;ECO:0007744
Q13614,356,Binding site,ECO:0000305;ECO:0007744
Q13614,356,Binding site,ECO:0000305;ECO:0007744
Q13614,418,Binding site,ECO:0000305;ECO:0007744
Q13614,418,Binding site,ECO:0000305;ECO:0007744
Q13614,419,Binding site,ECO:0000305;ECO:0007744
Q13614,419,Binding site,ECO:0000305;ECO:0007744
Q13614,420,Binding site,ECO:0000305;ECO:0007744
Q13614,420,Binding site,ECO:0000305;ECO:0007744
Q13614,421,Binding site,ECO:0000305;ECO:0007744
Q13614,421,Binding site,ECO:0000305;ECO:0007744
Q13614,422,Binding site,ECO:0000305;ECO:0007744
Q13614,422,Binding site,ECO:0000305;ECO:0007744
Q13614,423,Binding site,ECO:0000305;ECO:0007744
Q13614,423,Binding site,ECO:0000305;ECO:0007744
Q13614,459,Binding site,ECO:0000305;ECO:0007744
Q13614,463,Binding site,ECO:0000305;ECO:0007744
Q13614,463,Binding site,ECO:0000305;ECO:0007744
Q13615,413,Active site,ECO:0000255;ECO:0000305
Q13615,326,Binding site,ECO:0000250
Q13615,326,Binding site,ECO:0000250
Q13615,351,Binding site,ECO:0000250
Q13615,351,Binding site,ECO:0000250
Q13615,352,Binding site,ECO:0000250
Q13615,352,Binding site,ECO:0000250
Q13615,414,Binding site,ECO:0000250
Q13615,414,Binding site,ECO:0000250
Q13615,415,Binding site,ECO:0000250
Q13615,415,Binding site,ECO:0000250
Q13615,416,Binding site,ECO:0000250
Q13615,416,Binding site,ECO:0000250
Q13615,417,Binding site,ECO:0000250
Q13615,417,Binding site,ECO:0000250
Q13615,418,Binding site,ECO:0000250
Q13615,418,Binding site,ECO:0000250
Q13615,419,Binding site,ECO:0000250
Q13615,419,Binding site,ECO:0000250
Q13615,455,Binding site,ECO:0000250
Q13615,459,Binding site,ECO:0000250
Q13615,459,Binding site,ECO:0000250
Q13615,1125,Binding site,ECO:0000255
Q13615,1128,Binding site,ECO:0000255
Q13615,1141,Binding site,ECO:0000255
Q13615,1144,Binding site,ECO:0000255
Q13615,1149,Binding site,ECO:0000255
Q13615,1152,Binding site,ECO:0000255
Q13615,1171,Binding site,ECO:0000255
Q13615,1174,Binding site,ECO:0000255
Q13813,2336,Binding site,ECO:0000255
Q13813,2338,Binding site,ECO:0000255
Q13813,2340,Binding site,ECO:0000255
Q13813,2342,Binding site,ECO:0000255
Q13813,2347,Binding site,ECO:0000255
Q13813,2379,Binding site,ECO:0000255
Q13813,2381,Binding site,ECO:0000255
Q13813,2383,Binding site,ECO:0000255
Q13813,2385,Binding site,ECO:0000255
Q13813,2390,Binding site,ECO:0000255
Q14004,837,Active site,ECO:0000255
Q14004,711,Binding site,ECO:0000255
Q14004,712,Binding site,ECO:0000255
Q14004,713,Binding site,ECO:0000255
Q14004,714,Binding site,ECO:0000255
Q14004,715,Binding site,ECO:0000255
Q14004,716,Binding site,ECO:0000255
Q14004,717,Binding site,ECO:0000255
Q14004,718,Binding site,ECO:0000255
Q14004,719,Binding site,ECO:0000255
Q14004,734,Binding site,ECO:0000255
Q14141,49,Binding site,ECO:0000269
Q14141,50,Binding site,ECO:0000269
Q14141,51,Binding site,ECO:0000269
Q14141,52,Binding site,ECO:0000269
Q14141,53,Binding site,ECO:0000269
Q14141,54,Binding site,ECO:0000269
Q14141,55,Binding site,ECO:0000269
Q14141,56,Binding site,ECO:0000269
Q14141,104,Binding site,ECO:0000250
Q14141,185,Binding site,ECO:0000269
Q14141,186,Binding site,ECO:0000269
Q14141,187,Binding site,ECO:0000269
Q14141,188,Binding site,ECO:0000269
Q14141,189,Binding site,ECO:0000269
Q14141,190,Binding site,ECO:0000269
Q14141,191,Binding site,ECO:0000269
Q14141,192,Binding site,ECO:0000269
Q14141,193,Binding site,ECO:0000269
Q14141,239,Binding site,ECO:0000250
Q14141,254,Binding site,ECO:0000250
Q14147,185,Binding site,ECO:0000255
Q14147,186,Binding site,ECO:0000255
Q14147,187,Binding site,ECO:0000255
Q14147,188,Binding site,ECO:0000255
Q14147,189,Binding site,ECO:0000255
Q14147,190,Binding site,ECO:0000255
Q14147,191,Binding site,ECO:0000255
Q14147,192,Binding site,ECO:0000255
Q14149,413,Binding site,ECO:0000255
Q14149,416,Binding site,ECO:0000255
Q14149,435,Binding site,ECO:0000255
Q14149,446,Binding site,ECO:0000255
Q14164,135,Active site,ECO:0000255
Q14164,15,Binding site,ECO:0000255
Q14164,16,Binding site,ECO:0000255
Q14164,17,Binding site,ECO:0000255
Q14164,18,Binding site,ECO:0000255
Q14164,19,Binding site,ECO:0000255
Q14164,20,Binding site,ECO:0000255
Q14164,21,Binding site,ECO:0000255
Q14164,22,Binding site,ECO:0000255
Q14164,23,Binding site,ECO:0000255
Q14164,38,Binding site,ECO:0000305
Q14166,450,Binding site,ECO:0000250
Q14166,451,Binding site,ECO:0000250
Q14166,452,Binding site,ECO:0000250
Q14166,453,Binding site,ECO:0000250
Q14166,468,Binding site,ECO:0000250
Q14166,470,Binding site,ECO:0000250
Q14183,120,Binding site,ECO:0000255
Q14183,126,Binding site,ECO:0000255
Q14183,181,Binding site,ECO:0000255
Q14183,183,Binding site,ECO:0000255
Q14183,282,Binding site,ECO:0000255
Q14183,282,Binding site,ECO:0000255
Q14183,288,Binding site,ECO:0000255
Q14183,342,Binding site,ECO:0000255
Q14183,342,Binding site,ECO:0000255
Q14183,344,Binding site,ECO:0000255
Q14183,344,Binding site,ECO:0000255
Q14183,350,Binding site,ECO:0000255
Q14257,74,Binding site,ECO:0000255
Q14257,76,Binding site,ECO:0000255
Q14257,78,Binding site,ECO:0000255
Q14257,85,Binding site,ECO:0000255
Q14257,110,Binding site,ECO:0000255
Q14257,112,Binding site,ECO:0000255
Q14257,114,Binding site,ECO:0000255
Q14257,116,Binding site,ECO:0000255
Q14257,121,Binding site,ECO:0000255
Q14257,164,Binding site,ECO:0000305
Q14257,173,Binding site,ECO:0000305
Q14257,199,Binding site,ECO:0000255
Q14257,201,Binding site,ECO:0000255
Q14257,203,Binding site,ECO:0000255
Q14257,210,Binding site,ECO:0000255
Q14257,240,Binding site,ECO:0000255
Q14257,242,Binding site,ECO:0000255
Q14257,244,Binding site,ECO:0000255
Q14257,246,Binding site,ECO:0000255
Q14257,251,Binding site,ECO:0000255
Q14257,276,Binding site,ECO:0000255
Q14257,278,Binding site,ECO:0000255
Q14257,280,Binding site,ECO:0000255
Q14257,282,Binding site,ECO:0000255
Q14257,287,Binding site,ECO:0000255
Q14258,13,Binding site,ECO:0007744
Q14258,16,Binding site,ECO:0007744
Q14258,28,Binding site,ECO:0007744
Q14258,30,Binding site,ECO:0007744
Q14258,33,Binding site,ECO:0007744
Q14258,36,Binding site,ECO:0007744
Q14258,50,Binding site,ECO:0007744
Q14258,53,Binding site,ECO:0007744
Q14289,549,Active site,ECO:0000255
Q14289,431,Binding site,ECO:0000269;ECO:0007744
Q14289,432,Binding site,ECO:0000269;ECO:0007744
Q14289,433,Binding site,ECO:0000269;ECO:0007744
Q14289,434,Binding site,ECO:0000269;ECO:0007744
Q14289,435,Binding site,ECO:0000269;ECO:0007744
Q14289,436,Binding site,ECO:0000269;ECO:0007744
Q14289,437,Binding site,ECO:0000269;ECO:0007744
Q14289,438,Binding site,ECO:0000269;ECO:0007744
Q14289,439,Binding site,ECO:0000269;ECO:0007744
Q14289,457,Binding site,ECO:0000269;ECO:0007744
Q14289,503,Binding site,ECO:0000269;ECO:0007744
Q14289,504,Binding site,ECO:0000269;ECO:0007744
Q14289,505,Binding site,ECO:0000269;ECO:0007744
Q14289,506,Binding site,ECO:0000269;ECO:0007744
Q14289,507,Binding site,ECO:0000269;ECO:0007744
Q14289,508,Binding site,ECO:0000269;ECO:0007744
Q14289,509,Binding site,ECO:0000269;ECO:0007744
Q14318,149,Binding site,
Q14318,151,Binding site,
Q14344,58,Binding site,ECO:0000250
Q14344,59,Binding site,ECO:0000250
Q14344,60,Binding site,ECO:0000250
Q14344,61,Binding site,ECO:0000250
Q14344,62,Binding site,ECO:0000250
Q14344,63,Binding site,ECO:0000250
Q14344,62,Binding site,ECO:0000250
Q14344,173,Binding site,ECO:0000250
Q14344,197,Binding site,ECO:0000250
Q14344,198,Binding site,ECO:0000250
Q14344,199,Binding site,ECO:0000250
Q14344,200,Binding site,ECO:0000250
Q14344,203,Binding site,ECO:0000250
Q14344,291,Binding site,ECO:0000250
Q14344,292,Binding site,ECO:0000250
Q14344,293,Binding site,ECO:0000250
Q14344,294,Binding site,ECO:0000250
Q14344,349,Binding site,ECO:0000250
Q14562,588,Binding site,ECO:0000255
Q14562,589,Binding site,ECO:0000255
Q14562,590,Binding site,ECO:0000255
Q14562,591,Binding site,ECO:0000255
Q14562,592,Binding site,ECO:0000255
Q14562,593,Binding site,ECO:0000255
Q14562,594,Binding site,ECO:0000255
Q14562,595,Binding site,ECO:0000255
Q14566,359,Binding site,ECO:0000305;ECO:0007744
Q14566,399,Binding site,ECO:0000305;ECO:0007744
Q14566,400,Binding site,ECO:0000305;ECO:0007744
Q14566,401,Binding site,ECO:0000305;ECO:0007744
Q14566,402,Binding site,ECO:0000305;ECO:0007744
Q14566,403,Binding site,ECO:0000305;ECO:0007744
Q14566,504,Binding site,ECO:0000305;ECO:0007744
Q14566,619,Binding site,ECO:0000305;ECO:0007744
Q14566,622,Binding site,ECO:0000305;ECO:0007744
Q14573,266,Binding site,ECO:0000269;ECO:0007744
Q14573,268,Binding site,ECO:0000269;ECO:0007744
Q14573,269,Binding site,ECO:0000269;ECO:0007744
Q14573,270,Binding site,ECO:0000269;ECO:0007744
Q14573,503,Binding site,ECO:0000269;ECO:0000305;ECO:0007744
Q14573,507,Binding site,ECO:0000269;ECO:0007744
Q14573,510,Binding site,ECO:0000269;ECO:0007744
Q14573,567,Binding site,ECO:0000269;ECO:0007744
Q14573,568,Binding site,ECO:0000269;ECO:0007744
Q14573,569,Binding site,ECO:0000269;ECO:0007744
Q14573,743,Binding site,ECO:0000269;ECO:0007744
Q14573,1122,Binding site,ECO:0000269;ECO:0007744
Q14573,1125,Binding site,ECO:0000269;ECO:0007744
Q14573,1882,Binding site,ECO:0000269;ECO:0007744
Q14573,1946,Binding site,ECO:0000269;ECO:0007744
Q14573,1996,Binding site,ECO:0000269;ECO:0007744
Q14573,2149,Binding site,ECO:0000269;ECO:0007744
Q14573,2152,Binding site,ECO:0000269;ECO:0007744
Q14573,2538,Binding site,ECO:0000269;ECO:0007744
Q14573,2538,Binding site,ECO:0000269;ECO:0007744
Q14573,2539,Binding site,ECO:0000269;ECO:0007744
Q14573,2541,Binding site,ECO:0000269;ECO:0007744
Q14573,2558,Binding site,ECO:0000269;ECO:0007744
Q14573,2560,Binding site,ECO:0000269;ECO:0007744
Q14573,2563,Binding site,ECO:0000269;ECO:0007744
Q14573,2563,Binding site,ECO:0000269;ECO:0007744
Q14573,2564,Binding site,ECO:0000269;ECO:0000312;ECO:0007744
Q14573,2565,Binding site,ECO:0000269;ECO:0007744
Q14573,2581,Binding site,ECO:0000269;ECO:0007744
Q14644,687,Binding site,ECO:0000255
Q14644,698,Binding site,ECO:0000255
Q14644,699,Binding site,ECO:0000255
Q14644,709,Binding site,ECO:0000255
Q14669,2034,Active site,ECO:0000269
Q14674,2029,Active site,
Q14680,132,Active site,ECO:0000255
Q14680,17,Binding site,ECO:0000255
Q14680,18,Binding site,ECO:0000255
Q14680,19,Binding site,ECO:0000255
Q14680,20,Binding site,ECO:0000255
Q14680,21,Binding site,ECO:0000255
Q14680,22,Binding site,ECO:0000255
Q14680,23,Binding site,ECO:0000255
Q14680,24,Binding site,ECO:0000255
Q14680,25,Binding site,ECO:0000255
Q14680,40,Binding site,ECO:0000255
Q14693,678,Binding site,ECO:0000255
Q14693,680,Binding site,ECO:0000255
Q14693,800,Binding site,ECO:0000255
Q14694,424,Active site,ECO:0000305
Q14694,749,Active site,ECO:0000255
Q14807,127,Binding site,ECO:0000255
Q14807,128,Binding site,ECO:0000255
Q14807,129,Binding site,ECO:0000255
Q14807,130,Binding site,ECO:0000255
Q14807,131,Binding site,ECO:0000255
Q14807,132,Binding site,ECO:0000255
Q14807,133,Binding site,ECO:0000255
Q14807,134,Binding site,ECO:0000255
Q15036,36,Binding site,ECO:0000250
Q15036,38,Binding site,ECO:0000250
Q15036,62,Binding site,ECO:0000250
Q15036,75,Binding site,ECO:0000250
Q15067,421,Active site,ECO:0000250
Q15067,139,Binding site,ECO:0000250
Q15067,178,Binding site,ECO:0000250
Q15262,1082,Active site,ECO:0000250
Q15262,1376,Active site,ECO:0000250
Q15262,1050,Binding site,ECO:0000250
Q15262,1082,Binding site,ECO:0000250
Q15262,1083,Binding site,ECO:0000250
Q15262,1084,Binding site,ECO:0000250
Q15262,1085,Binding site,ECO:0000250
Q15262,1086,Binding site,ECO:0000250
Q15262,1087,Binding site,ECO:0000250
Q15262,1088,Binding site,ECO:0000250
Q15262,1126,Binding site,ECO:0000250
Q15311,69,Binding site,ECO:0000305
Q15311,70,Binding site,ECO:0000305
Q15311,71,Binding site,ECO:0000305
Q15311,72,Binding site,ECO:0000305
Q15311,73,Binding site,ECO:0000305
Q15311,74,Binding site,ECO:0000305
Q15311,418,Binding site,ECO:0000305
Q15311,419,Binding site,ECO:0000305
Q15311,420,Binding site,ECO:0000305
Q15311,421,Binding site,ECO:0000305
Q15311,422,Binding site,ECO:0000305
Q15311,423,Binding site,ECO:0000305
Q15311,424,Binding site,ECO:0000305
Q15311,425,Binding site,ECO:0000305
Q15645,179,Binding site,ECO:0000255
Q15645,180,Binding site,ECO:0000255
Q15645,181,Binding site,ECO:0000255
Q15645,182,Binding site,ECO:0000255
Q15645,183,Binding site,ECO:0000255
Q15645,184,Binding site,ECO:0000255
Q15645,185,Binding site,ECO:0000255
Q15645,186,Binding site,ECO:0000255
Q15746,1585,Active site,ECO:0000255
Q15746,1470,Binding site,ECO:0000255
Q15746,1471,Binding site,ECO:0000255
Q15746,1472,Binding site,ECO:0000255
Q15746,1473,Binding site,ECO:0000255
Q15746,1474,Binding site,ECO:0000255
Q15746,1475,Binding site,ECO:0000255
Q15746,1476,Binding site,ECO:0000255
Q15746,1477,Binding site,ECO:0000255
Q15746,1478,Binding site,ECO:0000255
Q15746,1493,Binding site,ECO:0000255
Q15751,4811,Active site,ECO:0000255
Q15758,135,Binding site,ECO:0000269;ECO:0007744
Q15758,138,Binding site,ECO:0000269;ECO:0007744
Q15758,139,Binding site,ECO:0000269;ECO:0007744
Q15758,351,Binding site,ECO:0000269;ECO:0007744
Q15758,351,Binding site,ECO:0000269;ECO:0007744
Q15758,353,Binding site,ECO:0000269;ECO:0007744
Q15758,353,Binding site,ECO:0000269;ECO:0007744
Q15758,382,Binding site,ECO:0000269;ECO:0007744
Q15758,384,Binding site,ECO:0000269;ECO:0007744
Q15758,386,Binding site,ECO:0000269;ECO:0007744
Q15758,386,Binding site,ECO:0000269;ECO:0007744
Q15758,388,Binding site,ECO:0000269;ECO:0007744
Q15758,425,Binding site,ECO:0000269;ECO:0007744
Q15758,426,Binding site,ECO:0000269;ECO:0007744
Q15758,428,Binding site,ECO:0000269;ECO:0007744
Q15758,431,Binding site,ECO:0000269;ECO:0007744
Q15758,431,Binding site,ECO:0000269;ECO:0007744
Q15758,464,Binding site,ECO:0000269;ECO:0007744
Q15758,464,Binding site,ECO:0000269;ECO:0007744
Q15758,468,Binding site,ECO:0000269;ECO:0007744
Q15758,468,Binding site,ECO:0000269;ECO:0007744
Q15758,471,Binding site,ECO:0000269;ECO:0007744
Q15758,471,Binding site,ECO:0000269;ECO:0007744
Q15758,471,Binding site,ECO:0000269;ECO:0007744
Q15758,475,Binding site,ECO:0000269;ECO:0007744
Q15811,66,Binding site,ECO:0000255
Q15811,68,Binding site,ECO:0000255
Q15811,70,Binding site,ECO:0000255
Q15811,72,Binding site,ECO:0000255
Q15811,77,Binding site,ECO:0000255
Q15811,267,Binding site,ECO:0000255
Q15811,269,Binding site,ECO:0000255
Q15811,271,Binding site,ECO:0000255
Q15811,273,Binding site,ECO:0000255
Q15811,278,Binding site,ECO:0000255
Q15811,1667,Binding site,ECO:0000255
Q15811,1670,Binding site,ECO:0000255
Q15811,1673,Binding site,ECO:0000255
Q15831,176,Active site,
Q15831,55,Binding site,ECO:0000255
Q15831,56,Binding site,ECO:0000255
Q15831,57,Binding site,ECO:0000255
Q15831,58,Binding site,ECO:0000255
Q15831,59,Binding site,ECO:0000255
Q15831,60,Binding site,ECO:0000255
Q15831,61,Binding site,ECO:0000255
Q15831,62,Binding site,ECO:0000255
Q15831,63,Binding site,ECO:0000255
Q15831,78,Binding site,ECO:0000305
Q16512,740,Active site,ECO:0000255
Q16512,621,Binding site,ECO:0000255
Q16512,622,Binding site,ECO:0000255
Q16512,623,Binding site,ECO:0000255
Q16512,624,Binding site,ECO:0000255
Q16512,625,Binding site,ECO:0000255
Q16512,626,Binding site,ECO:0000255
Q16512,627,Binding site,ECO:0000255
Q16512,628,Binding site,ECO:0000255
Q16512,629,Binding site,ECO:0000255
Q16512,644,Binding site,ECO:0000255
Q16513,782,Active site,ECO:0000255
Q16513,663,Binding site,ECO:0000255
Q16513,664,Binding site,ECO:0000255
Q16513,665,Binding site,ECO:0000255
Q16513,666,Binding site,ECO:0000255
Q16513,667,Binding site,ECO:0000255
Q16513,668,Binding site,ECO:0000255
Q16513,669,Binding site,ECO:0000255
Q16513,670,Binding site,ECO:0000255
Q16513,671,Binding site,ECO:0000255
Q16513,686,Binding site,ECO:0000255
Q16566,164,Active site,ECO:0000255
Q16566,52,Binding site,ECO:0000255
Q16566,53,Binding site,ECO:0000255
Q16566,54,Binding site,ECO:0000255
Q16566,55,Binding site,ECO:0000255
Q16566,56,Binding site,ECO:0000255
Q16566,57,Binding site,ECO:0000255
Q16566,58,Binding site,ECO:0000255
Q16566,59,Binding site,ECO:0000255
Q16566,60,Binding site,ECO:0000255
Q16566,75,Binding site,ECO:0000255
Q16584,241,Active site,ECO:0000250;ECO:0000255
Q16584,123,Binding site,ECO:0000250;ECO:0000255
Q16584,124,Binding site,ECO:0000250;ECO:0000255
Q16584,125,Binding site,ECO:0000250;ECO:0000255
Q16584,126,Binding site,ECO:0000250;ECO:0000255
Q16584,127,Binding site,ECO:0000250;ECO:0000255
Q16584,128,Binding site,ECO:0000250;ECO:0000255
Q16584,129,Binding site,ECO:0000250;ECO:0000255
Q16584,130,Binding site,ECO:0000250;ECO:0000255
Q16584,131,Binding site,ECO:0000250;ECO:0000255
Q16584,144,Binding site,ECO:0000255;ECO:0000269
Q17RY0,667,Binding site,ECO:0000250
Q17RY0,675,Binding site,ECO:0000250
Q17RY0,684,Binding site,ECO:0000250
Q17RY0,689,Binding site,ECO:0000250
Q17RY0,694,Binding site,ECO:0000250
Q17RY0,697,Binding site,ECO:0000250
Q17RY0,702,Binding site,ECO:0000250
Q17RY0,710,Binding site,ECO:0000250
Q1RMZ1,95,Binding site,ECO:0000255;ECO:0000305
Q1RMZ1,172,Binding site,ECO:0000255;ECO:0000269
Q1RMZ1,190,Binding site,ECO:0000255;ECO:0000269
Q1RMZ1,202,Binding site,ECO:0000255;ECO:0000305
Q1RMZ1,203,Binding site,ECO:0000255
Q1RMZ1,244,Binding site,ECO:0000255
Q2M1P5,94,Binding site,ECO:0000255
Q2M1P5,95,Binding site,ECO:0000255
Q2M1P5,96,Binding site,ECO:0000255
Q2M1P5,97,Binding site,ECO:0000255
Q2M1P5,98,Binding site,ECO:0000255
Q2M1P5,99,Binding site,ECO:0000255
Q2M1P5,100,Binding site,ECO:0000255
Q2M1P5,101,Binding site,ECO:0000255
Q2M2I8,176,Active site,ECO:0000255
Q2M2I8,52,Binding site,ECO:0000255
Q2M2I8,53,Binding site,ECO:0000255
Q2M2I8,54,Binding site,ECO:0000255
Q2M2I8,55,Binding site,ECO:0000255
Q2M2I8,56,Binding site,ECO:0000255
Q2M2I8,57,Binding site,ECO:0000255
Q2M2I8,58,Binding site,ECO:0000255
Q2M2I8,59,Binding site,ECO:0000255
Q2M2I8,60,Binding site,ECO:0000255
Q2M2I8,74,Binding site,ECO:0000255
Q2NKX8,122,Binding site,ECO:0000305
Q2NKX8,123,Binding site,ECO:0000305
Q2NKX8,124,Binding site,ECO:0000305
Q2NKX8,125,Binding site,ECO:0000305
Q2NKX8,126,Binding site,ECO:0000305
Q2NKX8,127,Binding site,ECO:0000305
Q2NKX8,128,Binding site,ECO:0000305
Q2NKX8,129,Binding site,ECO:0000305
Q2Y0W8,167,Binding site,ECO:0000305
Q2Y0W8,169,Binding site,ECO:0000305
Q2YD98,567,Binding site,ECO:0000255;ECO:0000269;ECO:0007744
Q2YD98,577,Binding site,ECO:0000255;ECO:0000269;ECO:0007744
Q2YD98,585,Binding site,ECO:0000255;ECO:0000269;ECO:0007744
Q2YD98,588,Binding site,ECO:0000255;ECO:0000269;ECO:0007744
Q3L8U1,885,Binding site,ECO:0000255
Q3L8U1,886,Binding site,ECO:0000255
Q3L8U1,887,Binding site,ECO:0000255
Q3L8U1,888,Binding site,ECO:0000255
Q3L8U1,889,Binding site,ECO:0000255
Q3L8U1,890,Binding site,ECO:0000255
Q3L8U1,891,Binding site,ECO:0000255
Q3L8U1,892,Binding site,ECO:0000255
Q3YEC7,55,Binding site,ECO:0000250
Q3YEC7,56,Binding site,ECO:0000250
Q3YEC7,57,Binding site,ECO:0000250
Q3YEC7,57,Binding site,ECO:0000250
Q3YEC7,70,Binding site,ECO:0000250
Q3YEC7,75,Binding site,ECO:0000250
Q3YEC7,75,Binding site,ECO:0000250
Q3YEC7,100,Binding site,ECO:0000250
Q3YEC7,176,Binding site,ECO:0000250
Q3YEC7,179,Binding site,ECO:0000250
Q3YEC7,215,Binding site,ECO:0000250
Q460N5,824,Binding site,ECO:0000269;ECO:0007744
Q460N5,833,Binding site,ECO:0000269;ECO:0007744
Q460N5,922,Binding site,ECO:0000269;ECO:0007744
Q460N5,923,Binding site,ECO:0000269;ECO:0007744
Q460N5,924,Binding site,ECO:0000269;ECO:0007744
Q460N5,925,Binding site,ECO:0000269;ECO:0007744
Q460N5,926,Binding site,ECO:0000269;ECO:0007744
Q460N5,961,Binding site,ECO:0000269;ECO:0007744
Q460N5,1023,Binding site,ECO:0000269;ECO:0007744
Q460N5,1024,Binding site,ECO:0000269;ECO:0007744
Q460N5,1034,Binding site,ECO:0000269;ECO:0007744
Q460N5,1046,Binding site,ECO:0000269;ECO:0007744
Q460N5,1047,Binding site,ECO:0000269;ECO:0007744
Q460N5,1048,Binding site,ECO:0000269;ECO:0007744
Q460N5,1049,Binding site,ECO:0000269;ECO:0007744
Q460N5,1133,Binding site,ECO:0000269;ECO:0007744
Q460N5,1134,Binding site,ECO:0000269;ECO:0007744
Q460N5,1135,Binding site,ECO:0000269;ECO:0007744
Q460N5,1136,Binding site,ECO:0000269;ECO:0007744
Q460N5,1137,Binding site,ECO:0000269;ECO:0007744
Q460N5,1175,Binding site,ECO:0000269;ECO:0007744
Q460N5,1176,Binding site,ECO:0000269;ECO:0007744
Q460N5,1177,Binding site,ECO:0000269;ECO:0007744
Q460N5,1178,Binding site,ECO:0000269;ECO:0007744
Q460N5,1235,Binding site,ECO:0000269;ECO:0007744
Q460N5,1236,Binding site,ECO:0000269;ECO:0007744
Q460N5,1247,Binding site,ECO:0000269;ECO:0007744
Q460N5,1258,Binding site,ECO:0000269;ECO:0007744
Q460N5,1332,Binding site,ECO:0000269;ECO:0007744
Q460N5,1333,Binding site,ECO:0000269;ECO:0007744
Q460N5,1334,Binding site,ECO:0000269;ECO:0007744
Q460N5,1335,Binding site,ECO:0000269;ECO:0007744
Q460N5,1336,Binding site,ECO:0000269;ECO:0007744
Q460N5,1371,Binding site,ECO:0000269;ECO:0007744
Q49A26,271,Binding site,ECO:0000269;ECO:0007744
Q49A26,272,Binding site,ECO:0000269;ECO:0007744
Q49A26,273,Binding site,ECO:0000269;ECO:0007744
Q49A26,274,Binding site,ECO:0000269;ECO:0007744
Q49A26,275,Binding site,ECO:0000269;ECO:0007744
Q49A26,276,Binding site,ECO:0000269;ECO:0007744
Q49A26,277,Binding site,ECO:0000269;ECO:0007744
Q49A26,278,Binding site,ECO:0000269;ECO:0007744
Q49A26,279,Binding site,ECO:0000269;ECO:0007744
Q49A26,280,Binding site,ECO:0000269;ECO:0007744
Q49A26,281,Binding site,ECO:0000269;ECO:0007744
Q49A26,282,Binding site,ECO:0000269;ECO:0007744
Q49A26,283,Binding site,ECO:0000269;ECO:0007744
Q49A26,284,Binding site,ECO:0000269;ECO:0007744
Q49A26,285,Binding site,ECO:0000269;ECO:0007744
Q49A26,362,Binding site,ECO:0000269;ECO:0007744
Q49A26,505,Binding site,ECO:0000269;ECO:0007744
Q4KWH8,314,Active site,ECO:0000255
Q4KWH8,358,Active site,ECO:0000255
Q4KWH8,155,Binding site,ECO:0000255
Q4KWH8,157,Binding site,ECO:0000255
Q4KWH8,159,Binding site,ECO:0000255
Q4KWH8,166,Binding site,ECO:0000255
Q4KWH8,315,Binding site,ECO:0000250
Q4KWH8,344,Binding site,ECO:0000250
Q4KWH8,346,Binding site,ECO:0000250
Q4KWH8,393,Binding site,ECO:0000250
Q4KWH8,442,Binding site,ECO:0000250
Q4KWH8,444,Binding site,ECO:0000250
Q4KWH8,627,Binding site,ECO:0000250
Q4KWH8,654,Binding site,ECO:0000250
Q4KWH8,758,Binding site,ECO:0000250
Q4KWH8,760,Binding site,ECO:0000250
Q4KWH8,784,Binding site,ECO:0000250
Q4KWH8,813,Binding site,ECO:0000250
Q4KWH8,814,Binding site,ECO:0000250
Q4KWH8,815,Binding site,ECO:0000250
Q5D1E8,226,Binding site,ECO:0000269
Q5FWF5,772,Binding site,ECO:0000269;ECO:0007744
Q5FWF5,773,Binding site,ECO:0000269;ECO:0007744
Q5FWF5,774,Binding site,ECO:0000269;ECO:0007744
Q5FWF5,780,Binding site,ECO:0000269;ECO:0007744
Q5FWF5,781,Binding site,ECO:0000269;ECO:0007744
Q5FWF5,782,Binding site,ECO:0000269;ECO:0007744
Q5FWF5,783,Binding site,ECO:0000269;ECO:0007744
Q5FWF5,784,Binding site,ECO:0000269;ECO:0007744
Q5FWF5,785,Binding site,ECO:0000269;ECO:0007744
Q5FWF5,812,Binding site,ECO:0000269;ECO:0007744
Q5FWF5,813,Binding site,ECO:0000269;ECO:0007744
Q5FWF5,814,Binding site,ECO:0000269;ECO:0007744
Q5JPH6,40,Binding site,ECO:0000250
Q5JPH6,41,Binding site,ECO:0000250
Q5JPH6,42,Binding site,ECO:0000250
Q5JPH6,50,Binding site,ECO:0000250
Q5JPH6,76,Binding site,ECO:0000250
Q5JPH6,228,Binding site,ECO:0000250
Q5JPH6,229,Binding site,ECO:0000250
Q5JPH6,230,Binding site,ECO:0000250
Q5JPH6,231,Binding site,ECO:0000250
Q5JPH6,232,Binding site,ECO:0000250
Q5JPH6,246,Binding site,ECO:0000250
Q5JPH6,249,Binding site,ECO:0000250
Q5JPH6,284,Binding site,ECO:0000250
Q5JPH6,285,Binding site,ECO:0000250
Q5JPH6,286,Binding site,ECO:0000250
Q5JPH6,287,Binding site,ECO:0000250
Q5JPH6,288,Binding site,ECO:0000250
Q5JSP0,538,Binding site,ECO:0000255
Q5JSP0,541,Binding site,ECO:0000255
Q5JSP0,555,Binding site,ECO:0000255
Q5JSP0,558,Binding site,ECO:0000255
Q5JSP0,563,Binding site,ECO:0000255
Q5JSP0,566,Binding site,ECO:0000255
Q5JSP0,580,Binding site,ECO:0000255
Q5JSP0,583,Binding site,ECO:0000255
Q5SQI0,124,Binding site,ECO:0000255;ECO:0000269
Q5SQI0,125,Binding site,ECO:0000255;ECO:0000269
Q5SQI0,126,Binding site,ECO:0000255;ECO:0000269
Q5SQI0,127,Binding site,ECO:0000255;ECO:0000269
Q5SQI0,128,Binding site,ECO:0000255;ECO:0000269
Q5SQI0,129,Binding site,ECO:0000255;ECO:0000269
Q5SQI0,130,Binding site,ECO:0000255;ECO:0000269
Q5SQI0,131,Binding site,ECO:0000255;ECO:0000269
Q5SQI0,132,Binding site,ECO:0000255;ECO:0000269
Q5SQI0,133,Binding site,ECO:0000255;ECO:0000269
Q5SQI0,134,Binding site,ECO:0000255;ECO:0000269
Q5SQI0,135,Binding site,ECO:0000255;ECO:0000269
Q5SQI0,136,Binding site,ECO:0000255;ECO:0000269
Q5SQI0,137,Binding site,ECO:0000255;ECO:0000269
Q5SQI0,160,Binding site,ECO:0000255;ECO:0000269
Q5SQI0,161,Binding site,ECO:0000255;ECO:0000269
Q5SQI0,162,Binding site,ECO:0000255;ECO:0000269
Q5SQI0,163,Binding site,ECO:0000255;ECO:0000269
Q5SQI0,164,Binding site,ECO:0000255;ECO:0000269
Q5SQI0,165,Binding site,ECO:0000255;ECO:0000269
Q5SQI0,166,Binding site,ECO:0000255;ECO:0000269
Q5SQI0,167,Binding site,ECO:0000255;ECO:0000269
Q5SQI0,168,Binding site,ECO:0000255;ECO:0000269
Q5SQI0,169,Binding site,ECO:0000255;ECO:0000269
Q5SXM8,75,Binding site,ECO:0000255
Q5SXM8,78,Binding site,ECO:0000255
Q5SXM8,100,Binding site,ECO:0000255
Q5SXM8,103,Binding site,ECO:0000255
Q5SY16,306,Binding site,ECO:0000305
Q5SY16,307,Binding site,ECO:0000305
Q5SY16,308,Binding site,ECO:0000305
Q5SY16,309,Binding site,ECO:0000305
Q5SY16,310,Binding site,ECO:0000305
Q5SY16,311,Binding site,ECO:0000305
Q5SY16,312,Binding site,ECO:0000305
Q5SY16,313,Binding site,ECO:0000305
Q5T4F4,350,Binding site,ECO:0000255
Q5T4F4,353,Binding site,ECO:0000255
Q5T4F4,366,Binding site,ECO:0000255
Q5T4F4,369,Binding site,ECO:0000255
Q5T4F4,374,Binding site,ECO:0000255
Q5T4F4,377,Binding site,ECO:0000255
Q5T4F4,402,Binding site,ECO:0000255
Q5T4F4,405,Binding site,ECO:0000255
Q5T4S7,1662,Binding site,ECO:0007744
Q5T4S7,1679,Binding site,ECO:0007744
Q5T4S7,1682,Binding site,ECO:0007744
Q5T4S7,1691,Binding site,ECO:0007744
Q5T4S7,1694,Binding site,ECO:0007744
Q5T4S7,1694,Binding site,ECO:0007744
Q5T4S7,1698,Binding site,ECO:0007744
Q5T4S7,1699,Binding site,ECO:0007744
Q5T4S7,1702,Binding site,ECO:0007744
Q5T4S7,1714,Binding site,ECO:0007744
Q5T4S7,1716,Binding site,ECO:0007744
Q5T4S7,1724,Binding site,ECO:0007744
Q5T4S7,3532,Binding site,ECO:0000269;ECO:0007744
Q5T4S7,3535,Binding site,ECO:0000269;ECO:0007744
Q5T4S7,3660,Binding site,ECO:0000269;ECO:0007744
Q5T4S7,3663,Binding site,ECO:0000269;ECO:0007744
Q5T4S7,3674,Binding site,ECO:0000269;ECO:0007744
Q5T4S7,3677,Binding site,ECO:0000269;ECO:0007744
Q5T4S7,3684,Binding site,ECO:0000269;ECO:0007744
Q5T4S7,3687,Binding site,ECO:0000269;ECO:0007744
Q5T4S7,3700,Binding site,ECO:0000269;ECO:0007744
Q5T4S7,3703,Binding site,ECO:0000269;ECO:0007744
Q5T4S7,3872,Binding site,ECO:0000269;ECO:0007744
Q5T4S7,3875,Binding site,ECO:0000269;ECO:0007744
Q5T4S7,4838,Binding site,ECO:0000255;ECO:0000269;ECO:0007744
Q5T4S7,4841,Binding site,ECO:0000255;ECO:0000269;ECO:0007744
Q5T4S7,4887,Binding site,ECO:0000255;ECO:0000269;ECO:0007744
Q5T4S7,4890,Binding site,ECO:0000255;ECO:0000269;ECO:0007744
Q5T7B8,313,Binding site,ECO:0000255
Q5T7B8,314,Binding site,ECO:0000255
Q5T7B8,315,Binding site,ECO:0000255
Q5T7B8,316,Binding site,ECO:0000255
Q5T7B8,317,Binding site,ECO:0000255
Q5T7B8,318,Binding site,ECO:0000255
Q5T7B8,319,Binding site,ECO:0000255
Q5T7B8,320,Binding site,ECO:0000255
Q5TDH0,252,Active site,ECO:0000305
Q5VT25,201,Active site,ECO:0000250;ECO:0000255
Q5VT25,83,Binding site,ECO:0000250;ECO:0000255
Q5VT25,84,Binding site,ECO:0000250;ECO:0000255
Q5VT25,85,Binding site,ECO:0000250;ECO:0000255
Q5VT25,86,Binding site,ECO:0000250;ECO:0000255
Q5VT25,87,Binding site,ECO:0000250;ECO:0000255
Q5VT25,88,Binding site,ECO:0000250;ECO:0000255
Q5VT25,89,Binding site,ECO:0000250;ECO:0000255
Q5VT25,90,Binding site,ECO:0000250;ECO:0000255
Q5VT25,91,Binding site,ECO:0000250;ECO:0000255
Q5VT25,106,Binding site,ECO:0000255;ECO:0000269
Q5VV42,73,Binding site,ECO:0000255
Q5VV42,109,Binding site,ECO:0000255
Q5VV42,138,Binding site,ECO:0000255
Q5VV42,214,Binding site,ECO:0000255
Q5VV42,218,Binding site,ECO:0000255
Q5VV42,221,Binding site,ECO:0000255
Q5VVJ2,656,Binding site,ECO:0000255
Q5VVJ2,658,Binding site,ECO:0000255
Q5VVJ2,669,Binding site,ECO:0000255
Q5VVQ6,157,Active site,ECO:0000250
Q5VVQ6,160,Active site,ECO:0000305
Q5VVQ6,267,Active site,ECO:0000305
Q5VVQ6,342,Active site,ECO:0000250
Q5VVQ6,266,Binding site,ECO:0000269;ECO:0007744
Q5VWG9,868,Binding site,ECO:0007744
Q5VWG9,871,Binding site,ECO:0007744
Q5VWG9,883,Binding site,ECO:0007744
Q5VWG9,886,Binding site,ECO:0007744
Q5VWG9,891,Binding site,ECO:0007744
Q5VWG9,894,Binding site,ECO:0007744
Q5VWG9,909,Binding site,ECO:0007744
Q5VWG9,912,Binding site,ECO:0007744
Q5VYS8,1047,Binding site,ECO:0007744
Q5VYS8,1048,Binding site,ECO:0007744
Q5VYS8,1049,Binding site,ECO:0007744
Q5VYS8,1050,Binding site,ECO:0007744
Q5VYS8,1057,Binding site,ECO:0007744
Q5VYS8,1058,Binding site,ECO:0007744
Q5VYS8,1059,Binding site,ECO:0007744
Q5VYS8,1060,Binding site,ECO:0007744
Q5VYS8,1058,Binding site,ECO:0000250
Q5VYS8,1060,Binding site,ECO:0000250
Q5VYS8,1130,Binding site,ECO:0007744
Q5VYS8,1152,Binding site,ECO:0007744
Q5VYS8,1170,Binding site,ECO:0007744
Q5VYS8,1171,Binding site,ECO:0007744
Q5VYS8,1172,Binding site,ECO:0007744
Q5VYS8,1173,Binding site,ECO:0007744
Q5VYS8,1174,Binding site,ECO:0007744
Q5VYS8,1286,Binding site,ECO:0007744
Q63HN8,4516,Active site,ECO:0000255
Q63HN8,1995,Binding site,ECO:0000269;ECO:0007744
Q63HN8,1996,Binding site,ECO:0000269;ECO:0007744
Q63HN8,1997,Binding site,ECO:0000269;ECO:0007744
Q63HN8,1998,Binding site,ECO:0000269;ECO:0007744
Q63HN8,1999,Binding site,ECO:0000269;ECO:0007744
Q63HN8,1999,Binding site,ECO:0000269;ECO:0007744
Q63HN8,2098,Binding site,ECO:0000269;ECO:0007744
Q63HN8,2098,Binding site,ECO:0000269;ECO:0007744
Q63HN8,2153,Binding site,ECO:0000269;ECO:0007744
Q63HN8,2155,Binding site,ECO:0000269;ECO:0007744
Q63HN8,2216,Binding site,ECO:0000269;ECO:0007744
Q63HN8,2499,Binding site,ECO:0000269;ECO:0007744
Q63HN8,2574,Binding site,ECO:0000269;ECO:0007744
Q63HN8,3997,Binding site,ECO:0000269;ECO:0007744
Q63HN8,4000,Binding site,ECO:0000269;ECO:0007744
Q63HN8,4005,Binding site,ECO:0000269;ECO:0007744
Q63HN8,4012,Binding site,ECO:0000269;ECO:0007744
Q63HN8,4014,Binding site,ECO:0000269;ECO:0007744
Q63HN8,4017,Binding site,ECO:0000269;ECO:0007744
Q63HN8,4020,Binding site,ECO:0000269;ECO:0007744
Q63HN8,4032,Binding site,ECO:0000269;ECO:0007744
Q63HN8,4035,Binding site,ECO:0000269;ECO:0007744
Q63HN8,4505,Binding site,ECO:0000255;ECO:0000269;ECO:0007744
Q63HN8,4509,Binding site,ECO:0000255
Q63HN8,4525,Binding site,ECO:0000255;ECO:0000269;ECO:0007744
Q63HN8,4526,Binding site,ECO:0000269;ECO:0007744
Q63HN8,4528,Binding site,ECO:0000255;ECO:0000269;ECO:0007744
Q66K64,193,Binding site,ECO:0000269;ECO:0007744
Q66K64,196,Binding site,ECO:0000269;ECO:0007744
Q66K64,211,Binding site,ECO:0000269;ECO:0007744
Q66K64,214,Binding site,ECO:0000269;ECO:0007744
Q66K64,231,Binding site,ECO:0000269;ECO:0007744
Q66K64,234,Binding site,ECO:0000269;ECO:0007744
Q66K64,235,Binding site,ECO:0000269;ECO:0007744
Q68CP4,297,Active site,ECO:0000269
Q6DN12,210,Binding site,ECO:0000255
Q6DN12,210,Binding site,ECO:0000255
Q6DN12,216,Binding site,ECO:0000255
Q6DN12,263,Binding site,ECO:0000255
Q6DN12,263,Binding site,ECO:0000255
Q6DN12,265,Binding site,ECO:0000255
Q6DN12,265,Binding site,ECO:0000255
Q6DN12,270,Binding site,ECO:0000255
Q6DN12,525,Binding site,ECO:0000255
Q6DN12,525,Binding site,ECO:0000255
Q6DN12,531,Binding site,ECO:0000255
Q6DN12,577,Binding site,ECO:0000255
Q6DN12,577,Binding site,ECO:0000255
Q6DN12,579,Binding site,ECO:0000255
Q6DN12,579,Binding site,ECO:0000255
Q6DN12,585,Binding site,ECO:0000255
Q6DT37,195,Active site,ECO:0000250;ECO:0000255
Q6DT37,77,Binding site,ECO:0000250;ECO:0000255
Q6DT37,78,Binding site,ECO:0000250;ECO:0000255
Q6DT37,79,Binding site,ECO:0000250;ECO:0000255
Q6DT37,80,Binding site,ECO:0000250;ECO:0000255
Q6DT37,81,Binding site,ECO:0000250;ECO:0000255
Q6DT37,82,Binding site,ECO:0000250;ECO:0000255
Q6DT37,83,Binding site,ECO:0000250;ECO:0000255
Q6DT37,84,Binding site,ECO:0000250;ECO:0000255
Q6DT37,85,Binding site,ECO:0000250;ECO:0000255
Q6DT37,100,Binding site,ECO:0000255;ECO:0000269
Q6GQQ9,191,Active site,ECO:0000250
Q6GQQ9,194,Active site,ECO:0000269
Q6GQQ9,358,Active site,ECO:0000269
Q6GQQ9,802,Binding site,ECO:0000255
Q6GQQ9,807,Binding site,ECO:0000255
Q6GQQ9,819,Binding site,ECO:0000255
Q6GQQ9,822,Binding site,ECO:0000255
Q6H8Q1,83,Binding site,
Q6H8Q1,86,Binding site,
Q6H8Q1,103,Binding site,
Q6H8Q1,106,Binding site,
Q6H8Q1,109,Binding site,
Q6H8Q1,112,Binding site,
Q6H8Q1,131,Binding site,
Q6H8Q1,134,Binding site,
Q6H8Q1,212,Binding site,
Q6H8Q1,215,Binding site,
Q6H8Q1,232,Binding site,
Q6H8Q1,235,Binding site,
Q6H8Q1,238,Binding site,
Q6H8Q1,241,Binding site,
Q6H8Q1,260,Binding site,
Q6H8Q1,263,Binding site,
Q6ICB0,38,Active site,ECO:0000255
Q6ICB0,108,Active site,ECO:0000255
Q6IQ55,141,Active site,ECO:0000255
Q6IQ55,27,Binding site,ECO:0000255
Q6IQ55,28,Binding site,ECO:0000255
Q6IQ55,29,Binding site,ECO:0000255
Q6IQ55,30,Binding site,ECO:0000255
Q6IQ55,31,Binding site,ECO:0000255
Q6IQ55,32,Binding site,ECO:0000255
Q6IQ55,33,Binding site,ECO:0000255
Q6IQ55,34,Binding site,ECO:0000255
Q6IQ55,35,Binding site,ECO:0000255
Q6IQ55,50,Binding site,ECO:0000255
Q6MZP7,525,Binding site,ECO:0007744
Q6MZP7,525,Binding site,ECO:0007744
Q6MZP7,527,Binding site,ECO:0007744
Q6MZP7,532,Binding site,ECO:0007744
Q6MZP7,532,Binding site,ECO:0007744
Q6MZP7,537,Binding site,ECO:0007744
Q6MZP7,539,Binding site,ECO:0007744
Q6MZP7,546,Binding site,ECO:0007744
Q6MZP7,546,Binding site,ECO:0007744
Q6MZP7,549,Binding site,ECO:0007744
Q6MZP7,551,Binding site,ECO:0007744
Q6MZP7,554,Binding site,ECO:0007744
Q6MZP7,599,Binding site,ECO:0007744
Q6MZP7,599,Binding site,ECO:0007744
Q6MZP7,601,Binding site,ECO:0007744
Q6MZP7,606,Binding site,ECO:0007744
Q6MZP7,606,Binding site,ECO:0007744
Q6MZP7,611,Binding site,ECO:0007744
Q6MZP7,613,Binding site,ECO:0007744
Q6MZP7,620,Binding site,ECO:0007744
Q6MZP7,620,Binding site,ECO:0007744
Q6MZP7,624,Binding site,ECO:0007744
Q6MZP7,626,Binding site,ECO:0007744
Q6MZP7,629,Binding site,ECO:0007744
Q6N021,1133,Binding site,ECO:0000269
Q6N021,1135,Binding site,ECO:0000269
Q6N021,1193,Binding site,ECO:0000269
Q6N021,1219,Binding site,ECO:0000269
Q6N021,1221,Binding site,ECO:0000269
Q6N021,1261,Binding site,ECO:0000269
Q6N021,1271,Binding site,ECO:0000269
Q6N021,1273,Binding site,ECO:0000269
Q6N021,1289,Binding site,ECO:0000269
Q6N021,1298,Binding site,ECO:0000269
Q6N021,1358,Binding site,ECO:0000269
Q6N021,1374,Binding site,ECO:0000269
Q6N021,1380,Binding site,ECO:0000269
Q6N021,1382,Binding site,ECO:0000269
Q6N021,1384,Binding site,ECO:0000269
Q6N021,1387,Binding site,ECO:0000269
Q6N021,1416,Binding site,ECO:0000269
Q6N021,1881,Binding site,ECO:0000269
Q6N021,1896,Binding site,ECO:0000269
Q6N021,1897,Binding site,ECO:0000269
Q6N021,1898,Binding site,ECO:0000269
Q6N021,1902,Binding site,ECO:0000269
Q6N021,1903,Binding site,ECO:0000269
Q6N021,1904,Binding site,ECO:0000269
Q6N021,1912,Binding site,ECO:0000269
Q6NS38,102,Binding site,ECO:0000269
Q6NS38,103,Binding site,ECO:0000269
Q6NS38,104,Binding site,ECO:0000269
Q6NS38,122,Binding site,ECO:0000269
Q6NS38,123,Binding site,ECO:0000269
Q6NS38,124,Binding site,ECO:0000269
Q6NS38,159,Binding site,ECO:0000269
Q6NS38,161,Binding site,ECO:0000269
Q6NS38,171,Binding site,ECO:0000269
Q6NS38,171,Binding site,ECO:0000269
Q6NS38,173,Binding site,ECO:0000269
Q6NS38,174,Binding site,ECO:0000269
Q6NS38,236,Binding site,ECO:0000269
Q6NS38,236,Binding site,ECO:0000269
Q6NS38,248,Binding site,ECO:0000269
Q6NS38,252,Binding site,ECO:0000269
Q6NS38,254,Binding site,ECO:0000269
Q6P0Q8,635,Active site,ECO:0000250;ECO:0000255
Q6P0Q8,518,Binding site,ECO:0000250;ECO:0000255
Q6P0Q8,519,Binding site,ECO:0000250;ECO:0000255
Q6P0Q8,520,Binding site,ECO:0000250;ECO:0000255
Q6P0Q8,521,Binding site,ECO:0000250;ECO:0000255
Q6P0Q8,522,Binding site,ECO:0000250;ECO:0000255
Q6P0Q8,523,Binding site,ECO:0000250;ECO:0000255
Q6P0Q8,524,Binding site,ECO:0000250;ECO:0000255
Q6P0Q8,525,Binding site,ECO:0000250;ECO:0000255
Q6P0Q8,526,Binding site,ECO:0000250;ECO:0000255
Q6P0Q8,541,Binding site,ECO:0000250;ECO:0000255
Q6P1Q9,78,Binding site,ECO:0000250
Q6P1Q9,82,Binding site,ECO:0000250
Q6P1Q9,188,Binding site,ECO:0000250
Q6P1Q9,213,Binding site,ECO:0000250
Q6P1Q9,239,Binding site,ECO:0000250
Q6P1Q9,240,Binding site,ECO:0000250
Q6P1Q9,260,Binding site,ECO:0000250
Q6P6C2,139,Active site,ECO:0000269
Q6P6C2,193,Binding site,ECO:0000269;ECO:0007744
Q6P6C2,195,Binding site,ECO:0000269;ECO:0007744
Q6P6C2,204,Binding site,ECO:0000269;ECO:0007744
Q6P6C2,204,Binding site,ECO:0000305;ECO:0007744
Q6P6C2,206,Binding site,ECO:0000305;ECO:0007744
Q6P6C2,266,Binding site,ECO:0000269;ECO:0007744
Q6P6C2,266,Binding site,ECO:0000305;ECO:0007744
Q6P6C2,277,Binding site,ECO:0000269;ECO:0007744
Q6PCB5,568,Binding site,ECO:0000250
Q6PCB5,571,Binding site,ECO:0000250
Q6PCB5,573,Binding site,ECO:0000250
Q6PCB5,665,Binding site,ECO:0000250
Q6PCB5,673,Binding site,ECO:0000250
Q6PCT2,39,Binding site,ECO:0000255;ECO:0000269;ECO:0007744
Q6PCT2,42,Binding site,ECO:0000255;ECO:0000269;ECO:0007744
Q6PCT2,45,Binding site,ECO:0000255;ECO:0000269;ECO:0007744
Q6PCT2,50,Binding site,ECO:0000255;ECO:0000269;ECO:0007744
Q6PCT2,53,Binding site,ECO:0000255;ECO:0000269;ECO:0007744
Q6PCT2,56,Binding site,ECO:0000255;ECO:0000269;ECO:0007744
Q6PCT2,72,Binding site,ECO:0000255;ECO:0000269;ECO:0007744
Q6PCT2,77,Binding site,ECO:0000255;ECO:0000269;ECO:0007744
Q6PCT2,88,Binding site,ECO:0000269;ECO:0007744
Q6PCT2,91,Binding site,ECO:0000269;ECO:0007744
Q6PCT2,114,Binding site,ECO:0000269;ECO:0007744
Q6PCT2,117,Binding site,ECO:0000269;ECO:0007744
Q6PCT2,122,Binding site,ECO:0000269;ECO:0007744
Q6PCT2,125,Binding site,ECO:0000269;ECO:0007744
Q6PCT2,145,Binding site,ECO:0000269;ECO:0007744
Q6PCT2,148,Binding site,ECO:0000269;ECO:0007744
Q6PIF6,158,Binding site,ECO:0000255
Q6PIF6,159,Binding site,ECO:0000255
Q6PIF6,160,Binding site,ECO:0000255
Q6PIF6,161,Binding site,ECO:0000255
Q6PIF6,162,Binding site,ECO:0000255
Q6PIF6,163,Binding site,ECO:0000255
Q6PIF6,164,Binding site,ECO:0000255
Q6PIF6,165,Binding site,ECO:0000255
Q6PIW4,403,Binding site,ECO:0000269;ECO:0007744
Q6PIW4,404,Binding site,ECO:0000269;ECO:0007744
Q6PIW4,404,Binding site,ECO:0000269;ECO:0007744
Q6PIW4,444,Binding site,ECO:0000269;ECO:0007744
Q6PIW4,444,Binding site,ECO:0000269;ECO:0007744
Q6PIW4,445,Binding site,ECO:0000269;ECO:0007744
Q6PIW4,445,Binding site,ECO:0000269;ECO:0007744
Q6PIW4,446,Binding site,ECO:0000269;ECO:0007744
Q6PIW4,446,Binding site,ECO:0000269;ECO:0007744
Q6PIW4,447,Binding site,ECO:0000269;ECO:0007744
Q6PIW4,447,Binding site,ECO:0000269;ECO:0007744
Q6PIW4,448,Binding site,ECO:0000269;ECO:0007744
Q6PIW4,448,Binding site,ECO:0000269;ECO:0007744
Q6PIW4,448,Binding site,ECO:0000269;ECO:0007744
Q6PIW4,449,Binding site,ECO:0000269;ECO:0007744
Q6PIW4,449,Binding site,ECO:0000269;ECO:0007744
Q6PIW4,500,Binding site,ECO:0000269;ECO:0007744
Q6PIW4,529,Binding site,ECO:0000269;ECO:0007744
Q6PIW4,546,Binding site,ECO:0000269;ECO:0007744
Q6PIW4,557,Binding site,ECO:0000269;ECO:0007744
Q6PIW4,558,Binding site,ECO:0000269;ECO:0007744
Q6PIW4,609,Binding site,ECO:0000269;ECO:0007744
Q6PJP8,122,Binding site,ECO:0000255
Q6PJP8,125,Binding site,ECO:0000255
Q6PJP8,140,Binding site,ECO:0000255
Q6PJP8,144,Binding site,ECO:0000255
Q6PL18,467,Binding site,ECO:0000255
Q6PL18,468,Binding site,ECO:0000255
Q6PL18,469,Binding site,ECO:0000255
Q6PL18,470,Binding site,ECO:0000255
Q6PL18,471,Binding site,ECO:0000255
Q6PL18,472,Binding site,ECO:0000255
Q6PL18,473,Binding site,ECO:0000255
Q6PL18,474,Binding site,ECO:0000255
Q6R327,543,Binding site,ECO:0000305;ECO:0007744
Q6R327,572,Binding site,ECO:0000305;ECO:0007744
Q6R327,576,Binding site,ECO:0000305;ECO:0007744
Q6R327,1515,Binding site,ECO:0000269;ECO:0007744
Q6R327,1520,Binding site,ECO:0000269;ECO:0007744
Q6R327,1523,Binding site,ECO:0000269;ECO:0007744
Q6R327,1651,Binding site,ECO:0000269;ECO:0007744
Q6SJ93,490,Active site,ECO:0000250
Q6SJ93,544,Active site,ECO:0000250
Q6SJ93,650,Active site,ECO:0000250
Q6ZMG9,211,Active site,ECO:0000269;ECO:0007744
Q6ZMT4,279,Binding site,ECO:0000250
Q6ZMT4,282,Binding site,ECO:0000255;ECO:0000269
Q6ZMT4,284,Binding site,ECO:0000255;ECO:0000269
Q6ZMT4,299,Binding site,ECO:0000250
Q6ZMT4,354,Binding site,ECO:0000255;ECO:0000269
Q6ZNC8,350,Active site,ECO:0000250
Q6ZNC8,381,Active site,ECO:0000250
Q6ZRS2,643,Binding site,ECO:0000255
Q6ZRS2,644,Binding site,ECO:0000255
Q6ZRS2,645,Binding site,ECO:0000255
Q6ZRS2,646,Binding site,ECO:0000255
Q6ZRS2,647,Binding site,ECO:0000255
Q6ZRS2,648,Binding site,ECO:0000255
Q6ZRS2,649,Binding site,ECO:0000255
Q6ZRS2,650,Binding site,ECO:0000255
Q6ZV73,1228,Binding site,ECO:0000255
Q6ZV73,1231,Binding site,ECO:0000255
Q6ZV73,1244,Binding site,ECO:0000255
Q6ZV73,1247,Binding site,ECO:0000255
Q6ZV73,1252,Binding site,ECO:0000255
Q6ZV73,1255,Binding site,ECO:0000255
Q6ZV73,1273,Binding site,ECO:0000255
Q6ZV73,1276,Binding site,ECO:0000255
Q70CQ2,1903,Active site,ECO:0000305
Q70CQ2,2164,Active site,ECO:0000255
Q70EL1,42,Active site,ECO:0000255
Q70EL1,302,Active site,ECO:0000255
Q70EL1,67,Binding site,ECO:0000269;ECO:0007744
Q70EL1,69,Binding site,ECO:0000269;ECO:0007744
Q70EL1,74,Binding site,ECO:0000269;ECO:0007744
Q70EL1,77,Binding site,ECO:0000269;ECO:0007744
Q70EL1,133,Binding site,ECO:0000269;ECO:0007744
Q70EL1,145,Binding site,ECO:0000269;ECO:0007744
Q70EL1,150,Binding site,ECO:0000269;ECO:0007744
Q70EL1,153,Binding site,ECO:0000269;ECO:0007744
Q70EL1,166,Binding site,ECO:0000269;ECO:0007744
Q70EL1,169,Binding site,ECO:0000269;ECO:0007744
Q70EL1,225,Binding site,ECO:0000269;ECO:0007744
Q70EL1,229,Binding site,ECO:0000269;ECO:0007744
Q719H9,222,Binding site,ECO:0000269;ECO:0007744
Q7KZI7,175,Active site,ECO:0000250;ECO:0000255
Q7KZI7,59,Binding site,ECO:0000250;ECO:0000255
Q7KZI7,60,Binding site,ECO:0000250;ECO:0000255
Q7KZI7,61,Binding site,ECO:0000250;ECO:0000255
Q7KZI7,62,Binding site,ECO:0000250;ECO:0000255
Q7KZI7,63,Binding site,ECO:0000250;ECO:0000255
Q7KZI7,64,Binding site,ECO:0000250;ECO:0000255
Q7KZI7,65,Binding site,ECO:0000250;ECO:0000255
Q7KZI7,66,Binding site,ECO:0000250;ECO:0000255
Q7KZI7,67,Binding site,ECO:0000250;ECO:0000255
Q7KZI7,82,Binding site,ECO:0000250;ECO:0000255
Q7L2J0,422,Binding site,ECO:0000269;ECO:0007744
Q7L2J0,433,Binding site,ECO:0000269;ECO:0007744
Q7L2J0,451,Binding site,ECO:0000269;ECO:0007744
Q7L2J0,452,Binding site,ECO:0000269;ECO:0007744
Q7L2J0,453,Binding site,ECO:0000269;ECO:0007744
Q7L2J0,474,Binding site,ECO:0000269;ECO:0007744
Q7L2J0,475,Binding site,ECO:0000269;ECO:0007744
Q7L2J0,559,Binding site,ECO:0000269;ECO:0007744
Q7L2J0,560,Binding site,ECO:0000269;ECO:0007744
Q7L2J0,581,Binding site,ECO:0000269;ECO:0007744
Q7L590,390,Binding site,ECO:0000255
Q7L590,400,Binding site,ECO:0000255
Q7L590,412,Binding site,ECO:0000255
Q7L590,415,Binding site,ECO:0000255
Q7L590,783,Binding site,ECO:0000255
Q7L590,786,Binding site,ECO:0000255
Q7L590,797,Binding site,ECO:0000255
Q7L590,802,Binding site,ECO:0000255
Q7L590,816,Binding site,ECO:0000255
Q7L590,818,Binding site,ECO:0000255
Q7L590,833,Binding site,ECO:0000255
Q7L590,836,Binding site,ECO:0000255
Q7L9L4,79,Binding site,ECO:0000250
Q7L9L4,84,Binding site,ECO:0000250
Q7L9L4,161,Binding site,ECO:0000250
Q7L9L4,166,Binding site,ECO:0000250
Q7LBC6,1560,Binding site,ECO:0000255
Q7LBC6,1562,Binding site,ECO:0000255
Q7LBC6,1689,Binding site,ECO:0000255
Q7LDG7,439,Binding site,ECO:0000255;ECO:0000305
Q7LDG7,441,Binding site,ECO:0000255;ECO:0000305
Q7LDG7,443,Binding site,ECO:0000255;ECO:0000305
Q7LDG7,445,Binding site,ECO:0000255;ECO:0000305
Q7LDG7,450,Binding site,ECO:0000255;ECO:0000305
Q7LDG7,468,Binding site,ECO:0000255;ECO:0000305
Q7LDG7,470,Binding site,ECO:0000255;ECO:0000305
Q7LDG7,472,Binding site,ECO:0000255;ECO:0000305
Q7LDG7,474,Binding site,ECO:0000255;ECO:0000305
Q7LDG7,479,Binding site,ECO:0000255;ECO:0000305
Q7RTP6,97,Binding site,ECO:0000250
Q7RTP6,116,Binding site,ECO:0000250
Q7RTP6,117,Binding site,ECO:0000250
Q7RTP6,118,Binding site,ECO:0000250
Q7RTP6,123,Binding site,ECO:0000250
Q7RTP6,124,Binding site,ECO:0000250
Q7RTP6,125,Binding site,ECO:0000250
Q7RTP6,183,Binding site,ECO:0000250
Q7RTP6,298,Binding site,ECO:0000250
Q7RTP6,398,Binding site,ECO:0000250
Q7RTP6,764,Binding site,ECO:0000250
Q7RTP6,767,Binding site,ECO:0000250
Q7RTP6,785,Binding site,ECO:0000250
Q7RTP6,788,Binding site,ECO:0000250
Q7RTP6,791,Binding site,ECO:0000250
Q7RTP6,794,Binding site,ECO:0000250
Q7RTP6,814,Binding site,ECO:0000250
Q7RTP6,817,Binding site,ECO:0000250
Q7Z2K6,251,Active site,ECO:0000250
Q7Z2K6,205,Binding site,ECO:0000250
Q7Z2K6,217,Binding site,ECO:0000250
Q7Z2K6,217,Binding site,ECO:0000250
Q7Z2K6,252,Binding site,ECO:0000250
Q7Z2K6,278,Binding site,ECO:0000250
Q7Z2K6,354,Binding site,ECO:0000250
Q7Z2T5,260,Binding site,ECO:0000250
Q7Z2T5,307,Binding site,ECO:0000250
Q7Z2T5,357,Binding site,ECO:0000250
Q7Z2T5,358,Binding site,ECO:0000250
Q7Z2T5,488,Binding site,ECO:0000250
Q7Z2T5,491,Binding site,ECO:0000250
Q7Z2T5,513,Binding site,ECO:0000250
Q7Z2T5,515,Binding site,ECO:0000250
Q7Z333,1966,Binding site,ECO:0000255
Q7Z333,1967,Binding site,ECO:0000255
Q7Z333,1968,Binding site,ECO:0000255
Q7Z333,1969,Binding site,ECO:0000255
Q7Z333,1970,Binding site,ECO:0000255
Q7Z333,1971,Binding site,ECO:0000255
Q7Z333,2210,Binding site,ECO:0000250
Q7Z333,2258,Binding site,ECO:0000250
Q7Z6P3,842,Binding site,ECO:0000250
Q7Z6P3,845,Binding site,ECO:0000250
Q7Z6P3,846,Binding site,ECO:0000250
Q7Z6P3,847,Binding site,ECO:0000250
Q7Z6P3,847,Binding site,ECO:0000250
Q7Z6P3,865,Binding site,ECO:0000250
Q7Z6P3,865,Binding site,ECO:0000250
Q7Z6P3,888,Binding site,ECO:0000250
Q7Z6P3,891,Binding site,ECO:0000250
Q7Z6P3,946,Binding site,ECO:0000250
Q7Z6P3,947,Binding site,ECO:0000250
Q7Z6P3,949,Binding site,ECO:0000250
Q7Z6P3,977,Binding site,ECO:0000250
Q7Z6Z7,4341,Active site,
Q7Z7E8,351,Active site,ECO:0000255
Q86T82,350,Active site,ECO:0000269
Q86T82,906,Active site,ECO:0000255
Q86U28,79,Binding site,ECO:0000250
Q86U28,144,Binding site,ECO:0000250
Q86U28,146,Binding site,ECO:0000250
Q86U44,377,Binding site,ECO:0000269;ECO:0007744
Q86U44,378,Binding site,ECO:0000269;ECO:0007744
Q86U44,395,Binding site,ECO:0000269;ECO:0007744
Q86U44,513,Binding site,ECO:0000269;ECO:0007744
Q86U44,536,Binding site,ECO:0000269;ECO:0007744
Q86U44,537,Binding site,ECO:0000269;ECO:0007744
Q86U44,538,Binding site,ECO:0000269;ECO:0007744
Q86U44,539,Binding site,ECO:0000269;ECO:0007744
Q86U44,549,Binding site,ECO:0000269;ECO:0007744
Q86U44,550,Binding site,ECO:0000269;ECO:0007744
Q86UE8,592,Active site,
Q86UE8,468,Binding site,ECO:0000255
Q86UE8,469,Binding site,ECO:0000255
Q86UE8,470,Binding site,ECO:0000255
Q86UE8,471,Binding site,ECO:0000255
Q86UE8,472,Binding site,ECO:0000255
Q86UE8,473,Binding site,ECO:0000255
Q86UE8,474,Binding site,ECO:0000255
Q86UE8,475,Binding site,ECO:0000255
Q86UE8,476,Binding site,ECO:0000255
Q86UE8,491,Binding site,ECO:0000255
Q86US8,1251,Binding site,ECO:0000305
Q86US8,1353,Binding site,ECO:0000305
Q86US8,1392,Binding site,ECO:0000305
Q86UW9,412,Binding site,ECO:0007744
Q86UW9,415,Binding site,ECO:0007744
Q86UW9,445,Binding site,ECO:0007744
Q86UW9,447,Binding site,ECO:0007744
Q86UW9,450,Binding site,ECO:0007744
Q86UW9,453,Binding site,ECO:0007744
Q86UW9,469,Binding site,ECO:0007744
Q86UW9,472,Binding site,ECO:0007744
Q86UX6,216,Active site,ECO:0000250;ECO:0000255
Q86UX6,99,Binding site,ECO:0000250;ECO:0000255
Q86UX6,100,Binding site,ECO:0000250;ECO:0000255
Q86UX6,101,Binding site,ECO:0000250;ECO:0000255
Q86UX6,102,Binding site,ECO:0000250;ECO:0000255
Q86UX6,103,Binding site,ECO:0000250;ECO:0000255
Q86UX6,104,Binding site,ECO:0000250;ECO:0000255
Q86UX6,105,Binding site,ECO:0000250;ECO:0000255
Q86UX6,106,Binding site,ECO:0000250;ECO:0000255
Q86UX6,107,Binding site,ECO:0000250;ECO:0000255
Q86UX6,122,Binding site,ECO:0000250;ECO:0000255
Q86VH2,84,Binding site,ECO:0000255
Q86VH2,85,Binding site,ECO:0000255
Q86VH2,86,Binding site,ECO:0000255
Q86VH2,87,Binding site,ECO:0000255
Q86VH2,88,Binding site,ECO:0000255
Q86VH2,89,Binding site,ECO:0000255
Q86VH2,90,Binding site,ECO:0000255
Q86VH2,91,Binding site,ECO:0000255
Q86VP1,730,Binding site,ECO:0000255
Q86VP1,733,Binding site,ECO:0000255
Q86VP1,749,Binding site,ECO:0000255
Q86VP1,753,Binding site,ECO:0000255
Q86VP1,757,Binding site,ECO:0000255
Q86VP1,760,Binding site,ECO:0000255
Q86VP1,776,Binding site,ECO:0000255
Q86VP1,780,Binding site,ECO:0000255
Q86W50,82,Binding site,ECO:0000269;ECO:0007744
Q86W50,110,Binding site,ECO:0000269;ECO:0007744
Q86W50,114,Binding site,ECO:0000269;ECO:0007744
Q86W50,133,Binding site,ECO:0000269;ECO:0007744
Q86W50,164,Binding site,ECO:0000269;ECO:0007744
Q86W50,184,Binding site,ECO:0000269;ECO:0007744
Q86W56,737,Active site,ECO:0000269;ECO:0000305
Q86W56,755,Active site,ECO:0000269;ECO:0000305
Q86W56,756,Active site,ECO:0000269;ECO:0000305
Q86W56,726,Binding site,ECO:0000269
Q86W56,727,Binding site,ECO:0000269
Q86W56,740,Binding site,ECO:0000269
Q86W56,754,Binding site,ECO:0000269
Q86W56,795,Binding site,ECO:0000250
Q86W56,869,Binding site,ECO:0000269
Q86W56,870,Binding site,ECO:0000269
Q86W56,871,Binding site,ECO:0000269
Q86W56,872,Binding site,ECO:0000269
Q86W56,873,Binding site,ECO:0000269
Q86W56,874,Binding site,ECO:0000269
Q86WV6,162,Binding site,ECO:0000269;ECO:0007744
Q86WV6,162,Binding site,ECO:0000269;ECO:0007744
Q86WV6,167,Binding site,ECO:0000269;ECO:0007744
Q86WV6,167,Binding site,ECO:0000269;ECO:0007744
Q86WV6,167,Binding site,ECO:0000269;ECO:0007744
Q86WV6,238,Binding site,ECO:0000269;ECO:0007744
Q86WV6,239,Binding site,ECO:0000269;ECO:0007744
Q86WV6,240,Binding site,ECO:0000269;ECO:0007744
Q86WV6,241,Binding site,ECO:0000269;ECO:0007744
Q86WV6,238,Binding site,ECO:0000269;ECO:0007744
Q86WV6,238,Binding site,ECO:0000269;ECO:0007744
Q86WV6,263,Binding site,ECO:0000269;ECO:0007744
Q86WV6,263,Binding site,ECO:0000269;ECO:0007744
Q86WV6,263,Binding site,ECO:0000269;ECO:0007744
Q86XP3,297,Binding site,ECO:0000255
Q86XP3,298,Binding site,ECO:0000255
Q86XP3,299,Binding site,ECO:0000255
Q86XP3,300,Binding site,ECO:0000255
Q86XP3,301,Binding site,ECO:0000255
Q86XP3,302,Binding site,ECO:0000255
Q86XP3,303,Binding site,ECO:0000255
Q86XP3,304,Binding site,ECO:0000255
Q86YA3,1349,Binding site,ECO:0000255
Q86YA3,1351,Binding site,ECO:0000255
Q86YA3,1374,Binding site,ECO:0000255
Q86YA3,1382,Binding site,ECO:0000255
Q86YA3,1657,Binding site,ECO:0000255
Q86YA3,1658,Binding site,ECO:0000255
Q86YA3,1659,Binding site,ECO:0000255
Q86YA3,1660,Binding site,ECO:0000255
Q86YA3,1661,Binding site,ECO:0000255
Q86YA3,1662,Binding site,ECO:0000255
Q86YS3,62,Binding site,ECO:0000305
Q86YS3,64,Binding site,ECO:0000305
Q86YS3,68,Binding site,ECO:0000305
Q86YS3,73,Binding site,ECO:0000305
Q86YS7,19,Binding site,ECO:0000255
Q86YS7,19,Binding site,ECO:0000255
Q86YS7,26,Binding site,ECO:0000255
Q86YS7,76,Binding site,ECO:0000255
Q86YS7,76,Binding site,ECO:0000255
Q86YS7,78,Binding site,ECO:0000255
Q86YS7,78,Binding site,ECO:0000255
Q86YS7,78,Binding site,ECO:0000255
Q86YS7,81,Binding site,ECO:0000255
Q86YS7,84,Binding site,ECO:0000255
Q86YS7,84,Binding site,ECO:0000255
Q86YZ3,27,Binding site,ECO:0000305
Q86YZ3,32,Binding site,ECO:0000305
Q86YZ3,62,Binding site,ECO:0000255
Q86YZ3,64,Binding site,ECO:0000255
Q86YZ3,66,Binding site,ECO:0000255
Q86YZ3,68,Binding site,ECO:0000255
Q86YZ3,73,Binding site,ECO:0000255
Q8IU60,144,Binding site,ECO:0000250
Q8IU60,148,Binding site,ECO:0000250
Q8IV38,320,Binding site,ECO:0000255
Q8IV38,323,Binding site,ECO:0000255
Q8IV38,332,Binding site,ECO:0000255
Q8IV38,335,Binding site,ECO:0000255
Q8IV38,341,Binding site,ECO:0000255
Q8IV38,345,Binding site,ECO:0000255
Q8IV38,353,Binding site,ECO:0000255
Q8IV38,357,Binding site,ECO:0000255
Q8IWQ3,141,Active site,ECO:0000255
Q8IWQ3,25,Binding site,ECO:0000255
Q8IWQ3,26,Binding site,ECO:0000255
Q8IWQ3,27,Binding site,ECO:0000255
Q8IWQ3,28,Binding site,ECO:0000255
Q8IWQ3,29,Binding site,ECO:0000255
Q8IWQ3,30,Binding site,ECO:0000255
Q8IWQ3,31,Binding site,ECO:0000255
Q8IWQ3,32,Binding site,ECO:0000255
Q8IWQ3,33,Binding site,ECO:0000255
Q8IWQ3,48,Binding site,ECO:0000255
Q8IWT3,2249,Active site,ECO:0000255
Q8IWT3,1363,Binding site,ECO:0000255
Q8IWT3,1364,Binding site,ECO:0000255
Q8IWT3,1365,Binding site,ECO:0000255
Q8IWT3,1366,Binding site,ECO:0000255
Q8IWT3,1367,Binding site,ECO:0000255
Q8IWT3,1368,Binding site,ECO:0000255
Q8IWT3,1369,Binding site,ECO:0000255
Q8IWT3,1370,Binding site,ECO:0000255
Q8IWT3,2070,Binding site,ECO:0000255;ECO:0000269;ECO:0007744
Q8IWT3,2073,Binding site,ECO:0000255;ECO:0000269;ECO:0007744
Q8IWT3,2088,Binding site,ECO:0000255;ECO:0000269;ECO:0007744
Q8IWT3,2090,Binding site,ECO:0000255;ECO:0000269;ECO:0007744
Q8IWT3,2093,Binding site,ECO:0000255;ECO:0000269;ECO:0007744
Q8IWT3,2096,Binding site,ECO:0000255;ECO:0000269;ECO:0007744
Q8IWT3,2115,Binding site,ECO:0000255;ECO:0000269;ECO:0007744
Q8IWT3,2120,Binding site,ECO:0000255;ECO:0000269;ECO:0007744
Q8IWT3,2160,Binding site,ECO:0000255;ECO:0000269;ECO:0007744
Q8IWT3,2166,Binding site,ECO:0000255;ECO:0000269;ECO:0007744
Q8IWT3,2181,Binding site,ECO:0000255;ECO:0000269;ECO:0007744
Q8IWT3,2184,Binding site,ECO:0000255;ECO:0000269;ECO:0007744
Q8IWT3,2189,Binding site,ECO:0000255;ECO:0000269;ECO:0007744
Q8IWT3,2192,Binding site,ECO:0000255;ECO:0000269;ECO:0007744
Q8IWT3,2198,Binding site,ECO:0000255;ECO:0000269;ECO:0007744
Q8IWT3,2203,Binding site,ECO:0000255;ECO:0000269;ECO:0007744
Q8IWT3,2236,Binding site,ECO:0000255
Q8IWT3,2239,Binding site,ECO:0000255
Q8IWT3,2254,Binding site,ECO:0000255
Q8IWT3,2257,Binding site,ECO:0000255
Q8IWT3,2262,Binding site,ECO:0000255
Q8IWT3,2265,Binding site,ECO:0000255
Q8IWT3,2273,Binding site,ECO:0000255
Q8IWT3,2279,Binding site,ECO:0000255
Q8IWU2,265,Active site,ECO:0000255
Q8IWU2,143,Binding site,ECO:0000255
Q8IWU2,144,Binding site,ECO:0000255
Q8IWU2,145,Binding site,ECO:0000255
Q8IWU2,146,Binding site,ECO:0000255
Q8IWU2,147,Binding site,ECO:0000255
Q8IWU2,148,Binding site,ECO:0000255
Q8IWU2,149,Binding site,ECO:0000255
Q8IWU2,150,Binding site,ECO:0000255
Q8IWU2,151,Binding site,ECO:0000255
Q8IWU2,168,Binding site,ECO:0000255
Q8IWV7,99,Binding site,ECO:0000269;ECO:0007744
Q8IWV7,99,Binding site,ECO:0000250
Q8IWV7,112,Binding site,ECO:0000269;ECO:0007744
Q8IWV7,112,Binding site,ECO:0000250
Q8IWV7,115,Binding site,ECO:0000269;ECO:0007744
Q8IWV7,115,Binding site,ECO:0000250
Q8IWV7,124,Binding site,ECO:0000269;ECO:0007744
Q8IWV7,124,Binding site,ECO:0000250
Q8IWV7,127,Binding site,ECO:0000269;ECO:0007744
Q8IWV7,127,Binding site,ECO:0000250
Q8IWV7,127,Binding site,ECO:0000269;ECO:0007744
Q8IWV7,133,Binding site,ECO:0000269;ECO:0007744
Q8IWV7,133,Binding site,ECO:0000250
Q8IWV7,136,Binding site,ECO:0000269;ECO:0007744
Q8IWV7,136,Binding site,ECO:0000250
Q8IWV7,148,Binding site,ECO:0000250
Q8IWV7,149,Binding site,ECO:0000269;ECO:0007744
Q8IWV7,149,Binding site,ECO:0000250
Q8IWV7,150,Binding site,ECO:0000250
Q8IWV7,151,Binding site,ECO:0000250
Q8IWV7,151,Binding site,ECO:0000269;ECO:0007744
Q8IWV7,153,Binding site,ECO:0000250
Q8IWV7,163,Binding site,ECO:0000250
Q8IWV7,163,Binding site,ECO:0000269;ECO:0007744
Q8IWV7,166,Binding site,ECO:0000269;ECO:0007744
Q8IWV7,1098,Binding site,ECO:0000250
Q8IWV7,1101,Binding site,ECO:0000250
Q8IWV7,1159,Binding site,ECO:0000250
Q8IWV7,1161,Binding site,ECO:0000250
Q8IWV7,1164,Binding site,ECO:0000250
Q8IWV7,1167,Binding site,ECO:0000250
Q8IWV7,1197,Binding site,ECO:0000250
Q8IWV7,1200,Binding site,ECO:0000250
Q8IWV7,1627,Binding site,ECO:0000250
Q8IWV7,1630,Binding site,ECO:0000250
Q8IWV7,1653,Binding site,ECO:0000250
Q8IX07,243,Binding site,ECO:0000255
Q8IX07,246,Binding site,ECO:0000255
Q8IX07,259,Binding site,ECO:0000255
Q8IX07,264,Binding site,ECO:0000255
Q8IX07,579,Binding site,ECO:0000255
Q8IX07,582,Binding site,ECO:0000255
Q8IX07,595,Binding site,ECO:0000255
Q8IX07,600,Binding site,ECO:0000255
Q8IX07,685,Binding site,ECO:0000255
Q8IX07,688,Binding site,ECO:0000255
Q8IX07,701,Binding site,ECO:0000255
Q8IX07,706,Binding site,ECO:0000255
Q8IX07,819,Binding site,ECO:0000255
Q8IX07,822,Binding site,ECO:0000255
Q8IX07,835,Binding site,ECO:0000255
Q8IX07,840,Binding site,ECO:0000255
Q8IX07,976,Binding site,ECO:0000255
Q8IX07,979,Binding site,ECO:0000255
Q8IX07,992,Binding site,ECO:0000255
Q8IX07,997,Binding site,ECO:0000255
Q8IXJ6,187,Active site,ECO:0000255
Q8IXJ6,85,Binding site,ECO:0000269;ECO:0007744
Q8IXJ6,86,Binding site,ECO:0000269;ECO:0007744
Q8IXJ6,87,Binding site,ECO:0000269;ECO:0007744
Q8IXJ6,88,Binding site,ECO:0000269;ECO:0007744
Q8IXJ6,89,Binding site,ECO:0000269;ECO:0007744
Q8IXJ6,95,Binding site,ECO:0000269;ECO:0007744
Q8IXJ6,96,Binding site,ECO:0000269;ECO:0007744
Q8IXJ6,97,Binding site,ECO:0000269;ECO:0007744
Q8IXJ6,167,Binding site,ECO:0000269;ECO:0007744
Q8IXJ6,168,Binding site,ECO:0000269;ECO:0007744
Q8IXJ6,169,Binding site,ECO:0000269;ECO:0007744
Q8IXJ6,170,Binding site,ECO:0000269;ECO:0007744
Q8IXJ6,195,Binding site,ECO:0000255;ECO:0000269;ECO:0007744
Q8IXJ6,200,Binding site,ECO:0000255;ECO:0000269;ECO:0007744
Q8IXJ6,221,Binding site,ECO:0000255;ECO:0000269;ECO:0007744
Q8IXJ6,224,Binding site,ECO:0000255;ECO:0000269;ECO:0007744
Q8IXJ6,262,Binding site,ECO:0000269;ECO:0007744
Q8IXJ6,263,Binding site,ECO:0000269;ECO:0007744
Q8IXJ6,286,Binding site,ECO:0000269;ECO:0007744
Q8IXJ6,287,Binding site,ECO:0000269;ECO:0007744
Q8IXJ6,288,Binding site,ECO:0000269;ECO:0007744
Q8IXJ6,324,Binding site,ECO:0000269;ECO:0007744
Q8IY18,80,Binding site,ECO:0000255
Q8IY18,81,Binding site,ECO:0000255
Q8IY18,82,Binding site,ECO:0000255
Q8IY18,83,Binding site,ECO:0000255
Q8IY18,84,Binding site,ECO:0000255
Q8IY18,85,Binding site,ECO:0000255
Q8IY18,86,Binding site,ECO:0000255
Q8IY18,87,Binding site,ECO:0000255
Q8IY26,214,Active site,ECO:0000250
Q8IY26,256,Active site,ECO:0000250;ECO:0000305
Q8IYB7,383,Binding site,ECO:0000255
Q8IYB7,392,Binding site,ECO:0000255
Q8IYD8,111,Binding site,ECO:0000255
Q8IYD8,112,Binding site,ECO:0000255
Q8IYD8,113,Binding site,ECO:0000255
Q8IYD8,114,Binding site,ECO:0000255
Q8IYD8,115,Binding site,ECO:0000255
Q8IYD8,116,Binding site,ECO:0000255
Q8IYD8,117,Binding site,ECO:0000255
Q8IYD8,118,Binding site,ECO:0000255
Q8IZD2,121,Binding site,ECO:0000269;ECO:0007744
Q8IZD2,123,Binding site,ECO:0000269;ECO:0007744
Q8IZD2,135,Binding site,ECO:0000269;ECO:0007744
Q8IZD2,138,Binding site,ECO:0000269;ECO:0007744
Q8IZD2,143,Binding site,ECO:0000269;ECO:0007744
Q8IZD2,146,Binding site,ECO:0000269;ECO:0007744
Q8IZD2,160,Binding site,ECO:0000269;ECO:0007744
Q8IZD2,163,Binding site,ECO:0000269;ECO:0007744
Q8IZQ1,3460,Binding site,ECO:0000255
Q8IZQ1,3463,Binding site,ECO:0000255
Q8IZQ1,3476,Binding site,ECO:0000255
Q8IZQ1,3479,Binding site,ECO:0000255
Q8IZQ1,3484,Binding site,ECO:0000255
Q8IZQ1,3487,Binding site,ECO:0000255
Q8IZQ1,3506,Binding site,ECO:0000255
Q8IZQ1,3509,Binding site,ECO:0000255
Q8N1G2,239,Active site,ECO:0000305
Q8N1G2,364,Active site,ECO:0000305
Q8N1G2,404,Active site,ECO:0000305
Q8N1G2,203,Binding site,ECO:0000269;ECO:0007744
Q8N1G2,204,Binding site,ECO:0000269;ECO:0007744
Q8N1G2,205,Binding site,ECO:0000269;ECO:0007744
Q8N1G2,206,Binding site,ECO:0000269;ECO:0007744
Q8N1G2,207,Binding site,ECO:0000269;ECO:0007744
Q8N1G2,218,Binding site,ECO:0000269;ECO:0007744
Q8N1G2,234,Binding site,ECO:0000269;ECO:0007744
Q8N1G2,277,Binding site,ECO:0000269;ECO:0007744
Q8N1G2,278,Binding site,ECO:0000269;ECO:0007744
Q8N1G2,279,Binding site,ECO:0000269;ECO:0007744
Q8N1G2,280,Binding site,ECO:0000269;ECO:0007744
Q8N1G2,281,Binding site,ECO:0000269;ECO:0007744
Q8N1G2,282,Binding site,ECO:0000269;ECO:0007744
Q8N1G2,283,Binding site,ECO:0000269;ECO:0007744
Q8N1G2,335,Binding site,ECO:0000269;ECO:0007744
Q8N1G2,336,Binding site,ECO:0000269;ECO:0007744
Q8N1G2,374,Binding site,ECO:0000269;ECO:0007744
Q8N1G2,375,Binding site,ECO:0000269;ECO:0007744
Q8N1G2,376,Binding site,ECO:0000269;ECO:0007744
Q8N1G2,439,Binding site,ECO:0000269;ECO:0007744
Q8N4C6,245,Binding site,ECO:0000255
Q8N4C6,246,Binding site,ECO:0000255
Q8N4C6,247,Binding site,ECO:0000255
Q8N4C6,248,Binding site,ECO:0000255
Q8N4C6,249,Binding site,ECO:0000255
Q8N4C6,250,Binding site,ECO:0000255
Q8N4C6,251,Binding site,ECO:0000255
Q8N4C6,252,Binding site,ECO:0000255
Q8N4C6,300,Binding site,ECO:0000255
Q8N4C6,301,Binding site,ECO:0000255
Q8N4C6,302,Binding site,ECO:0000255
Q8N4C6,303,Binding site,ECO:0000255
Q8N4C6,304,Binding site,ECO:0000255
Q8N4C6,420,Binding site,ECO:0000255
Q8N4C6,421,Binding site,ECO:0000255
Q8N4C6,422,Binding site,ECO:0000255
Q8N4C6,423,Binding site,ECO:0000255
Q8N4C8,153,Active site,ECO:0000255
Q8N4C8,31,Binding site,ECO:0000255
Q8N4C8,32,Binding site,ECO:0000255
Q8N4C8,33,Binding site,ECO:0000255
Q8N4C8,34,Binding site,ECO:0000255
Q8N4C8,35,Binding site,ECO:0000255
Q8N4C8,36,Binding site,ECO:0000255
Q8N4C8,37,Binding site,ECO:0000255
Q8N4C8,38,Binding site,ECO:0000255
Q8N4C8,39,Binding site,ECO:0000255
Q8N4C8,54,Binding site,ECO:0000255
Q8N4J0,164,Binding site,ECO:0000269;ECO:0007744
Q8N4J0,167,Binding site,ECO:0000269;ECO:0007744
Q8N4J0,208,Binding site,ECO:0000269;ECO:0007744
Q8N4J0,229,Binding site,ECO:0000269;ECO:0007744
Q8N4J0,295,Binding site,ECO:0000269;ECO:0007744
Q8N4J0,296,Binding site,ECO:0000269;ECO:0007744
Q8N4J0,312,Binding site,ECO:0000269;ECO:0007744
Q8N4J0,316,Binding site,ECO:0000269;ECO:0007744
Q8N4J0,324,Binding site,ECO:0000269;ECO:0007744
Q8N4J0,347,Binding site,ECO:0000269;ECO:0007744
Q8N4J0,398,Binding site,ECO:0000269;ECO:0007744
Q8N4L2,107,Active site,ECO:0000250
Q8N554,79,Binding site,ECO:0000255
Q8N554,82,Binding site,ECO:0000255
Q8N554,136,Binding site,ECO:0000255
Q8N554,139,Binding site,ECO:0000255
Q8N5J2,137,Active site,ECO:0000305
Q8N5J2,319,Active site,ECO:0000305
Q8N6T7,133,Active site,ECO:0000255;ECO:0000269;ECO:0000305
Q8N6T7,53,Binding site,ECO:0000305;ECO:0007744
Q8N6T7,57,Binding site,ECO:0000269;ECO:0000305;ECO:0007744
Q8N6T7,64,Binding site,ECO:0000269;ECO:0000305;ECO:0007744
Q8N6T7,65,Binding site,ECO:0000269;ECO:0000305;ECO:0007744
Q8N6T7,71,Binding site,ECO:0000269;ECO:0000305;ECO:0007744
Q8N6T7,113,Binding site,ECO:0000269;ECO:0000305;ECO:0007744
Q8N6T7,133,Binding site,ECO:0000269;ECO:0000305;ECO:0007744
Q8N6T7,141,Binding site,ECO:0000255;ECO:0000269;ECO:0007744
Q8N6T7,144,Binding site,ECO:0000255;ECO:0000269;ECO:0007744
Q8N6T7,166,Binding site,ECO:0000255;ECO:0000269;ECO:0007744
Q8N6T7,177,Binding site,ECO:0000255;ECO:0000269;ECO:0007744
Q8N6T7,214,Binding site,ECO:0000269;ECO:0000305;ECO:0007744
Q8N6T7,216,Binding site,ECO:0000269;ECO:0000305;ECO:0007744
Q8N6T7,240,Binding site,ECO:0000269;ECO:0000305;ECO:0007744
Q8N6T7,242,Binding site,ECO:0000269;ECO:0000305;ECO:0007744
Q8N6T7,258,Binding site,ECO:0000269;ECO:0000305;ECO:0007744
Q8N8A6,256,Binding site,ECO:0000255
Q8N8A6,257,Binding site,ECO:0000255
Q8N8A6,258,Binding site,ECO:0000255
Q8N8A6,259,Binding site,ECO:0000255
Q8N8A6,260,Binding site,ECO:0000255
Q8N8A6,261,Binding site,ECO:0000255
Q8N8A6,262,Binding site,ECO:0000255
Q8N8A6,263,Binding site,ECO:0000255
Q8NB78,53,Binding site,ECO:0000269;ECO:0007744
Q8NB78,58,Binding site,ECO:0000269;ECO:0007744
Q8NB78,65,Binding site,ECO:0000269;ECO:0007744
Q8NB78,73,Binding site,ECO:0000269;ECO:0007744
Q8NB78,84,Binding site,ECO:0000269;ECO:0007744
Q8NB78,90,Binding site,ECO:0000269;ECO:0007744
Q8NB78,92,Binding site,ECO:0000269;ECO:0007744
Q8NB78,95,Binding site,ECO:0000269;ECO:0007744
Q8NB78,142,Binding site,ECO:0000255;ECO:0000269;ECO:0007744
Q8NB78,147,Binding site,ECO:0000255;ECO:0000269;ECO:0007744
Q8NB78,169,Binding site,ECO:0000255;ECO:0000269;ECO:0007744
Q8NB78,185,Binding site,ECO:0000255;ECO:0000269;ECO:0007744
Q8NB78,383,Binding site,ECO:0000255;ECO:0000269;ECO:0007744
Q8NB78,384,Binding site,ECO:0000255;ECO:0000269;ECO:0007744
Q8NB78,385,Binding site,ECO:0000255;ECO:0000269;ECO:0007744
Q8NB78,386,Binding site,ECO:0000255;ECO:0000269;ECO:0007744
Q8NB78,387,Binding site,ECO:0000255;ECO:0000269;ECO:0007744
Q8NB78,388,Binding site,ECO:0000255;ECO:0000269;ECO:0007744
Q8NB78,389,Binding site,ECO:0000255;ECO:0000269;ECO:0007744
Q8NB78,390,Binding site,ECO:0000255;ECO:0000269;ECO:0007744
Q8NB78,391,Binding site,ECO:0000255;ECO:0000269;ECO:0007744
Q8NB78,392,Binding site,ECO:0000255;ECO:0000269;ECO:0007744
Q8NB78,393,Binding site,ECO:0000255;ECO:0000269;ECO:0007744
Q8NB78,394,Binding site,ECO:0000255;ECO:0000269;ECO:0007744
Q8NB78,395,Binding site,ECO:0000255;ECO:0000269;ECO:0007744
Q8NB78,396,Binding site,ECO:0000255;ECO:0000269;ECO:0007744
Q8NB78,397,Binding site,ECO:0000255;ECO:0000269;ECO:0007744
Q8NB78,398,Binding site,ECO:0000255;ECO:0000269;ECO:0007744
Q8NB78,399,Binding site,ECO:0000255;ECO:0000269;ECO:0007744
Q8NB78,400,Binding site,ECO:0000255;ECO:0000269;ECO:0007744
Q8NB78,401,Binding site,ECO:0000255;ECO:0000269;ECO:0007744
Q8NB78,402,Binding site,ECO:0000255;ECO:0000269;ECO:0007744
Q8NB78,403,Binding site,ECO:0000255;ECO:0000269;ECO:0007744
Q8NB78,404,Binding site,ECO:0000255;ECO:0000269;ECO:0007744
Q8NB78,405,Binding site,ECO:0000255;ECO:0000269;ECO:0007744
Q8NB78,406,Binding site,ECO:0000255;ECO:0000269;ECO:0007744
Q8NB78,407,Binding site,ECO:0000255;ECO:0000269;ECO:0007744
Q8NB78,408,Binding site,ECO:0000255;ECO:0000269;ECO:0007744
Q8NB78,409,Binding site,ECO:0000255;ECO:0000269;ECO:0007744
Q8NB78,410,Binding site,ECO:0000255;ECO:0000269;ECO:0007744
Q8NB78,411,Binding site,ECO:0000255;ECO:0000269;ECO:0007744
Q8NB78,412,Binding site,ECO:0000255;ECO:0000269;ECO:0007744
Q8NB78,413,Binding site,ECO:0000255;ECO:0000269;ECO:0007744
Q8NB78,414,Binding site,ECO:0000255;ECO:0000269;ECO:0007744
Q8NB78,415,Binding site,ECO:0000255;ECO:0000269;ECO:0007744
Q8NB78,416,Binding site,ECO:0000255;ECO:0000269;ECO:0007744
Q8NB78,417,Binding site,ECO:0000255;ECO:0000269;ECO:0007744
Q8NB78,418,Binding site,ECO:0000255;ECO:0000269;ECO:0007744
Q8NB78,419,Binding site,ECO:0000255;ECO:0000269;ECO:0007744
Q8NB78,420,Binding site,ECO:0000255;ECO:0000269;ECO:0007744
Q8NB78,421,Binding site,ECO:0000255;ECO:0000269;ECO:0007744
Q8NB78,422,Binding site,ECO:0000255;ECO:0000269;ECO:0007744
Q8NB78,423,Binding site,ECO:0000255;ECO:0000269;ECO:0007744
Q8NB78,424,Binding site,ECO:0000255;ECO:0000269;ECO:0007744
Q8NB78,425,Binding site,ECO:0000255;ECO:0000269;ECO:0007744
Q8NB78,426,Binding site,ECO:0000255;ECO:0000269;ECO:0007744
Q8NB78,427,Binding site,ECO:0000255;ECO:0000269;ECO:0007744
Q8NB78,428,Binding site,ECO:0000255;ECO:0000269;ECO:0007744
Q8NB78,429,Binding site,ECO:0000255;ECO:0000269;ECO:0007744
Q8NB78,430,Binding site,ECO:0000255;ECO:0000269;ECO:0007744
Q8NB78,431,Binding site,ECO:0000255;ECO:0000269;ECO:0007744
Q8NB78,432,Binding site,ECO:0000255;ECO:0000269;ECO:0007744
Q8NB78,433,Binding site,ECO:0000255;ECO:0000269;ECO:0007744
Q8NB78,434,Binding site,ECO:0000255;ECO:0000269;ECO:0007744
Q8NB78,435,Binding site,ECO:0000255;ECO:0000269;ECO:0007744
Q8NB78,436,Binding site,ECO:0000255;ECO:0000269;ECO:0007744
Q8NB78,437,Binding site,ECO:0000255;ECO:0000269;ECO:0007744
Q8NB78,438,Binding site,ECO:0000255;ECO:0000269;ECO:0007744
Q8NB78,439,Binding site,ECO:0000255;ECO:0000269;ECO:0007744
Q8NB78,598,Binding site,ECO:0000269;ECO:0007744
Q8NB78,795,Binding site,ECO:0000269;ECO:0007744
Q8NB78,803,Binding site,ECO:0000269;ECO:0007744
Q8NB78,804,Binding site,ECO:0000269;ECO:0007744
Q8NB78,805,Binding site,ECO:0000269;ECO:0007744
Q8NBR6,266,Active site,ECO:0000250
Q8NBR6,448,Active site,ECO:0000250
Q8NCE2,330,Active site,ECO:0000250
Q8NCE2,333,Binding site,ECO:0000250
Q8NCE2,333,Binding site,ECO:0000250
Q8NCE2,334,Binding site,ECO:0000250
Q8NCE2,334,Binding site,ECO:0000250
Q8NCE2,335,Binding site,ECO:0000250
Q8NCE2,335,Binding site,ECO:0000250
Q8NCE2,336,Binding site,ECO:0000250
Q8NCE2,336,Binding site,ECO:0000250
Q8NCE2,382,Binding site,ECO:0000250
Q8NCE2,382,Binding site,ECO:0000250
Q8NDL9,516,Active site,ECO:0000255
Q8NDL9,252,Binding site,ECO:0000255
Q8NDL9,255,Binding site,ECO:0000255
Q8NDL9,434,Binding site,ECO:0000255
Q8NDX5,785,Binding site,ECO:0000255
Q8NDX5,788,Binding site,ECO:0000255
Q8NDX5,804,Binding site,ECO:0000255
Q8NDX5,808,Binding site,ECO:0000255
Q8NE71,336,Binding site,ECO:0000255
Q8NE71,337,Binding site,ECO:0000255
Q8NE71,338,Binding site,ECO:0000255
Q8NE71,339,Binding site,ECO:0000255
Q8NE71,340,Binding site,ECO:0000255
Q8NE71,341,Binding site,ECO:0000255
Q8NE71,342,Binding site,ECO:0000255
Q8NE71,343,Binding site,ECO:0000255
Q8NE71,658,Binding site,ECO:0000255
Q8NE71,659,Binding site,ECO:0000255
Q8NE71,660,Binding site,ECO:0000255
Q8NE71,661,Binding site,ECO:0000255
Q8NE71,662,Binding site,ECO:0000255
Q8NE71,663,Binding site,ECO:0000255
Q8NE71,664,Binding site,ECO:0000255
Q8NE71,665,Binding site,ECO:0000255
Q8NEG5,234,Binding site,ECO:0000255
Q8NEG5,237,Binding site,ECO:0000255
Q8NEG5,249,Binding site,ECO:0000255
Q8NEG5,252,Binding site,ECO:0000255
Q8NEG5,258,Binding site,ECO:0000255
Q8NEG5,261,Binding site,ECO:0000255
Q8NEG5,267,Binding site,ECO:0000255
Q8NEG5,270,Binding site,ECO:0000255
Q8NEL9,537,Active site,ECO:0000250
Q8NEZ4,4825,Binding site,ECO:0000255
Q8NEZ4,4848,Binding site,ECO:0000250
Q8NEZ4,4849,Binding site,ECO:0000250
Q8NEZ4,4851,Binding site,ECO:0000250
Q8NEZ4,4899,Binding site,ECO:0000250
Q8NEZ4,4901,Binding site,ECO:0000250
Q8NEZ4,4906,Binding site,ECO:0000250
Q8NFP7,68,Active site,ECO:0000250
Q8NFP7,9,Binding site,ECO:0000250
Q8NFP7,17,Binding site,ECO:0000250
Q8NFP7,18,Binding site,ECO:0000250
Q8NFP7,19,Binding site,ECO:0000250
Q8NFP7,38,Binding site,ECO:0000250
Q8NFP7,39,Binding site,ECO:0000250
Q8NFP7,40,Binding site,ECO:0000250
Q8NFP7,49,Binding site,ECO:0000250
Q8NFP7,65,Binding site,ECO:0000250
Q8NFP7,65,Binding site,ECO:0000250
Q8NFP7,69,Binding site,ECO:0000250
Q8NFP7,89,Binding site,ECO:0000250
Q8NFP7,90,Binding site,ECO:0000250
Q8NFP7,91,Binding site,ECO:0000250
Q8NFP7,115,Binding site,ECO:0000250
Q8NFP7,133,Binding site,ECO:0000250
Q8NHM5,239,Binding site,ECO:0000250
Q8NHM5,242,Binding site,ECO:0000255
Q8NHM5,244,Binding site,ECO:0000255
Q8NHM5,259,Binding site,ECO:0000250
Q8NHM5,314,Binding site,ECO:0000255
Q8NHM5,613,Binding site,ECO:0000255;ECO:0000269;ECO:0007744
Q8NHM5,616,Binding site,ECO:0000255;ECO:0000269;ECO:0007744
Q8NHM5,619,Binding site,ECO:0000255;ECO:0000269;ECO:0007744
Q8NHM5,624,Binding site,ECO:0000255;ECO:0000269;ECO:0007744
Q8NHM5,627,Binding site,ECO:0000255;ECO:0000269;ECO:0007744
Q8NHM5,630,Binding site,ECO:0000255;ECO:0000269;ECO:0007744
Q8NHM5,646,Binding site,ECO:0000255;ECO:0000269;ECO:0007744
Q8NHM5,651,Binding site,ECO:0000255
Q8NHM5,662,Binding site,ECO:0000269;ECO:0007744
Q8NHM5,665,Binding site,ECO:0000269;ECO:0007744
Q8NHM5,688,Binding site,ECO:0000269;ECO:0007744
Q8NHM5,691,Binding site,ECO:0000269;ECO:0007744
Q8NHM5,696,Binding site,ECO:0000269;ECO:0007744
Q8NHM5,699,Binding site,ECO:0000269;ECO:0007744
Q8NHM5,719,Binding site,ECO:0000269;ECO:0007744
Q8NHM5,722,Binding site,ECO:0000269;ECO:0007744
Q8TAT5,2,Active site,ECO:0000255
Q8TAT5,192,Binding site,ECO:0000250
Q8TAT5,271,Binding site,ECO:0000250
Q8TAT5,507,Binding site,ECO:0000255
Q8TAT5,510,Binding site,ECO:0000255
Q8TAT5,533,Binding site,ECO:0000255
Q8TAT5,541,Binding site,ECO:0000255
Q8TAT5,554,Binding site,ECO:0000255
Q8TAT5,556,Binding site,ECO:0000255
Q8TAT5,579,Binding site,ECO:0000255
Q8TAT5,587,Binding site,ECO:0000255
Q8TCJ2,103,Binding site,ECO:0000250
Q8TCJ2,221,Binding site,ECO:0000250
Q8TCJ2,223,Binding site,ECO:0000250
Q8TCJ2,459,Binding site,ECO:0000250
Q8TCJ2,609,Binding site,ECO:0000250
Q8TD19,176,Active site,ECO:0000255
Q8TD19,58,Binding site,ECO:0000255
Q8TD19,59,Binding site,ECO:0000255
Q8TD19,60,Binding site,ECO:0000255
Q8TD19,61,Binding site,ECO:0000255
Q8TD19,62,Binding site,ECO:0000255
Q8TD19,63,Binding site,ECO:0000255
Q8TD19,64,Binding site,ECO:0000255
Q8TD19,65,Binding site,ECO:0000255
Q8TD19,66,Binding site,ECO:0000255
Q8TD19,81,Binding site,ECO:0000305
Q8TD26,486,Binding site,ECO:0000255
Q8TD26,487,Binding site,ECO:0000255
Q8TD26,488,Binding site,ECO:0000255
Q8TD26,489,Binding site,ECO:0000255
Q8TD26,490,Binding site,ECO:0000255
Q8TD26,491,Binding site,ECO:0000255
Q8TD26,492,Binding site,ECO:0000255
Q8TD26,493,Binding site,ECO:0000255
Q8TDC3,156,Active site,ECO:0000255
Q8TDC3,40,Binding site,ECO:0000255
Q8TDC3,41,Binding site,ECO:0000255
Q8TDC3,42,Binding site,ECO:0000255
Q8TDC3,43,Binding site,ECO:0000255
Q8TDC3,44,Binding site,ECO:0000255
Q8TDC3,45,Binding site,ECO:0000255
Q8TDC3,46,Binding site,ECO:0000255
Q8TDC3,47,Binding site,ECO:0000255
Q8TDC3,48,Binding site,ECO:0000255
Q8TDC3,63,Binding site,ECO:0000255
Q8TDD1,140,Binding site,ECO:0000255
Q8TDD1,141,Binding site,ECO:0000255
Q8TDD1,142,Binding site,ECO:0000255
Q8TDD1,143,Binding site,ECO:0000255
Q8TDD1,144,Binding site,ECO:0000255
Q8TDD1,145,Binding site,ECO:0000255
Q8TDD1,146,Binding site,ECO:0000255
Q8TDD1,147,Binding site,ECO:0000255
Q8TDR2,360,Active site,ECO:0000255
Q8TDR2,208,Binding site,ECO:0000255
Q8TDR2,209,Binding site,ECO:0000255
Q8TDR2,210,Binding site,ECO:0000255
Q8TDR2,211,Binding site,ECO:0000255
Q8TDR2,212,Binding site,ECO:0000255
Q8TDR2,213,Binding site,ECO:0000255
Q8TDR2,214,Binding site,ECO:0000255
Q8TDR2,215,Binding site,ECO:0000255
Q8TDR2,216,Binding site,ECO:0000255
Q8TDR2,231,Binding site,ECO:0000305
Q8TDZ2,95,Binding site,ECO:0000250
Q8TDZ2,114,Binding site,ECO:0000250
Q8TDZ2,115,Binding site,ECO:0000250
Q8TDZ2,116,Binding site,ECO:0000250
Q8TDZ2,121,Binding site,ECO:0000250
Q8TDZ2,122,Binding site,ECO:0000250
Q8TDZ2,123,Binding site,ECO:0000250
Q8TDZ2,181,Binding site,ECO:0000250
Q8TDZ2,293,Binding site,ECO:0000250
Q8TDZ2,393,Binding site,ECO:0000250
Q8TDZ2,697,Binding site,ECO:0007744
Q8TDZ2,700,Binding site,ECO:0007744
Q8TDZ2,718,Binding site,ECO:0007744
Q8TDZ2,721,Binding site,ECO:0007744
Q8TDZ2,724,Binding site,ECO:0007744
Q8TDZ2,727,Binding site,ECO:0007744
Q8TDZ2,747,Binding site,ECO:0007744
Q8TDZ2,750,Binding site,ECO:0007744
Q8TEB9,144,Active site,ECO:0000250
Q8TEB9,195,Active site,ECO:0000250
Q8TEK3,139,Binding site,ECO:0000269;ECO:0007744
Q8TEK3,163,Binding site,ECO:0000269;ECO:0007744
Q8TEK3,168,Binding site,ECO:0000269;ECO:0007744
Q8TEK3,186,Binding site,ECO:0000255;ECO:0000269;ECO:0007744
Q8TEK3,222,Binding site,ECO:0000269;ECO:0007744
Q8TEK3,223,Binding site,ECO:0000269;ECO:0007744
Q8TEU7,280,Binding site,
Q8TEU7,281,Binding site,
Q8TEU7,282,Binding site,
Q8TEU7,283,Binding site,
Q8TEU7,284,Binding site,
Q8TEU7,285,Binding site,
Q8TEU7,286,Binding site,
Q8TEU7,287,Binding site,
Q8TEU7,288,Binding site,
Q8TEU7,289,Binding site,
Q8TEU7,290,Binding site,
Q8TEU7,291,Binding site,
Q8TEU7,292,Binding site,
Q8TEU7,293,Binding site,
Q8TEU7,294,Binding site,
Q8TEU7,295,Binding site,
Q8TEU7,296,Binding site,
Q8TEU7,297,Binding site,
Q8TEU7,298,Binding site,
Q8TEU7,299,Binding site,
Q8TEU7,300,Binding site,
Q8TEU7,301,Binding site,
Q8TEU7,302,Binding site,
Q8TEU7,303,Binding site,
Q8TEU7,304,Binding site,
Q8TEU7,305,Binding site,
Q8TEU7,306,Binding site,
Q8TEU7,307,Binding site,
Q8TEU7,308,Binding site,
Q8TEU7,309,Binding site,
Q8TEU7,310,Binding site,
Q8TEU7,311,Binding site,
Q8TEU7,312,Binding site,
Q8TEU7,313,Binding site,
Q8TEU7,314,Binding site,
Q8TEU7,315,Binding site,
Q8TEU7,316,Binding site,
Q8TEU7,317,Binding site,
Q8TEU7,318,Binding site,
Q8TEU7,319,Binding site,
Q8TEU7,320,Binding site,
Q8TEU7,321,Binding site,
Q8TEU7,322,Binding site,
Q8TEU7,323,Binding site,
Q8TEU7,324,Binding site,
Q8TEU7,325,Binding site,
Q8TEU7,326,Binding site,
Q8TEU7,327,Binding site,
Q8TEU7,328,Binding site,
Q8TEU7,329,Binding site,
Q8TEU7,330,Binding site,
Q8TEU7,331,Binding site,
Q8TEU7,332,Binding site,
Q8TEU7,333,Binding site,
Q8TEU7,334,Binding site,
Q8TEU7,335,Binding site,
Q8TEU7,336,Binding site,
Q8TEU7,337,Binding site,
Q8TEU7,338,Binding site,
Q8TEU7,339,Binding site,
Q8TEU7,340,Binding site,
Q8TEU7,341,Binding site,
Q8TEU7,342,Binding site,
Q8TEU7,343,Binding site,
Q8TEU7,344,Binding site,
Q8TEU7,345,Binding site,
Q8TEU7,346,Binding site,
Q8TEU7,347,Binding site,
Q8TEU7,348,Binding site,
Q8TEU7,349,Binding site,
Q8TEU7,350,Binding site,
Q8TEU7,351,Binding site,
Q8TEU7,352,Binding site,
Q8TEU7,353,Binding site,
Q8TEU7,354,Binding site,
Q8TEU7,355,Binding site,
Q8TEU7,356,Binding site,
Q8TEU7,357,Binding site,
Q8TEU7,358,Binding site,
Q8TEU7,359,Binding site,
Q8TEU7,360,Binding site,
Q8TEU7,361,Binding site,
Q8TEU7,362,Binding site,
Q8TEU7,363,Binding site,
Q8TEU7,364,Binding site,
Q8TEU7,365,Binding site,
Q8TEU7,366,Binding site,
Q8TEU7,367,Binding site,
Q8TEU7,368,Binding site,
Q8TEU7,369,Binding site,
Q8TEU7,370,Binding site,
Q8TEU7,371,Binding site,
Q8TEU7,372,Binding site,
Q8TEU7,373,Binding site,
Q8TEU7,374,Binding site,
Q8TEU7,375,Binding site,
Q8TEU7,376,Binding site,
Q8TEU7,377,Binding site,
Q8TEU7,378,Binding site,
Q8TEU7,379,Binding site,
Q8TEU7,380,Binding site,
Q8TEU7,381,Binding site,
Q8TEU7,382,Binding site,
Q8TEU7,383,Binding site,
Q8TEU7,384,Binding site,
Q8TEU7,385,Binding site,
Q8TEU7,386,Binding site,
Q8TEU7,387,Binding site,
Q8TEU7,388,Binding site,
Q8TEU7,389,Binding site,
Q8TEU7,390,Binding site,
Q8TEU7,391,Binding site,
Q8TEU7,392,Binding site,
Q8TEU7,393,Binding site,
Q8TEU7,394,Binding site,
Q8TEU7,395,Binding site,
Q8TEU7,396,Binding site,
Q8TEU7,397,Binding site,
Q8TEU7,398,Binding site,
Q8TEU7,399,Binding site,
Q8TF40,608,Binding site,ECO:0000250
Q8TF40,610,Binding site,ECO:0000250
Q8TF40,613,Binding site,ECO:0000250
Q8TF40,613,Binding site,ECO:0000250
Q8TF40,615,Binding site,ECO:0000250
Q8TF42,390,Active site,ECO:0000250
Q8TF42,391,Active site,ECO:0000250
Q8TF42,576,Active site,ECO:0000250
Q8TF76,649,Active site,ECO:0000255
Q8TF76,490,Binding site,ECO:0000255
Q8TF76,491,Binding site,ECO:0000255
Q8TF76,492,Binding site,ECO:0000255
Q8TF76,493,Binding site,ECO:0000255
Q8TF76,494,Binding site,ECO:0000255
Q8TF76,495,Binding site,ECO:0000255
Q8TF76,496,Binding site,ECO:0000255
Q8TF76,497,Binding site,ECO:0000255
Q8TF76,498,Binding site,ECO:0000255
Q8TF76,511,Binding site,ECO:0000255
Q8TF76,606,Binding site,ECO:0000269;ECO:0007744
Q8TF76,607,Binding site,ECO:0000269;ECO:0007744
Q8TF76,608,Binding site,ECO:0000269;ECO:0007744
Q8TF76,609,Binding site,ECO:0000269;ECO:0007744
Q8TF76,610,Binding site,ECO:0000269;ECO:0007744
Q8TF76,611,Binding site,ECO:0000269;ECO:0007744
Q8TF76,649,Binding site,ECO:0000269;ECO:0007744
Q8TF76,650,Binding site,ECO:0000269;ECO:0007744
Q8TF76,651,Binding site,ECO:0000269;ECO:0007744
Q8TF76,652,Binding site,ECO:0000269;ECO:0007744
Q8TF76,653,Binding site,ECO:0000269;ECO:0007744
Q8TF76,654,Binding site,ECO:0000269;ECO:0007744
Q8TF76,687,Binding site,ECO:0000269
Q8TF76,688,Binding site,ECO:0000269
Q8TF76,689,Binding site,ECO:0000269
Q8WV44,227,Binding site,ECO:0000255
Q8WV44,230,Binding site,ECO:0000255
Q8WV44,249,Binding site,ECO:0000255
Q8WV44,255,Binding site,ECO:0000255
Q8WVB3,149,Active site,ECO:0000250
Q8WY91,444,Binding site,ECO:0000269;ECO:0007744
Q8WY91,567,Binding site,ECO:0000269;ECO:0007744
Q8WYB5,891,Active site,ECO:0000250
Q8WYB5,856,Binding site,ECO:0000250
Q8WYB5,857,Binding site,ECO:0000250
Q8WYB5,858,Binding site,ECO:0000250
Q8WYB5,859,Binding site,ECO:0000250
Q8WYB5,860,Binding site,ECO:0000250
Q8WYB5,865,Binding site,ECO:0000250
Q8WYB5,866,Binding site,ECO:0000250
Q8WYB5,867,Binding site,ECO:0000250
Q8WYB5,868,Binding site,ECO:0000250
Q8WYB5,869,Binding site,ECO:0000250
Q8WYB5,870,Binding site,ECO:0000250
Q8WYB5,871,Binding site,ECO:0000250
Q8WYB5,895,Binding site,ECO:0000250
Q8WYJ6,37,Binding site,ECO:0000250
Q8WYJ6,38,Binding site,ECO:0000250
Q8WYJ6,39,Binding site,ECO:0000250
Q8WYJ6,40,Binding site,ECO:0000250
Q8WYJ6,41,Binding site,ECO:0000250
Q8WYJ6,42,Binding site,ECO:0000250
Q8WYJ6,43,Binding site,ECO:0000250
Q8WYJ6,44,Binding site,ECO:0000250
Q8WYJ6,71,Binding site,ECO:0000250
Q8WYJ6,97,Binding site,ECO:0000250
Q8WYJ6,176,Binding site,ECO:0000250
Q8WYJ6,177,Binding site,ECO:0000250
Q8WYJ6,178,Binding site,ECO:0000250
Q8WYJ6,179,Binding site,ECO:0000250
Q8WYJ6,180,Binding site,ECO:0000250
Q8WYJ6,181,Binding site,ECO:0000250
Q8WYJ6,182,Binding site,ECO:0000250
Q8WYJ6,183,Binding site,ECO:0000250
Q8WYJ6,184,Binding site,ECO:0000250
Q8WYJ6,234,Binding site,ECO:0000250
Q8WYJ6,250,Binding site,ECO:0000250
Q8WYL5,393,Active site,ECO:0000255
Q8WYQ5,352,Binding site,ECO:0000305
Q92539,689,Binding site,ECO:0000255
Q92539,691,Binding site,ECO:0000255
Q92539,811,Binding site,ECO:0000255
Q92551,220,Binding site,ECO:0000250
Q92551,221,Binding site,ECO:0000250
Q92551,222,Binding site,ECO:0000250
Q92551,223,Binding site,ECO:0000250
Q92551,224,Binding site,ECO:0000250
Q92551,225,Binding site,ECO:0000250
Q92551,226,Binding site,ECO:0000250
Q92551,227,Binding site,ECO:0000250
Q92551,228,Binding site,ECO:0000250
Q92628,89,Binding site,ECO:0000255
Q92628,90,Binding site,ECO:0000255
Q92628,91,Binding site,ECO:0000255
Q92628,92,Binding site,ECO:0000255
Q92628,93,Binding site,ECO:0000255
Q92628,94,Binding site,ECO:0000255
Q92628,95,Binding site,ECO:0000255
Q92628,96,Binding site,ECO:0000255
Q92643,164,Active site,ECO:0000305
Q92643,206,Active site,ECO:0000305
Q92643,79,Binding site,ECO:0000269;ECO:0000312;ECO:0007744
Q92643,82,Binding site,ECO:0000269;ECO:0000312;ECO:0007744
Q92643,118,Binding site,ECO:0000269;ECO:0007744
Q92643,120,Binding site,ECO:0000269;ECO:0000312;ECO:0007744
Q92643,206,Binding site,ECO:0000269;ECO:0000312
Q92643,232,Binding site,ECO:0000269;ECO:0000312
Q92643,234,Binding site,ECO:0000269;ECO:0000312
Q92698,183,Binding site,ECO:0000255
Q92698,184,Binding site,ECO:0000255
Q92698,185,Binding site,ECO:0000255
Q92698,186,Binding site,ECO:0000255
Q92698,187,Binding site,ECO:0000255
Q92698,188,Binding site,ECO:0000255
Q92698,189,Binding site,ECO:0000255
Q92698,190,Binding site,ECO:0000255
Q92769,142,Active site,ECO:0000250
Q92769,28,Binding site,ECO:0000250
Q92769,32,Binding site,ECO:0000250
Q92769,175,Binding site,ECO:0000269;ECO:0007744
Q92769,177,Binding site,ECO:0000269;ECO:0007744
Q92769,177,Binding site,ECO:0000269;ECO:0007744
Q92769,179,Binding site,ECO:0000269;ECO:0007744
Q92769,179,Binding site,ECO:0000269;ECO:0007744
Q92769,188,Binding site,ECO:0000269;ECO:0007744
Q92769,191,Binding site,ECO:0000269;ECO:0007744
Q92769,194,Binding site,ECO:0000269;ECO:0007744
Q92769,198,Binding site,ECO:0000269;ECO:0007744
Q92769,199,Binding site,ECO:0000269;ECO:0007744
Q92769,223,Binding site,ECO:0000269;ECO:0007744
Q92769,265,Binding site,ECO:0000269;ECO:0007744
Q92769,271,Binding site,ECO:0000250
Q92793,363,Binding site,ECO:0000250
Q92793,367,Binding site,ECO:0000250
Q92793,380,Binding site,ECO:0000250
Q92793,385,Binding site,ECO:0000250
Q92793,394,Binding site,ECO:0000250
Q92793,398,Binding site,ECO:0000250
Q92793,404,Binding site,ECO:0000250
Q92793,409,Binding site,ECO:0000250
Q92793,418,Binding site,ECO:0000250
Q92793,422,Binding site,ECO:0000250
Q92793,427,Binding site,ECO:0000250
Q92793,430,Binding site,ECO:0000250
Q92793,1434,Binding site,ECO:0000250
Q92793,1435,Binding site,ECO:0000250
Q92793,1436,Binding site,ECO:0000250
Q92793,1446,Binding site,ECO:0000250
Q92793,1447,Binding site,ECO:0000250
Q92793,1493,Binding site,ECO:0000250
Q92793,1498,Binding site,ECO:0000250
Q92793,1502,Binding site,ECO:0000250
Q92793,1707,Binding site,ECO:0000255
Q92793,1710,Binding site,ECO:0000255
Q92793,1720,Binding site,ECO:0000255
Q92793,1723,Binding site,ECO:0000255
Q92793,1729,Binding site,ECO:0000255
Q92793,1732,Binding site,ECO:0000255
Q92793,1738,Binding site,ECO:0000255
Q92793,1740,Binding site,ECO:0000255
Q92794,680,Active site,ECO:0000250
Q92794,645,Binding site,ECO:0000269
Q92794,646,Binding site,ECO:0000269
Q92794,647,Binding site,ECO:0000269
Q92794,648,Binding site,ECO:0000269
Q92794,649,Binding site,ECO:0000269
Q92794,654,Binding site,ECO:0000269
Q92794,655,Binding site,ECO:0000269
Q92794,656,Binding site,ECO:0000269
Q92794,657,Binding site,ECO:0000269
Q92794,658,Binding site,ECO:0000269
Q92794,659,Binding site,ECO:0000269
Q92794,660,Binding site,ECO:0000269
Q92794,684,Binding site,ECO:0000269
Q92851,358,Active site,ECO:0000250
Q92851,401,Active site,ECO:0000250
Q92900,123,Binding site,ECO:0000255;ECO:0000269;ECO:0007744
Q92900,126,Binding site,ECO:0000255;ECO:0000269;ECO:0007744
Q92900,137,Binding site,ECO:0000255;ECO:0000269;ECO:0007744
Q92900,140,Binding site,ECO:0000255;ECO:0000269;ECO:0007744
Q92900,145,Binding site,ECO:0000255;ECO:0000269;ECO:0007744
Q92900,155,Binding site,ECO:0000255;ECO:0000269;ECO:0007744
Q92900,159,Binding site,ECO:0000255;ECO:0000269;ECO:0007744
Q92900,165,Binding site,ECO:0000255;ECO:0000269;ECO:0007744
Q92900,183,Binding site,ECO:0000255;ECO:0000269;ECO:0007744
Q92900,186,Binding site,ECO:0000255;ECO:0000269;ECO:0007744
Q92900,209,Binding site,ECO:0000255;ECO:0000269;ECO:0007744
Q92900,213,Binding site,ECO:0000255;ECO:0000269;ECO:0007744
Q92900,480,Binding site,ECO:0000305;ECO:0007744
Q92900,481,Binding site,ECO:0000305;ECO:0007744
Q92900,486,Binding site,ECO:0000305;ECO:0007744
Q92900,506,Binding site,ECO:0000305;ECO:0007744
Q92900,507,Binding site,ECO:0000305;ECO:0007744
Q92900,508,Binding site,ECO:0000305;ECO:0007744
Q92900,509,Binding site,ECO:0000305;ECO:0007744
Q92900,510,Binding site,ECO:0000305;ECO:0007744
Q92900,510,Binding site,ECO:0000269;ECO:0007744
Q92900,511,Binding site,ECO:0000305;ECO:0007744
Q92900,676,Binding site,ECO:0000305;ECO:0007744
Q92900,713,Binding site,ECO:0000305;ECO:0007744
Q92900,714,Binding site,ECO:0000305;ECO:0007744
Q92900,844,Binding site,ECO:0000305;ECO:0007744
Q92900,876,Binding site,ECO:0000305;ECO:0007744
Q92979,176,Binding site,ECO:0000250
Q92979,201,Binding site,ECO:0000250
Q92979,206,Binding site,ECO:0000250
Q92979,219,Binding site,ECO:0000250
Q92979,220,Binding site,ECO:0000250
Q92979,221,Binding site,ECO:0000250
Q92979,222,Binding site,ECO:0000250
Q92979,223,Binding site,ECO:0000250
Q92979,224,Binding site,ECO:0000250
Q92994,6,Binding site,ECO:0000255
Q92994,9,Binding site,ECO:0000255
Q92994,25,Binding site,ECO:0000255
Q92994,28,Binding site,ECO:0000255
Q92995,345,Active site,ECO:0000305
Q92995,823,Active site,ECO:0000255
Q92995,211,Binding site,ECO:0000255
Q92995,214,Binding site,ECO:0000255
Q92995,231,Binding site,ECO:0000255
Q92995,244,Binding site,ECO:0000255
Q93008,1566,Active site,ECO:0000255;ECO:0000305
Q93008,1879,Active site,ECO:0000255
Q93008,1727,Binding site,ECO:0000269;ECO:0007744
Q93008,1729,Binding site,ECO:0000269;ECO:0007744
Q93008,1771,Binding site,ECO:0000269;ECO:0007744
Q93008,1774,Binding site,ECO:0000269;ECO:0007744
Q93009,223,Active site,ECO:0000269;ECO:0000305
Q93009,464,Active site,ECO:0000305
Q93075,499,Binding site,ECO:0000250
Q93075,501,Binding site,ECO:0000250
Q93075,593,Binding site,ECO:0000250
Q93075,593,Binding site,ECO:0000250
Q93075,630,Binding site,ECO:0000250
Q93075,655,Binding site,ECO:0000250
Q93075,707,Binding site,ECO:0000250
Q93084,351,Active site,ECO:0000250
Q93084,304,Binding site,ECO:0000250
Q93084,305,Binding site,ECO:0000250
Q93084,307,Binding site,ECO:0000250
Q93084,309,Binding site,ECO:0000250
Q93084,351,Binding site,ECO:0000250
Q93084,353,Binding site,ECO:0000250
Q93084,353,Binding site,ECO:0000250
Q93084,442,Binding site,ECO:0000250
Q93084,489,Binding site,ECO:0000250
Q93084,515,Binding site,ECO:0000250
Q93084,560,Binding site,ECO:0000250
Q93084,625,Binding site,ECO:0000250
Q93084,626,Binding site,ECO:0000250
Q93084,627,Binding site,ECO:0000250
Q93084,678,Binding site,ECO:0000250
Q93084,684,Binding site,ECO:0000250
Q93084,703,Binding site,ECO:0000250
Q93084,706,Binding site,ECO:0000250
Q93084,768,Binding site,ECO:0000250
Q93084,771,Binding site,ECO:0000250
Q93084,796,Binding site,ECO:0000250
Q93084,799,Binding site,ECO:0000250
Q93084,800,Binding site,ECO:0000250
Q93084,800,Binding site,ECO:0000250
Q93084,908,Binding site,ECO:0000250
Q969F2,132,Binding site,ECO:0000305
Q969F2,134,Binding site,ECO:0000305
Q969F2,138,Binding site,ECO:0000305
Q969F2,143,Binding site,ECO:0000305
Q969R5,90,Binding site,ECO:0000255
Q969R5,93,Binding site,ECO:0000255
Q969R5,110,Binding site,ECO:0000255
Q969R5,114,Binding site,ECO:0000255
Q969T4,145,Active site,ECO:0000255
Q969Y2,52,Binding site,ECO:0000305
Q969Y2,112,Binding site,ECO:0000305
Q969Y2,152,Binding site,ECO:0000305
Q969Y2,256,Binding site,ECO:0000255
Q969Y2,257,Binding site,ECO:0000255
Q969Y2,258,Binding site,ECO:0000255
Q969Y2,259,Binding site,ECO:0000255
Q969Y2,260,Binding site,ECO:0000255
Q969Y2,261,Binding site,ECO:0000255
Q969Y2,262,Binding site,ECO:0000255
Q969Y2,263,Binding site,ECO:0000255
Q969Y2,259,Binding site,ECO:0000250
Q969Y2,263,Binding site,ECO:0000255
Q969Y2,282,Binding site,ECO:0000255
Q969Y2,283,Binding site,ECO:0000255
Q969Y2,284,Binding site,ECO:0000255
Q969Y2,285,Binding site,ECO:0000255
Q969Y2,286,Binding site,ECO:0000255
Q969Y2,284,Binding site,ECO:0000255
Q969Y2,303,Binding site,ECO:0000255
Q969Y2,304,Binding site,ECO:0000255
Q969Y2,305,Binding site,ECO:0000255
Q969Y2,306,Binding site,ECO:0000255
Q969Y2,374,Binding site,ECO:0000255
Q969Y2,375,Binding site,ECO:0000255
Q969Y2,376,Binding site,ECO:0000255
Q969Y2,377,Binding site,ECO:0000255
Q969Y2,397,Binding site,ECO:0000255
Q969Y2,398,Binding site,ECO:0000255
Q969Y2,399,Binding site,ECO:0000255
Q969Y2,492,Binding site,ECO:0000305
Q96AD5,47,Active site,ECO:0000255
Q96AD5,166,Active site,ECO:0000255
Q96AP4,360,Active site,ECO:0000305
Q96AP4,491,Active site,ECO:0000305
Q96AP4,512,Active site,ECO:0000250
Q96AX2,38,Binding site,ECO:0000250
Q96AX2,39,Binding site,ECO:0000250
Q96AX2,40,Binding site,ECO:0000250
Q96AX2,41,Binding site,ECO:0000250
Q96AX2,42,Binding site,ECO:0000250
Q96AX2,43,Binding site,ECO:0000250
Q96AX2,43,Binding site,ECO:0000250
Q96AX2,44,Binding site,ECO:0000250
Q96AX2,62,Binding site,ECO:0000250
Q96AX2,62,Binding site,ECO:0000250
Q96AX2,85,Binding site,ECO:0000250
Q96AX2,88,Binding site,ECO:0000250
Q96AX2,143,Binding site,ECO:0000250
Q96AX2,144,Binding site,ECO:0000250
Q96AX2,146,Binding site,ECO:0000250
Q96AX2,147,Binding site,ECO:0000250
Q96AX2,173,Binding site,ECO:0000250
Q96AX2,174,Binding site,ECO:0000250
Q96AX2,175,Binding site,ECO:0000250
Q96BN8,126,Active site,ECO:0000269;ECO:0007744
Q96BN8,129,Active site,ECO:0000269;ECO:0007744
Q96BN8,339,Active site,ECO:0000269;ECO:0007744
Q96BT7,227,Binding site,ECO:0000269
Q96BT7,228,Binding site,ECO:0000269
Q96BT7,229,Binding site,ECO:0000269
Q96BT7,238,Binding site,ECO:0000255;ECO:0000305
Q96BT7,240,Binding site,ECO:0000255;ECO:0000305
Q96BT7,242,Binding site,ECO:0000269
Q96BT7,292,Binding site,ECO:0000255;ECO:0000305
Q96BT7,328,Binding site,ECO:0000269
Q96BT7,334,Binding site,ECO:0000269
Q96BT7,341,Binding site,ECO:0000269
Q96BT7,343,Binding site,ECO:0000269
Q96BT7,349,Binding site,ECO:0000269
Q96C19,105,Binding site,ECO:0000305
Q96C19,109,Binding site,ECO:0000305
Q96C19,116,Binding site,ECO:0000305
Q96C19,141,Binding site,ECO:0000305
Q96C19,143,Binding site,ECO:0000305
Q96C19,145,Binding site,ECO:0000305
Q96C19,147,Binding site,ECO:0000305
Q96C19,152,Binding site,ECO:0000305
Q96C86,277,Active site,
Q96C86,175,Binding site,ECO:0000269
Q96C86,185,Binding site,ECO:0000269
Q96C86,205,Binding site,ECO:0000269
Q96C86,207,Binding site,ECO:0000269
Q96C86,268,Binding site,
Q96C86,269,Binding site,
Q96C86,270,Binding site,
Q96C86,271,Binding site,
Q96C86,272,Binding site,
Q96C86,273,Binding site,
Q96C86,274,Binding site,
Q96C86,275,Binding site,
Q96C86,276,Binding site,
Q96C86,277,Binding site,
Q96C86,278,Binding site,
Q96C86,279,Binding site,
Q96D71,331,Binding site,ECO:0000255
Q96D71,333,Binding site,ECO:0000255
Q96D71,335,Binding site,ECO:0000255
Q96D71,342,Binding site,ECO:0000255
Q96DU7,431,Binding site,ECO:0000250
Q96DU7,471,Binding site,ECO:0000250
Q96DU7,472,Binding site,ECO:0000250
Q96DU7,473,Binding site,ECO:0000250
Q96DU7,484,Binding site,ECO:0000250
Q96DU7,486,Binding site,
Q96DU7,507,Binding site,
Q96DU7,508,Binding site,
Q96DU7,509,Binding site,
Q96DU7,510,Binding site,
Q96DU7,511,Binding site,
Q96DU7,512,Binding site,
Q96DU7,513,Binding site,
Q96DU7,534,Binding site,
Q96DU7,535,Binding site,
Q96DU7,536,Binding site,
Q96DU7,537,Binding site,
Q96DU7,538,Binding site,
Q96DU7,539,Binding site,
Q96DU7,540,Binding site,
Q96DU7,541,Binding site,
Q96DU7,558,Binding site,ECO:0000250
Q96DU7,638,Binding site,ECO:0000250
Q96DU7,641,Binding site,
Q96E22,291,Binding site,ECO:0000269
Q96E22,292,Binding site,ECO:0000269
Q96EB6,363,Active site,ECO:0000255;ECO:0000269
Q96EB6,261,Binding site,ECO:0000250
Q96EB6,262,Binding site,ECO:0000250
Q96EB6,263,Binding site,ECO:0000250
Q96EB6,264,Binding site,ECO:0000250
Q96EB6,265,Binding site,ECO:0000250
Q96EB6,266,Binding site,ECO:0000250
Q96EB6,267,Binding site,ECO:0000250
Q96EB6,268,Binding site,ECO:0000250
Q96EB6,269,Binding site,ECO:0000250
Q96EB6,270,Binding site,ECO:0000250
Q96EB6,271,Binding site,ECO:0000250
Q96EB6,272,Binding site,ECO:0000250
Q96EB6,273,Binding site,ECO:0000250
Q96EB6,274,Binding site,ECO:0000250
Q96EB6,275,Binding site,ECO:0000250
Q96EB6,276,Binding site,ECO:0000250
Q96EB6,277,Binding site,ECO:0000250
Q96EB6,278,Binding site,ECO:0000250
Q96EB6,279,Binding site,ECO:0000250
Q96EB6,280,Binding site,ECO:0000250
Q96EB6,345,Binding site,ECO:0000250
Q96EB6,346,Binding site,ECO:0000250
Q96EB6,347,Binding site,ECO:0000250
Q96EB6,348,Binding site,ECO:0000250
Q96EB6,371,Binding site,ECO:0000255
Q96EB6,374,Binding site,ECO:0000255
Q96EB6,395,Binding site,ECO:0000255
Q96EB6,398,Binding site,ECO:0000255
Q96EB6,440,Binding site,ECO:0000250
Q96EB6,441,Binding site,ECO:0000250
Q96EB6,442,Binding site,ECO:0000250
Q96EB6,465,Binding site,ECO:0000250
Q96EB6,466,Binding site,ECO:0000250
Q96EB6,467,Binding site,ECO:0000250
Q96EB6,482,Binding site,ECO:0000250
Q96EY1,236,Binding site,ECO:0000269;ECO:0007744
Q96EY1,239,Binding site,ECO:0000269;ECO:0007744
Q96EY1,253,Binding site,ECO:0000269;ECO:0007744
Q96EY1,256,Binding site,ECO:0000269;ECO:0007744
Q96EY1,275,Binding site,ECO:0000269;ECO:0007744
Q96EY1,278,Binding site,ECO:0000269;ECO:0007744
Q96EY1,289,Binding site,ECO:0000269;ECO:0007744
Q96EY1,292,Binding site,ECO:0000269;ECO:0007744
Q96EY9,239,Binding site,ECO:0000250
Q96EY9,307,Binding site,ECO:0000250
Q96EY9,310,Binding site,ECO:0000250
Q96EY9,366,Binding site,ECO:0000250
Q96FJ0,347,Binding site,ECO:0000255;ECO:0000269;ECO:0007744
Q96FJ0,349,Binding site,ECO:0000255;ECO:0000269;ECO:0007744
Q96FJ0,360,Binding site,ECO:0000255;ECO:0000269;ECO:0007744
Q96FJ0,362,Binding site,ECO:0000269;ECO:0007744
Q96FJ0,402,Binding site,ECO:0000269;ECO:0007744
Q96FJ0,408,Binding site,ECO:0000269;ECO:0007744
Q96FJ0,410,Binding site,ECO:0000269;ECO:0007744
Q96FV2,12,Active site,ECO:0000255
Q96FX7,20,Binding site,ECO:0000269;ECO:0007744
Q96FX7,21,Binding site,ECO:0000269;ECO:0007744
Q96FX7,22,Binding site,ECO:0000269;ECO:0007744
Q96FX7,35,Binding site,ECO:0000269;ECO:0007744
Q96FX7,36,Binding site,ECO:0000269;ECO:0007744
Q96FX7,37,Binding site,ECO:0000269;ECO:0007744
Q96FX7,38,Binding site,ECO:0000269;ECO:0007744
Q96FX7,39,Binding site,ECO:0000269;ECO:0007744
Q96FX7,40,Binding site,ECO:0000269;ECO:0007744
Q96FX7,41,Binding site,ECO:0000269;ECO:0007744
Q96FX7,42,Binding site,ECO:0000269;ECO:0007744
Q96FX7,64,Binding site,ECO:0000269;ECO:0007744
Q96FX7,65,Binding site,ECO:0000269;ECO:0007744
Q96FX7,85,Binding site,ECO:0000269;ECO:0007744
Q96FX7,86,Binding site,ECO:0000269;ECO:0007744
Q96FX7,87,Binding site,ECO:0000269;ECO:0007744
Q96FX7,88,Binding site,ECO:0000269;ECO:0007744
Q96FX7,89,Binding site,ECO:0000269;ECO:0007744
Q96FX7,87,Binding site,ECO:0000269;ECO:0007744
Q96FX7,110,Binding site,ECO:0000269;ECO:0007744
Q96FX7,111,Binding site,ECO:0000269;ECO:0007744
Q96FX7,112,Binding site,ECO:0000269;ECO:0007744
Q96FX7,113,Binding site,ECO:0000269;ECO:0007744
Q96FX7,114,Binding site,ECO:0000269;ECO:0007744
Q96FX7,115,Binding site,ECO:0000269;ECO:0007744
Q96FX7,116,Binding site,ECO:0000269;ECO:0007744
Q96FX7,117,Binding site,ECO:0000269;ECO:0007744
Q96FX7,114,Binding site,ECO:0000269;ECO:0007744
Q96FX7,115,Binding site,ECO:0000269;ECO:0007744
Q96FX7,116,Binding site,ECO:0000269;ECO:0007744
Q96FX7,135,Binding site,ECO:0000255;ECO:0000269;ECO:0007744
Q96FX7,140,Binding site,ECO:0000269;ECO:0007744
Q96FX7,163,Binding site,ECO:0000269;ECO:0007744
Q96FX7,164,Binding site,ECO:0000269;ECO:0007744
Q96FX7,180,Binding site,ECO:0000269;ECO:0007744
Q96FX7,181,Binding site,ECO:0000269;ECO:0007744
Q96FX7,182,Binding site,ECO:0000269;ECO:0007744
Q96FX7,183,Binding site,ECO:0000269;ECO:0007744
Q96FX7,181,Binding site,ECO:0000255;ECO:0000269;ECO:0007744
Q96FX7,205,Binding site,ECO:0000269;ECO:0007744
Q96FX7,206,Binding site,ECO:0000269;ECO:0007744
Q96FX7,207,Binding site,ECO:0000269;ECO:0007744
Q96FX7,208,Binding site,ECO:0000269;ECO:0007744
Q96FX7,209,Binding site,ECO:0000269;ECO:0007744
Q96FX7,210,Binding site,ECO:0000269;ECO:0007744
Q96FX7,211,Binding site,ECO:0000269;ECO:0007744
Q96FX7,212,Binding site,ECO:0000269;ECO:0007744
Q96FX7,278,Binding site,ECO:0000269;ECO:0007744
Q96FZ2,2,Active site,ECO:0000269;ECO:0000305
Q96FZ2,127,Active site,ECO:0000269
Q96GX5,156,Active site,ECO:0000255
Q96GX5,41,Binding site,ECO:0000255
Q96GX5,42,Binding site,ECO:0000255
Q96GX5,43,Binding site,ECO:0000255
Q96GX5,44,Binding site,ECO:0000255
Q96GX5,45,Binding site,ECO:0000255
Q96GX5,46,Binding site,ECO:0000255
Q96GX5,47,Binding site,ECO:0000255
Q96GX5,48,Binding site,ECO:0000255
Q96GX5,49,Binding site,ECO:0000255
Q96GX5,62,Binding site,ECO:0000255
Q96HI0,646,Active site,ECO:0000250
Q96HI0,663,Active site,ECO:0000250
Q96HI0,713,Active site,ECO:0000305
Q96J02,871,Active site,ECO:0000255
Q96JH7,216,Active site,ECO:0000250
Q96JH7,219,Active site,ECO:0000305
Q96JH7,354,Active site,ECO:0000250
Q96JP5,313,Binding site,ECO:0000269;ECO:0000312
Q96JP5,318,Binding site,ECO:0000269;ECO:0000312
Q96JP5,331,Binding site,ECO:0000269;ECO:0000312
Q96JP5,336,Binding site,ECO:0000269;ECO:0000312
Q96JP5,344,Binding site,ECO:0000269;ECO:0000312
Q96JP5,349,Binding site,ECO:0000269;ECO:0000312
Q96JP5,362,Binding site,ECO:0000269;ECO:0000312
Q96JP5,366,Binding site,ECO:0000269;ECO:0000312
Q96JP5,374,Binding site,ECO:0000269;ECO:0000312
Q96JP5,377,Binding site,ECO:0000269;ECO:0000312
Q96JP5,390,Binding site,ECO:0000269;ECO:0000312
Q96JP5,394,Binding site,ECO:0000269;ECO:0000312
Q96JP5,402,Binding site,ECO:0000269;ECO:0000312
Q96JP5,405,Binding site,ECO:0000269;ECO:0000312
Q96JP5,418,Binding site,ECO:0000269;ECO:0000312
Q96JP5,422,Binding site,ECO:0000269;ECO:0000312
Q96JP5,432,Binding site,ECO:0000269;ECO:0000312
Q96JP5,435,Binding site,ECO:0000269;ECO:0000312
Q96JP5,448,Binding site,ECO:0000269;ECO:0000312
Q96JP5,453,Binding site,ECO:0000269;ECO:0000312
Q96K76,197,Active site,ECO:0000255
Q96K76,503,Active site,ECO:0000255
Q96KB5,167,Active site,ECO:0000255
Q96KB5,38,Binding site,ECO:0000255
Q96KB5,39,Binding site,ECO:0000255
Q96KB5,40,Binding site,ECO:0000255
Q96KB5,41,Binding site,ECO:0000255
Q96KB5,42,Binding site,ECO:0000255
Q96KB5,43,Binding site,ECO:0000255
Q96KB5,44,Binding site,ECO:0000255
Q96KB5,45,Binding site,ECO:0000255
Q96KB5,46,Binding site,ECO:0000255
Q96KB5,64,Binding site,ECO:0000255
Q96L34,181,Active site,ECO:0000255
Q96L34,65,Binding site,ECO:0000255
Q96L34,66,Binding site,ECO:0000255
Q96L34,67,Binding site,ECO:0000255
Q96L34,68,Binding site,ECO:0000255
Q96L34,69,Binding site,ECO:0000255
Q96L34,70,Binding site,ECO:0000255
Q96L34,71,Binding site,ECO:0000255
Q96L34,72,Binding site,ECO:0000255
Q96L34,73,Binding site,ECO:0000255
Q96L34,88,Binding site,ECO:0000255
Q96L73,1952,Binding site,
Q96L73,1953,Binding site,
Q96L73,1954,Binding site,
Q96L73,1994,Binding site,
Q96L73,1995,Binding site,
Q96L73,1996,Binding site,
Q96L73,1997,Binding site,
Q96L73,2020,Binding site,
Q96L73,2021,Binding site,
Q96L73,2065,Binding site,ECO:0000255;ECO:0000269
Q96L73,2071,Binding site,ECO:0000255;ECO:0000269
Q96L91,1116,Binding site,ECO:0000255
Q96L91,1117,Binding site,ECO:0000255
Q96L91,1118,Binding site,ECO:0000255
Q96L91,1119,Binding site,ECO:0000255
Q96L91,1120,Binding site,ECO:0000255
Q96L91,1121,Binding site,ECO:0000255
Q96L91,1122,Binding site,ECO:0000255
Q96L91,1123,Binding site,ECO:0000255
Q96LA8,155,Active site,ECO:0000250
Q96LA8,164,Active site,ECO:0000250
Q96LA8,57,Binding site,ECO:0000250
Q96LA8,66,Binding site,
Q96LA8,90,Binding site,
Q96LA8,112,Binding site,
Q96LA8,141,Binding site,
Q96LD8,102,Active site,
Q96LD8,119,Active site,
Q96LD8,163,Active site,
Q96LR5,139,Active site,ECO:0000255
Q96MU7,361,Binding site,ECO:0000269;ECO:0007744
Q96MU7,362,Binding site,ECO:0000269;ECO:0007744
Q96MU7,363,Binding site,ECO:0000269;ECO:0007744
Q96MU7,377,Binding site,ECO:0000269;ECO:0007744
Q96MU7,378,Binding site,ECO:0000269;ECO:0007744
Q96MU7,428,Binding site,ECO:0000269
Q96MU7,476,Binding site,ECO:0000269;ECO:0007744
Q96PE3,895,Active site,ECO:0000305
Q96PY6,128,Active site,ECO:0000255
Q96PY6,10,Binding site,ECO:0000255
Q96PY6,11,Binding site,ECO:0000255
Q96PY6,12,Binding site,ECO:0000255
Q96PY6,13,Binding site,ECO:0000255
Q96PY6,14,Binding site,ECO:0000255
Q96PY6,15,Binding site,ECO:0000255
Q96PY6,16,Binding site,ECO:0000255
Q96PY6,17,Binding site,ECO:0000255
Q96PY6,18,Binding site,ECO:0000255
Q96PY6,33,Binding site,ECO:0000255
Q96Q89,152,Binding site,ECO:0000255
Q96Q89,153,Binding site,ECO:0000255
Q96Q89,154,Binding site,ECO:0000255
Q96Q89,155,Binding site,ECO:0000255
Q96Q89,156,Binding site,ECO:0000255
Q96Q89,157,Binding site,ECO:0000255
Q96Q89,158,Binding site,ECO:0000255
Q96Q89,159,Binding site,ECO:0000255
Q96QE3,1132,Binding site,ECO:0000255
Q96QE3,1133,Binding site,ECO:0000255
Q96QE3,1134,Binding site,ECO:0000255
Q96QE3,1135,Binding site,ECO:0000255
Q96QE3,1136,Binding site,ECO:0000255
Q96QE3,1137,Binding site,ECO:0000255
Q96QE3,1138,Binding site,ECO:0000255
Q96QE3,1139,Binding site,ECO:0000255
Q96QT4,1767,Active site,ECO:0000250
Q96QT4,1621,Binding site,ECO:0000250
Q96QT4,1622,Binding site,ECO:0000250
Q96QT4,1623,Binding site,ECO:0000250
Q96QT4,1624,Binding site,ECO:0000250
Q96QT4,1648,Binding site,ECO:0000250
Q96QT4,1720,Binding site,ECO:0000250
Q96QT4,1721,Binding site,ECO:0000250
Q96QT4,1723,Binding site,ECO:0000250
Q96QT4,1753,Binding site,ECO:0000250
Q96QT4,1777,Binding site,ECO:0000250
Q96QT4,1810,Binding site,ECO:0000250
Q96QT4,1812,Binding site,ECO:0000250
Q96QT4,1816,Binding site,ECO:0000250
Q96QT6,59,Binding site,ECO:0000269;ECO:0007744
Q96QT6,61,Binding site,ECO:0000269;ECO:0007744
Q96QT6,62,Binding site,ECO:0000269;ECO:0007744
Q96QT6,79,Binding site,ECO:0000269;ECO:0007744
Q96QT6,82,Binding site,ECO:0000269;ECO:0007744
Q96QT6,274,Binding site,ECO:0000269;ECO:0007744
Q96QT6,277,Binding site,ECO:0000269;ECO:0007744
Q96QT6,289,Binding site,ECO:0000269;ECO:0007744
Q96QT6,292,Binding site,ECO:0000269;ECO:0007744
Q96QT6,297,Binding site,ECO:0000269;ECO:0007744
Q96QT6,300,Binding site,ECO:0000269;ECO:0007744
Q96QT6,315,Binding site,ECO:0000269;ECO:0007744
Q96QT6,318,Binding site,ECO:0000269;ECO:0007744
Q96RF0,312,Binding site,ECO:0000250
Q96RF0,314,Binding site,ECO:0000250
Q96RF0,352,Binding site,ECO:0000250
Q96RG2,1128,Active site,
Q96RG2,1005,Binding site,
Q96RG2,1006,Binding site,
Q96RG2,1007,Binding site,
Q96RG2,1008,Binding site,
Q96RG2,1009,Binding site,
Q96RG2,1010,Binding site,
Q96RG2,1011,Binding site,
Q96RG2,1012,Binding site,
Q96RG2,1013,Binding site,
Q96RG2,1028,Binding site,
Q96RG2,1082,Binding site,
Q96RG2,1083,Binding site,
Q96RG2,1084,Binding site,
Q96RG2,1085,Binding site,
Q96RG2,1086,Binding site,
Q96RG2,1087,Binding site,
Q96RG2,1088,Binding site,
Q96RG2,1089,Binding site,
Q96RG2,1146,Binding site,
Q96RL1,505,Binding site,ECO:0000255
Q96RL1,508,Binding site,ECO:0000255
Q96RL1,520,Binding site,ECO:0000255
Q96RL1,524,Binding site,ECO:0000255
Q96RR4,312,Active site,ECO:0000255
Q96RR4,171,Binding site,ECO:0000255
Q96RR4,172,Binding site,ECO:0000255
Q96RR4,173,Binding site,ECO:0000255
Q96RR4,174,Binding site,ECO:0000255
Q96RR4,175,Binding site,ECO:0000255
Q96RR4,176,Binding site,ECO:0000255
Q96RR4,177,Binding site,ECO:0000255
Q96RR4,178,Binding site,ECO:0000255
Q96RR4,179,Binding site,ECO:0000255
Q96RR4,194,Binding site,ECO:0000255
Q96RS0,719,Binding site,ECO:0000250
Q96RS0,766,Binding site,ECO:0000269
Q96S15,719,Binding site,ECO:0000269;ECO:0007744
Q96S15,722,Binding site,ECO:0000269;ECO:0007744
Q96S15,733,Binding site,ECO:0000269;ECO:0007744
Q96S15,736,Binding site,ECO:0000269;ECO:0007744
Q96S15,743,Binding site,ECO:0000269;ECO:0007744
Q96S15,746,Binding site,ECO:0000269;ECO:0007744
Q96S15,757,Binding site,ECO:0000269;ECO:0007744
Q96S15,760,Binding site,ECO:0000269;ECO:0007744
Q96S15,762,Binding site,ECO:0000269;ECO:0007744
Q96S15,765,Binding site,ECO:0000269;ECO:0007744
Q96S15,768,Binding site,ECO:0000269;ECO:0007744
Q96S15,779,Binding site,ECO:0000269;ECO:0007744
Q96S15,783,Binding site,ECO:0000269;ECO:0007744
Q96S15,785,Binding site,ECO:0000269;ECO:0007744
Q96S15,787,Binding site,ECO:0000269;ECO:0007744
Q96S44,162,Active site,ECO:0000255
Q96S44,39,Binding site,ECO:0000255
Q96S44,40,Binding site,ECO:0000255
Q96S44,41,Binding site,ECO:0000255
Q96S44,42,Binding site,ECO:0000255
Q96S44,43,Binding site,ECO:0000255
Q96S44,44,Binding site,ECO:0000255
Q96S44,45,Binding site,ECO:0000255
Q96S44,46,Binding site,ECO:0000255
Q96S44,47,Binding site,ECO:0000255
Q96S44,60,Binding site,ECO:0000255
Q96S53,176,Active site,ECO:0000255
Q96S53,64,Binding site,ECO:0000255
Q96S53,65,Binding site,ECO:0000255
Q96S53,66,Binding site,ECO:0000255
Q96S53,67,Binding site,ECO:0000255
Q96S53,68,Binding site,ECO:0000255
Q96S53,69,Binding site,ECO:0000255
Q96S53,70,Binding site,ECO:0000255
Q96S53,71,Binding site,ECO:0000255
Q96S53,72,Binding site,ECO:0000255
Q96S53,87,Binding site,ECO:0000255
Q96S55,20,Binding site,ECO:0000255;ECO:0000269;ECO:0007744
Q96S55,23,Binding site,ECO:0000255;ECO:0000269;ECO:0007744
Q96S55,31,Binding site,ECO:0000269;ECO:0007744
Q96S55,35,Binding site,ECO:0000255;ECO:0000269;ECO:0007744
Q96S55,39,Binding site,ECO:0000255;ECO:0000269;ECO:0007744
Q96S55,270,Binding site,ECO:0000250
Q96S55,271,Binding site,ECO:0000250
Q96S55,272,Binding site,ECO:0000250
Q96S55,273,Binding site,ECO:0000250
Q96S55,274,Binding site,ECO:0000250
Q96S55,275,Binding site,ECO:0000250
Q96S55,276,Binding site,ECO:0000250
Q96S99,158,Binding site,ECO:0000255
Q96S99,161,Binding site,ECO:0000255
Q96S99,175,Binding site,ECO:0000255
Q96S99,178,Binding site,ECO:0000255
Q96S99,183,Binding site,ECO:0000255
Q96S99,186,Binding site,ECO:0000255
Q96S99,204,Binding site,ECO:0000255
Q96S99,207,Binding site,ECO:0000255
Q99447,221,Binding site,
Q99447,222,Binding site,
Q99447,229,Binding site,
Q99447,230,Binding site,
Q99447,231,Binding site,
Q99447,232,Binding site,
Q99447,259,Binding site,
Q99447,307,Binding site,
Q99447,308,Binding site,
Q99447,309,Binding site,
Q99447,310,Binding site,
Q99447,336,Binding site,
Q99447,337,Binding site,
Q99447,338,Binding site,
Q99447,339,Binding site,
Q99447,340,Binding site,
Q99504,309,Active site,ECO:0000305
Q99504,311,Active site,ECO:0000250
Q99504,309,Binding site,ECO:0000250
Q99504,311,Binding site,ECO:0000250
Q99504,537,Binding site,ECO:0000250
Q99536,90,Binding site,ECO:0000269;ECO:0007744
Q99536,200,Binding site,ECO:0000269;ECO:0007744
Q99536,201,Binding site,ECO:0000269;ECO:0007744
Q99536,222,Binding site,ECO:0000269;ECO:0007744
Q99536,225,Binding site,ECO:0000269;ECO:0007744
Q99536,240,Binding site,ECO:0000269;ECO:0007744
Q99536,241,Binding site,ECO:0000269;ECO:0007744
Q99536,285,Binding site,ECO:0000269;ECO:0007744
Q99536,288,Binding site,ECO:0000269;ECO:0007744
Q99536,291,Binding site,ECO:0000269;ECO:0007744
Q99536,326,Binding site,ECO:0000269;ECO:0007744
Q99536,328,Binding site,ECO:0000269;ECO:0007744
Q99536,379,Binding site,ECO:0000269;ECO:0007744
Q99570,148,Active site,ECO:0000255
Q99570,32,Binding site,ECO:0000255
Q99570,33,Binding site,ECO:0000255
Q99570,34,Binding site,ECO:0000255
Q99570,35,Binding site,ECO:0000255
Q99570,36,Binding site,ECO:0000255
Q99570,37,Binding site,ECO:0000255
Q99570,38,Binding site,ECO:0000255
Q99570,39,Binding site,ECO:0000255
Q99570,40,Binding site,ECO:0000255
Q99570,53,Binding site,ECO:0000255
Q99640,233,Active site,ECO:0000255
Q99640,116,Binding site,ECO:0000255
Q99640,117,Binding site,ECO:0000255
Q99640,118,Binding site,ECO:0000255
Q99640,119,Binding site,ECO:0000255
Q99640,120,Binding site,ECO:0000255
Q99640,121,Binding site,ECO:0000255
Q99640,122,Binding site,ECO:0000255
Q99640,123,Binding site,ECO:0000255
Q99640,124,Binding site,ECO:0000255
Q99640,139,Binding site,ECO:0000255
Q99640,238,Binding site,ECO:0000250
Q99640,251,Binding site,ECO:0000250
Q99640,253,Binding site,ECO:0000250
Q99661,264,Binding site,ECO:0000250
Q99661,348,Binding site,
Q99661,349,Binding site,
Q99661,350,Binding site,
Q99661,351,Binding site,
Q99661,352,Binding site,
Q99661,353,Binding site,
Q99661,354,Binding site,
Q99661,355,Binding site,
Q99719,51,Binding site,ECO:0000250
Q99719,52,Binding site,ECO:0000250
Q99719,53,Binding site,ECO:0000250
Q99719,54,Binding site,ECO:0000250
Q99719,55,Binding site,ECO:0000250
Q99719,56,Binding site,ECO:0000250
Q99719,57,Binding site,ECO:0000250
Q99719,58,Binding site,ECO:0000250
Q99719,85,Binding site,ECO:0000250
Q99719,111,Binding site,ECO:0000250
Q99719,190,Binding site,ECO:0000250
Q99719,191,Binding site,ECO:0000250
Q99719,192,Binding site,ECO:0000250
Q99719,193,Binding site,ECO:0000250
Q99719,194,Binding site,ECO:0000250
Q99719,195,Binding site,ECO:0000250
Q99719,196,Binding site,ECO:0000250
Q99719,197,Binding site,ECO:0000250
Q99719,198,Binding site,ECO:0000250
Q99719,248,Binding site,ECO:0000250
Q99719,263,Binding site,ECO:0000250
Q99741,202,Binding site,ECO:0000255
Q99741,203,Binding site,ECO:0000255
Q99741,204,Binding site,ECO:0000255
Q99741,205,Binding site,ECO:0000255
Q99741,206,Binding site,ECO:0000255
Q99741,207,Binding site,ECO:0000255
Q99741,208,Binding site,ECO:0000255
Q99741,209,Binding site,ECO:0000255
Q99743,119,Binding site,ECO:0000250
Q99743,171,Binding site,ECO:0000250
Q99757,90,Active site,ECO:0000250
Q99757,93,Active site,ECO:0000250
Q9BQC3,89,Binding site,ECO:0000250
Q9BQC3,110,Binding site,ECO:0000250
Q9BQC3,341,Binding site,ECO:0000250
Q9BQF6,860,Active site,ECO:0000250
Q9BQF6,939,Active site,ECO:0000250
Q9BQF6,992,Active site,ECO:0000250
Q9BQI3,442,Active site,ECO:0000255
Q9BQI3,173,Binding site,ECO:0000255
Q9BQI3,174,Binding site,ECO:0000255
Q9BQI3,175,Binding site,ECO:0000255
Q9BQI3,176,Binding site,ECO:0000255
Q9BQI3,177,Binding site,ECO:0000255
Q9BQI3,178,Binding site,ECO:0000255
Q9BQI3,179,Binding site,ECO:0000255
Q9BQI3,180,Binding site,ECO:0000255
Q9BQI3,181,Binding site,ECO:0000255
Q9BQI3,196,Binding site,ECO:0000255
Q9BQS8,1179,Binding site,ECO:0000255
Q9BQS8,1182,Binding site,ECO:0000255
Q9BQS8,1195,Binding site,ECO:0000255
Q9BQS8,1198,Binding site,ECO:0000255
Q9BQS8,1203,Binding site,ECO:0000255
Q9BQS8,1206,Binding site,ECO:0000255
Q9BQS8,1223,Binding site,ECO:0000255
Q9BQS8,1226,Binding site,ECO:0000255
Q9BR61,69,Binding site,ECO:0000250
Q9BR61,70,Binding site,ECO:0000250
Q9BR61,71,Binding site,ECO:0000250
Q9BR61,72,Binding site,ECO:0000250
Q9BR61,73,Binding site,ECO:0000250
Q9BR61,95,Binding site,ECO:0000250
Q9BR61,114,Binding site,ECO:0000250
Q9BRQ3,56,Binding site,ECO:0007744
Q9BRQ3,87,Binding site,ECO:0007744
Q9BRQ3,139,Binding site,ECO:0007744
Q9BRQ3,144,Binding site,ECO:0007744
Q9BRQ3,145,Binding site,ECO:0007744
Q9BRQ3,151,Binding site,ECO:0007744
Q9BRQ3,155,Binding site,ECO:0007744
Q9BRQ3,156,Binding site,ECO:0007744
Q9BRQ3,189,Binding site,ECO:0000305
Q9BRQ3,193,Binding site,ECO:0000305
Q9BRQ3,218,Binding site,ECO:0007744
Q9BRQ3,274,Binding site,ECO:0007744
Q9BRZ2,169,Binding site,ECO:0000255
Q9BRZ2,172,Binding site,ECO:0000255
Q9BRZ2,192,Binding site,ECO:0000255
Q9BRZ2,197,Binding site,ECO:0000255
Q9BSJ8,344,Binding site,ECO:0000250
Q9BSJ8,345,Binding site,ECO:0000250
Q9BSJ8,345,Binding site,ECO:0000250
Q9BSJ8,357,Binding site,ECO:0000250
Q9BSJ8,404,Binding site,ECO:0000250
Q9BSJ8,404,Binding site,ECO:0000250
Q9BSJ8,406,Binding site,ECO:0000250
Q9BSJ8,406,Binding site,ECO:0000250
Q9BSJ8,406,Binding site,ECO:0000250
Q9BSJ8,408,Binding site,ECO:0000250
Q9BSJ8,410,Binding site,ECO:0000250
Q9BSJ8,411,Binding site,ECO:0000250
Q9BSW2,97,Binding site,ECO:0000255
Q9BSW2,99,Binding site,ECO:0000255
Q9BSW2,101,Binding site,ECO:0000255
Q9BSW2,103,Binding site,ECO:0000255
Q9BSW2,108,Binding site,ECO:0000255
Q9BSW2,554,Binding site,ECO:0000250
Q9BSW2,556,Binding site,ECO:0000250
Q9BSW2,557,Binding site,ECO:0000250
Q9BSW2,558,Binding site,ECO:0000250
Q9BSW2,559,Binding site,ECO:0000250
Q9BSW2,559,Binding site,ECO:0000250
Q9BSW2,560,Binding site,ECO:0000250
Q9BSW2,571,Binding site,ECO:0000250
Q9BSW2,572,Binding site,ECO:0000250
Q9BSW2,577,Binding site,ECO:0000250
Q9BSW2,577,Binding site,ECO:0000250
Q9BSW2,600,Binding site,ECO:0000250
Q9BSW2,603,Binding site,ECO:0000250
Q9BSW2,658,Binding site,ECO:0000250
Q9BSW2,659,Binding site,ECO:0000250
Q9BSW2,661,Binding site,ECO:0000250
Q9BSW2,689,Binding site,ECO:0000250
Q9BTE6,109,Binding site,ECO:0000255
Q9BTE6,113,Binding site,ECO:0000255
Q9BTE6,209,Binding site,ECO:0000255
Q9BTE6,213,Binding site,ECO:0000255
Q9BTU6,131,Binding site,ECO:0000269
Q9BTU6,132,Binding site,ECO:0000269
Q9BTU6,133,Binding site,ECO:0000269
Q9BTU6,134,Binding site,ECO:0000269
Q9BTU6,135,Binding site,ECO:0000269
Q9BTU6,136,Binding site,ECO:0000269
Q9BTU6,137,Binding site,ECO:0000269
Q9BTU6,152,Binding site,ECO:0000269
Q9BTU6,261,Binding site,ECO:0000269
Q9BTU6,262,Binding site,ECO:0000269
Q9BTU6,263,Binding site,ECO:0000269
Q9BTU6,264,Binding site,ECO:0000269
Q9BTU6,346,Binding site,ECO:0000269
Q9BUB4,89,Active site,ECO:0000255
Q9BUB4,87,Binding site,ECO:0000255
Q9BUB4,93,Binding site,ECO:0000250
Q9BUB4,94,Binding site,ECO:0000250
Q9BUB4,142,Binding site,ECO:0000255
Q9BUB4,299,Binding site,ECO:0000255
Q9BUB4,302,Binding site,ECO:0000250
Q9BUB4,305,Binding site,ECO:0000250
Q9BUB4,435,Binding site,ECO:0000250
Q9BUB4,470,Binding site,ECO:0000250
Q9BW19,410,Binding site,ECO:0000255
Q9BW19,411,Binding site,ECO:0000255
Q9BW19,412,Binding site,ECO:0000255
Q9BW19,413,Binding site,ECO:0000255
Q9BW19,414,Binding site,ECO:0000255
Q9BW19,415,Binding site,ECO:0000255
Q9BW19,416,Binding site,ECO:0000255
Q9BW19,417,Binding site,ECO:0000255
Q9BW66,202,Binding site,ECO:0000269;ECO:0007744
Q9BWT3,99,Binding site,ECO:0000269
Q9BWT3,100,Binding site,ECO:0000269
Q9BWT3,101,Binding site,ECO:0000269
Q9BWT3,108,Binding site,ECO:0000250
Q9BWT3,112,Binding site,ECO:0000269
Q9BWT3,113,Binding site,ECO:0000269
Q9BWT3,114,Binding site,ECO:0000269
Q9BWT3,112,Binding site,
Q9BWT3,112,Binding site,ECO:0000250
Q9BWT3,114,Binding site,
Q9BWT3,114,Binding site,ECO:0000250
Q9BWT3,166,Binding site,ECO:0000250
Q9BWT3,166,Binding site,ECO:0000250
Q9BWT3,227,Binding site,ECO:0000269
Q9BWT3,236,Binding site,ECO:0000269
Q9BWT3,245,Binding site,ECO:0000269
Q9BWT3,246,Binding site,ECO:0000269
Q9BX63,185,Binding site,ECO:0000255
Q9BX63,186,Binding site,ECO:0000255
Q9BX63,187,Binding site,ECO:0000255
Q9BX63,188,Binding site,ECO:0000255
Q9BX63,189,Binding site,ECO:0000255
Q9BX63,190,Binding site,ECO:0000255
Q9BX63,191,Binding site,ECO:0000255
Q9BX63,192,Binding site,ECO:0000255
Q9BX63,283,Binding site,ECO:0000250
Q9BX63,298,Binding site,ECO:0000250
Q9BX63,310,Binding site,ECO:0000250
Q9BX63,350,Binding site,ECO:0000250
Q9BX95,208,Active site,ECO:0000250
Q9BX95,255,Active site,ECO:0000250
Q9BY66,430,Binding site,ECO:0000250
Q9BY66,504,Binding site,ECO:0000255
Q9BY66,506,Binding site,ECO:0000250
Q9BY66,512,Binding site,ECO:0000250
Q9BY66,514,Binding site,ECO:0000250
Q9BY66,522,Binding site,ECO:0000250
Q9BY66,592,Binding site,ECO:0000255
Q9BY84,244,Active site,ECO:0000255
Q9BYJ9,395,Binding site,ECO:0000269;ECO:0007744
Q9BYJ9,396,Binding site,ECO:0000269;ECO:0007744
Q9BYJ9,397,Binding site,ECO:0000269;ECO:0007744
Q9BYJ9,401,Binding site,ECO:0000269;ECO:0007744
Q9BYJ9,411,Binding site,ECO:0000269;ECO:0007744
Q9BYJ9,412,Binding site,ECO:0000269;ECO:0007744
Q9BYJ9,441,Binding site,ECO:0000250
Q9BYJ9,465,Binding site,ECO:0000269;ECO:0007744
Q9BYJ9,470,Binding site,ECO:0000269;ECO:0007744
Q9BYM8,460,Active site,ECO:0000255
Q9BYM8,282,Binding site,ECO:0000255
Q9BYM8,285,Binding site,ECO:0000255
Q9BYM8,300,Binding site,ECO:0000255
Q9BYM8,302,Binding site,ECO:0000255
Q9BYM8,305,Binding site,ECO:0000255
Q9BYM8,308,Binding site,ECO:0000255
Q9BYM8,323,Binding site,ECO:0000255
Q9BYM8,332,Binding site,ECO:0000255
Q9BYM8,371,Binding site,ECO:0000255
Q9BYM8,376,Binding site,ECO:0000255
Q9BYM8,391,Binding site,ECO:0000255
Q9BYM8,394,Binding site,ECO:0000255
Q9BYM8,399,Binding site,ECO:0000255
Q9BYM8,402,Binding site,ECO:0000255
Q9BYM8,406,Binding site,ECO:0000255
Q9BYM8,411,Binding site,ECO:0000255
Q9BYM8,447,Binding site,ECO:0000255
Q9BYM8,450,Binding site,ECO:0000255
Q9BYM8,465,Binding site,ECO:0000255
Q9BYM8,468,Binding site,ECO:0000255
Q9BYW2,1499,Binding site,ECO:0000269;ECO:0007744
Q9BYW2,1501,Binding site,ECO:0000269;ECO:0007744
Q9BYW2,1516,Binding site,ECO:0000269;ECO:0007744
Q9BYW2,1516,Binding site,ECO:0000269;ECO:0007744
Q9BYW2,1520,Binding site,ECO:0000269;ECO:0007744
Q9BYW2,1529,Binding site,ECO:0000269;ECO:0007744
Q9BYW2,1533,Binding site,ECO:0000269;ECO:0007744
Q9BYW2,1539,Binding site,ECO:0000269;ECO:0007744
Q9BYW2,1560,Binding site,ECO:0000269;ECO:0007744
Q9BYW2,1561,Binding site,ECO:0000269;ECO:0007744
Q9BYW2,1562,Binding site,ECO:0000269;ECO:0007744
Q9BYW2,1603,Binding site,ECO:0000269;ECO:0007744
Q9BYW2,1604,Binding site,ECO:0000269;ECO:0007744
Q9BYW2,1605,Binding site,ECO:0000269;ECO:0007744
Q9BYW2,1628,Binding site,ECO:0000269;ECO:0007744
Q9BYW2,1629,Binding site,ECO:0000269;ECO:0007744
Q9BYW2,1631,Binding site,ECO:0000269;ECO:0007744
Q9BYW2,1676,Binding site,ECO:0000269;ECO:0007744
Q9BYW2,1678,Binding site,ECO:0000269;ECO:0007744
Q9BYW2,1679,Binding site,ECO:0000269;ECO:0007744
Q9BYW2,1680,Binding site,ECO:0000269;ECO:0007744
Q9BYW2,1685,Binding site,ECO:0000269;ECO:0007744
Q9BZ23,338,Active site,ECO:0000250
Q9BZ23,392,Binding site,ECO:0000250
Q9BZ23,395,Binding site,ECO:0000250
Q9BZ23,407,Binding site,ECO:0000250
Q9BZ72,1111,Binding site,ECO:0000250
Q9BZ72,1113,Binding site,ECO:0000250
Q9BZ72,1113,Binding site,ECO:0000250
Q9BZ72,1114,Binding site,ECO:0000250
Q9BZ72,1151,Binding site,ECO:0000250
Q9BZ72,1152,Binding site,ECO:0000250
Q9BZ72,1189,Binding site,ECO:0000250
Q9BZ72,1212,Binding site,ECO:0000250
Q9BZE2,118,Active site,ECO:0000250
Q9BZE2,195,Binding site,ECO:0000250
Q9BZE4,175,Binding site,ECO:0000255
Q9BZE4,176,Binding site,ECO:0000255
Q9BZE4,177,Binding site,ECO:0000255
Q9BZE4,178,Binding site,ECO:0000255
Q9BZE4,179,Binding site,ECO:0000255
Q9BZE4,180,Binding site,ECO:0000255
Q9BZE4,181,Binding site,ECO:0000255
Q9BZE4,182,Binding site,ECO:0000255
Q9BZE4,221,Binding site,ECO:0000255
Q9BZE4,222,Binding site,ECO:0000255
Q9BZE4,223,Binding site,ECO:0000255
Q9BZE4,224,Binding site,ECO:0000255
Q9BZE4,225,Binding site,ECO:0000255
Q9BZE4,289,Binding site,ECO:0000255
Q9BZE4,290,Binding site,ECO:0000255
Q9BZE4,291,Binding site,ECO:0000255
Q9BZE4,292,Binding site,ECO:0000255
Q9BZF1,420,Binding site,ECO:0000250
Q9BZF1,421,Binding site,ECO:0000250
Q9BZF1,422,Binding site,ECO:0000250
Q9BZF1,423,Binding site,ECO:0000250
Q9BZF1,424,Binding site,ECO:0000250
Q9BZF1,425,Binding site,ECO:0000250
Q9BZF1,420,Binding site,ECO:0000250
Q9BZF1,421,Binding site,ECO:0000250
Q9BZF1,422,Binding site,ECO:0000250
Q9BZF1,423,Binding site,ECO:0000250
Q9BZF1,424,Binding site,ECO:0000250
Q9BZF1,425,Binding site,ECO:0000250
Q9BZF1,482,Binding site,ECO:0000250
Q9BZF1,483,Binding site,ECO:0000250
Q9BZF1,484,Binding site,ECO:0000250
Q9BZF1,485,Binding site,ECO:0000250
Q9BZF1,485,Binding site,ECO:0000250
Q9BZF1,514,Binding site,ECO:0000250
Q9BZF1,515,Binding site,ECO:0000250
Q9BZF1,540,Binding site,ECO:0000250
Q9BZF1,706,Binding site,ECO:0000250
Q9BZF1,710,Binding site,ECO:0000250
Q9BZF1,714,Binding site,ECO:0000250
Q9BZL6,674,Active site,ECO:0000255
Q9BZL6,557,Binding site,ECO:0000255
Q9BZL6,558,Binding site,ECO:0000255
Q9BZL6,559,Binding site,ECO:0000255
Q9BZL6,560,Binding site,ECO:0000255
Q9BZL6,561,Binding site,ECO:0000255
Q9BZL6,562,Binding site,ECO:0000255
Q9BZL6,563,Binding site,ECO:0000255
Q9BZL6,564,Binding site,ECO:0000255
Q9BZL6,565,Binding site,ECO:0000255
Q9BZL6,580,Binding site,ECO:0000255
Q9C040,118,Binding site,ECO:0000255
Q9C040,121,Binding site,ECO:0000255
Q9C040,141,Binding site,ECO:0000255
Q9C040,146,Binding site,ECO:0000255
Q9C0B1,96,Binding site,ECO:0000269;ECO:0007744
Q9C0B1,108,Binding site,ECO:0000269;ECO:0007744
Q9C0B1,205,Binding site,ECO:0000269;ECO:0007744
Q9C0B1,231,Binding site,ECO:0000269;ECO:0007744
Q9C0B1,232,Binding site,ECO:0000269;ECO:0007744
Q9C0B1,233,Binding site,ECO:0000269;ECO:0007744
Q9C0B1,234,Binding site,ECO:0000269;ECO:0007744
Q9C0B1,231,Binding site,ECO:0000269;ECO:0000305;ECO:0007744
Q9C0B1,233,Binding site,ECO:0000269;ECO:0000305;ECO:0007744
Q9C0B1,295,Binding site,ECO:0000269;ECO:0007744
Q9C0B1,307,Binding site,ECO:0000269;ECO:0000305;ECO:0007744
Q9C0B1,316,Binding site,ECO:0000269;ECO:0007744
Q9C0B1,317,Binding site,ECO:0000269;ECO:0007744
Q9C0B1,318,Binding site,ECO:0000269;ECO:0007744
Q9C0B1,320,Binding site,ECO:0000269;ECO:0007744
Q9C0B1,322,Binding site,ECO:0000269;ECO:0007744
Q9C0B5,134,Active site,ECO:0000250
Q9C0C9,1040,Active site,ECO:0000255
Q9C0H2,110,Binding site,ECO:0000250
Q9C0H2,113,Binding site,ECO:0000250
Q9GZR1,765,Active site,ECO:0000250
Q9GZR1,917,Active site,ECO:0000250
Q9GZR1,1030,Active site,ECO:0000250
Q9GZR7,237,Binding site,ECO:0000255
Q9GZR7,238,Binding site,ECO:0000255
Q9GZR7,239,Binding site,ECO:0000255
Q9GZR7,240,Binding site,ECO:0000255
Q9GZR7,241,Binding site,ECO:0000255
Q9GZR7,242,Binding site,ECO:0000255
Q9GZR7,243,Binding site,ECO:0000255
Q9GZR7,244,Binding site,ECO:0000255
Q9GZT9,21,Binding site,ECO:0000255
Q9GZT9,24,Binding site,ECO:0000255
Q9GZT9,33,Binding site,ECO:0000255
Q9GZT9,36,Binding site,ECO:0000255
Q9GZT9,42,Binding site,ECO:0000255
Q9GZT9,46,Binding site,ECO:0000255
Q9GZT9,54,Binding site,ECO:0000255
Q9GZT9,58,Binding site,ECO:0000255
Q9GZT9,313,Binding site,ECO:0000269;ECO:0007744
Q9GZT9,315,Binding site,ECO:0000269;ECO:0007744
Q9GZT9,374,Binding site,ECO:0000269;ECO:0007744
Q9GZT9,383,Binding site,ECO:0000305
Q9GZZ9,250,Active site,ECO:0000269
Q9GZZ9,83,Binding site,ECO:0000269;ECO:0007744
Q9GZZ9,104,Binding site,ECO:0000269;ECO:0007744
Q9GZZ9,127,Binding site,ECO:0000269;ECO:0007744
Q9GZZ9,150,Binding site,ECO:0000269;ECO:0007744
Q9GZZ9,184,Binding site,ECO:0000269;ECO:0007744
Q9GZZ9,226,Binding site,ECO:0000269;ECO:0007744
Q9GZZ9,229,Binding site,ECO:0000269;ECO:0007744
Q9GZZ9,303,Binding site,ECO:0000269;ECO:0007744
Q9GZZ9,308,Binding site,ECO:0000269;ECO:0007744
Q9H089,212,Binding site,ECO:0000255
Q9H089,213,Binding site,ECO:0000255
Q9H089,214,Binding site,ECO:0000255
Q9H089,215,Binding site,ECO:0000255
Q9H089,393,Binding site,ECO:0000255
Q9H089,394,Binding site,ECO:0000255
Q9H089,395,Binding site,ECO:0000255
Q9H089,396,Binding site,ECO:0000255
Q9H089,397,Binding site,ECO:0000255
Q9H089,398,Binding site,ECO:0000255
Q9H089,399,Binding site,ECO:0000255
Q9H089,400,Binding site,ECO:0000255
Q9H089,437,Binding site,ECO:0000255
Q9H089,438,Binding site,ECO:0000255
Q9H089,439,Binding site,ECO:0000255
Q9H089,440,Binding site,ECO:0000255
Q9H0A0,287,Binding site,ECO:0000255
Q9H0A0,288,Binding site,ECO:0000255
Q9H0A0,289,Binding site,ECO:0000255
Q9H0A0,290,Binding site,ECO:0000255
Q9H0A0,291,Binding site,ECO:0000255
Q9H0A0,292,Binding site,ECO:0000255
Q9H0A0,293,Binding site,ECO:0000255
Q9H0A0,294,Binding site,ECO:0000255
Q9H0A0,295,Binding site,ECO:0000255
Q9H0A0,296,Binding site,ECO:0000255
Q9H0A0,470,Binding site,ECO:0000255
Q9H0A0,629,Binding site,ECO:0000255
Q9H0A0,630,Binding site,ECO:0000255
Q9H0A0,631,Binding site,ECO:0000255
Q9H0A0,636,Binding site,ECO:0000255
Q9H0A0,637,Binding site,ECO:0000255
Q9H0A0,638,Binding site,ECO:0000255
Q9H0A0,639,Binding site,ECO:0000255
Q9H0A0,640,Binding site,ECO:0000255
Q9H0A0,641,Binding site,ECO:0000255
Q9H0A0,642,Binding site,ECO:0000255
Q9H0A0,725,Binding site,ECO:0000255
Q9H0K1,142,Active site,ECO:0000250;ECO:0000255
Q9H0K1,26,Binding site,ECO:0000250;ECO:0000255
Q9H0K1,27,Binding site,ECO:0000250;ECO:0000255
Q9H0K1,28,Binding site,ECO:0000250;ECO:0000255
Q9H0K1,29,Binding site,ECO:0000250;ECO:0000255
Q9H0K1,30,Binding site,ECO:0000250;ECO:0000255
Q9H0K1,31,Binding site,ECO:0000250;ECO:0000255
Q9H0K1,32,Binding site,ECO:0000250;ECO:0000255
Q9H0K1,33,Binding site,ECO:0000250;ECO:0000255
Q9H0K1,34,Binding site,ECO:0000250;ECO:0000255
Q9H0K1,49,Binding site,ECO:0000250;ECO:0000255
Q9H0S4,68,Binding site,
Q9H0S4,69,Binding site,
Q9H0S4,70,Binding site,
Q9H0S4,71,Binding site,
Q9H0S4,72,Binding site,
Q9H0S4,73,Binding site,
Q9H0S4,74,Binding site,
Q9H0S4,75,Binding site,
Q9H0X9,384,Binding site,ECO:0000250
Q9H0X9,385,Binding site,ECO:0000250
Q9H0X9,386,Binding site,ECO:0000250
Q9H0X9,387,Binding site,ECO:0000250
Q9H0X9,388,Binding site,ECO:0000250
Q9H0X9,389,Binding site,ECO:0000250
Q9H0X9,384,Binding site,ECO:0000250
Q9H0X9,385,Binding site,ECO:0000250
Q9H0X9,386,Binding site,ECO:0000250
Q9H0X9,387,Binding site,ECO:0000250
Q9H0X9,388,Binding site,ECO:0000250
Q9H0X9,389,Binding site,ECO:0000250
Q9H0X9,446,Binding site,ECO:0000250
Q9H0X9,447,Binding site,ECO:0000250
Q9H0X9,448,Binding site,ECO:0000250
Q9H0X9,449,Binding site,ECO:0000250
Q9H0X9,449,Binding site,ECO:0000250
Q9H0X9,478,Binding site,ECO:0000250
Q9H0X9,479,Binding site,ECO:0000250
Q9H0X9,504,Binding site,ECO:0000250
Q9H0X9,670,Binding site,ECO:0000250
Q9H0X9,674,Binding site,ECO:0000250
Q9H0X9,678,Binding site,ECO:0000250
Q9H165,48,Binding site,ECO:0000269;ECO:0007744
Q9H165,51,Binding site,ECO:0000269;ECO:0007744
Q9H165,66,Binding site,ECO:0000269;ECO:0007744
Q9H165,71,Binding site,ECO:0000269;ECO:0007744
Q9H165,744,Binding site,ECO:0000269;ECO:0007744
Q9H165,747,Binding site,ECO:0000269;ECO:0007744
Q9H165,760,Binding site,ECO:0000269;ECO:0007744
Q9H165,764,Binding site,ECO:0000269;ECO:0007744
Q9H165,772,Binding site,ECO:0000269;ECO:0007744
Q9H165,775,Binding site,ECO:0000269;ECO:0007744
Q9H165,788,Binding site,ECO:0000269;ECO:0007744
Q9H165,792,Binding site,ECO:0000269;ECO:0007744
Q9H165,802,Binding site,ECO:0000269;ECO:0007744
Q9H165,805,Binding site,ECO:0000269;ECO:0007744
Q9H165,818,Binding site,ECO:0000269;ECO:0007744
Q9H165,823,Binding site,ECO:0000269;ECO:0007744
Q9H1E5,64,Active site,ECO:0000250
Q9H1E5,67,Active site,ECO:0000250
Q9H1K0,163,Binding site,ECO:0000255
Q9H1K0,166,Binding site,ECO:0000255
Q9H1K0,179,Binding site,ECO:0000255
Q9H1K0,182,Binding site,ECO:0000255
Q9H1K0,187,Binding site,ECO:0000255
Q9H1K0,190,Binding site,ECO:0000255
Q9H1K0,252,Binding site,ECO:0000255
Q9H1K0,255,Binding site,ECO:0000255
Q9H1K1,69,Active site,ECO:0000250
Q9H1K1,138,Active site,ECO:0000250
Q9H1K1,71,Binding site,ECO:0000269;ECO:0007744
Q9H1K1,95,Binding site,ECO:0000269;ECO:0007744
Q9H1K1,138,Binding site,ECO:0000269;ECO:0007744
Q9H1K1,46,Binding site,ECO:0000269;ECO:0007744
Q9H1K1,70,Binding site,ECO:0000269;ECO:0007744
Q9H1K1,112,Binding site,ECO:0000269;ECO:0007744
Q9H2G2,155,Active site,ECO:0000255
Q9H2G2,40,Binding site,ECO:0000255
Q9H2G2,41,Binding site,ECO:0000255
Q9H2G2,42,Binding site,ECO:0000255
Q9H2G2,43,Binding site,ECO:0000255
Q9H2G2,44,Binding site,ECO:0000255
Q9H2G2,45,Binding site,ECO:0000255
Q9H2G2,46,Binding site,ECO:0000255
Q9H2G2,47,Binding site,ECO:0000255
Q9H2G2,48,Binding site,ECO:0000255
Q9H2G2,63,Binding site,ECO:0000255
Q9H2X6,324,Active site,ECO:0000305
Q9H2X6,205,Binding site,ECO:0000305
Q9H2X6,206,Binding site,ECO:0000305
Q9H2X6,207,Binding site,ECO:0000305
Q9H2X6,208,Binding site,ECO:0000305
Q9H2X6,209,Binding site,ECO:0000305
Q9H2X6,210,Binding site,ECO:0000305
Q9H2X6,211,Binding site,ECO:0000305
Q9H2X6,212,Binding site,ECO:0000305
Q9H2X6,213,Binding site,ECO:0000305
Q9H2X6,228,Binding site,ECO:0000305
Q9H3H1,32,Binding site,ECO:0000250
Q9H3H1,33,Binding site,ECO:0000250
Q9H3H1,34,Binding site,ECO:0000250
Q9H3H1,35,Binding site,ECO:0000250
Q9H3H1,36,Binding site,ECO:0000250
Q9H3H1,37,Binding site,ECO:0000250
Q9H3N1,56,Active site,ECO:0000269
Q9H3N1,59,Active site,ECO:0000269
Q9H3S7,1392,Active site,ECO:0000255
Q9H4A3,368,Active site,ECO:0000305
Q9H4A3,231,Binding site,ECO:0000269;ECO:0000305;ECO:0007744
Q9H4A3,283,Binding site,ECO:0000250
Q9H4A3,299,Binding site,ECO:0000250
Q9H4A3,301,Binding site,ECO:0000269;ECO:0000305;ECO:0007744
Q9H4A3,302,Binding site,ECO:0000269;ECO:0000305;ECO:0007744
Q9H4A3,303,Binding site,ECO:0000269;ECO:0000305;ECO:0007744
Q9H4A3,304,Binding site,ECO:0000269;ECO:0000305;ECO:0007744
Q9H4A3,351,Binding site,ECO:0000269;ECO:0000305;ECO:0007744
Q9H4A3,369,Binding site,ECO:0000250
Q9H4A3,371,Binding site,ECO:0000250
Q9H4L4,465,Active site,ECO:0000250
Q9H4L4,482,Active site,ECO:0000250
Q9H4L4,532,Active site,ECO:0000305
Q9H4M9,65,Binding site,ECO:0000269
Q9H4M9,66,Binding site,ECO:0000269
Q9H4M9,67,Binding site,ECO:0000269
Q9H4M9,68,Binding site,ECO:0000269
Q9H4M9,69,Binding site,ECO:0000269
Q9H4M9,70,Binding site,ECO:0000269
Q9H4M9,71,Binding site,ECO:0000269
Q9H4M9,72,Binding site,ECO:0000269
Q9H4M9,220,Binding site,ECO:0000250
Q9H4M9,258,Binding site,ECO:0000250
Q9H4M9,489,Binding site,ECO:0000255;ECO:0000269;ECO:0007744
Q9H4M9,491,Binding site,ECO:0000255;ECO:0000269;ECO:0007744
Q9H4M9,493,Binding site,ECO:0000255;ECO:0000269;ECO:0007744
Q9H4M9,500,Binding site,ECO:0000255;ECO:0000269;ECO:0007744
Q9H4Z3,235,Binding site,ECO:0000250
Q9H4Z3,265,Binding site,ECO:0000250
Q9H4Z3,553,Binding site,ECO:0000269;ECO:0007744
Q9H4Z3,554,Binding site,ECO:0000269;ECO:0007744
Q9H4Z3,555,Binding site,ECO:0000269;ECO:0007744
Q9H4Z3,556,Binding site,ECO:0000269;ECO:0007744
Q9H4Z3,558,Binding site,ECO:0000250
Q9H4Z3,588,Binding site,ECO:0000250
Q9H4Z3,589,Binding site,ECO:0000250
Q9H4Z3,590,Binding site,ECO:0000250
Q9H4Z3,591,Binding site,ECO:0000250
Q9H4Z3,592,Binding site,ECO:0000250
Q9H4Z3,614,Binding site,ECO:0000269;ECO:0007744
Q9H4Z3,615,Binding site,ECO:0000269;ECO:0007744
Q9H4Z3,616,Binding site,ECO:0000269;ECO:0007744
Q9H611,228,Binding site,ECO:0000255
Q9H611,229,Binding site,ECO:0000255
Q9H611,230,Binding site,ECO:0000255
Q9H611,231,Binding site,ECO:0000255
Q9H611,232,Binding site,ECO:0000255
Q9H611,233,Binding site,ECO:0000255
Q9H611,234,Binding site,ECO:0000255
Q9H611,235,Binding site,ECO:0000255
Q9H6S0,216,Binding site,ECO:0000255
Q9H6S0,217,Binding site,ECO:0000255
Q9H6S0,218,Binding site,ECO:0000255
Q9H6S0,219,Binding site,ECO:0000255
Q9H6S0,220,Binding site,ECO:0000255
Q9H6S0,221,Binding site,ECO:0000255
Q9H6S0,222,Binding site,ECO:0000255
Q9H6S0,223,Binding site,ECO:0000255
Q9H6S0,1294,Binding site,ECO:0000250
Q9H6S0,1295,Binding site,ECO:0000250
Q9H6S0,1296,Binding site,ECO:0000250
Q9H6S0,1310,Binding site,ECO:0000250
Q9H6S0,1360,Binding site,ECO:0000250
Q9H777,66,Active site,ECO:0000250
Q9H777,62,Binding site,ECO:0000269;ECO:0007744
Q9H777,64,Binding site,ECO:0000269;ECO:0007744
Q9H777,66,Binding site,ECO:0000269;ECO:0007744
Q9H777,67,Binding site,ECO:0000269;ECO:0007744
Q9H777,182,Binding site,ECO:0000269;ECO:0007744
Q9H777,253,Binding site,ECO:0000269;ECO:0007744
Q9H777,253,Binding site,ECO:0000269;ECO:0007744
Q9H777,313,Binding site,ECO:0000269;ECO:0007744
Q9H7B4,14,Binding site,ECO:0000269
Q9H7B4,15,Binding site,ECO:0000269
Q9H7B4,16,Binding site,ECO:0000269
Q9H7B4,49,Binding site,ECO:0000255
Q9H7B4,52,Binding site,ECO:0000255
Q9H7B4,62,Binding site,ECO:0000255
Q9H7B4,65,Binding site,ECO:0000255
Q9H7B4,71,Binding site,ECO:0000255
Q9H7B4,75,Binding site,ECO:0000255
Q9H7B4,83,Binding site,ECO:0000255
Q9H7B4,87,Binding site,ECO:0000255
Q9H7B4,124,Binding site,ECO:0000255;ECO:0000269
Q9H7B4,132,Binding site,ECO:0000255;ECO:0000269
Q9H7B4,181,Binding site,ECO:0000255;ECO:0000269
Q9H7B4,205,Binding site,ECO:0000269
Q9H7B4,206,Binding site,ECO:0000269
Q9H7B4,239,Binding site,ECO:0000255;ECO:0000269
Q9H7B4,259,Binding site,ECO:0000255;ECO:0000269
Q9H8W4,158,Binding site,ECO:0000255
Q9H8W4,161,Binding site,ECO:0000255
Q9H8W4,175,Binding site,ECO:0000255
Q9H8W4,178,Binding site,ECO:0000255
Q9H8W4,183,Binding site,ECO:0000255
Q9H8W4,186,Binding site,ECO:0000255
Q9H8W4,204,Binding site,ECO:0000255
Q9H8W4,207,Binding site,ECO:0000255
Q9H8Y5,246,Active site,ECO:0000255;ECO:0000305
Q9H9J4,120,Active site,ECO:0000255
Q9H9J4,371,Active site,ECO:0000255
Q9HAZ1,286,Active site,ECO:0000255
Q9HAZ1,165,Binding site,ECO:0000255
Q9HAZ1,166,Binding site,ECO:0000255
Q9HAZ1,167,Binding site,ECO:0000255
Q9HAZ1,168,Binding site,ECO:0000255
Q9HAZ1,169,Binding site,ECO:0000255
Q9HAZ1,170,Binding site,ECO:0000255
Q9HAZ1,171,Binding site,ECO:0000255
Q9HAZ1,172,Binding site,ECO:0000255
Q9HAZ1,173,Binding site,ECO:0000255
Q9HAZ1,189,Binding site,ECO:0000255
Q9HCK8,836,Binding site,ECO:0000255
Q9HCK8,837,Binding site,ECO:0000255
Q9HCK8,838,Binding site,ECO:0000255
Q9HCK8,839,Binding site,ECO:0000255
Q9HCK8,840,Binding site,ECO:0000255
Q9HCK8,841,Binding site,ECO:0000255
Q9HCK8,842,Binding site,ECO:0000255
Q9HCK8,843,Binding site,ECO:0000255
Q9HCL2,278,Binding site,ECO:0000269;ECO:0007744
Q9HCL2,279,Binding site,ECO:0000269;ECO:0007744
Q9HCL2,288,Binding site,ECO:0000269;ECO:0007744
Q9HCL2,293,Binding site,ECO:0000269;ECO:0007744
Q9HCL2,328,Binding site,ECO:0000269;ECO:0007744
Q9HCL2,462,Binding site,ECO:0000269;ECO:0007744
Q9HCN4,29,Binding site,ECO:0000250
Q9HCN4,29,Binding site,ECO:0000250
Q9HCN4,31,Binding site,ECO:0000250
Q9HCN4,31,Binding site,ECO:0000250
Q9HCN4,32,Binding site,ECO:0000250
Q9HCN4,33,Binding site,ECO:0000250
Q9HCN4,33,Binding site,ECO:0000250
Q9HCN4,33,Binding site,ECO:0000250
Q9HCN4,34,Binding site,ECO:0000250
Q9HCN4,34,Binding site,ECO:0000250
Q9HCN4,56,Binding site,ECO:0000250
Q9HCN4,189,Binding site,ECO:0000250
Q9HCN4,192,Binding site,ECO:0000250
Q9HCN4,192,Binding site,ECO:0000250
Q9NP87,330,Binding site,ECO:0000269;ECO:0007744
Q9NP87,332,Binding site,ECO:0000269;ECO:0007744
Q9NP87,418,Binding site,ECO:0000269;ECO:0007744
Q9NPF2,124,Binding site,ECO:0000250
Q9NPF2,125,Binding site,ECO:0000250
Q9NPF2,126,Binding site,ECO:0000250
Q9NPF2,127,Binding site,ECO:0000250
Q9NPF2,128,Binding site,ECO:0000250
Q9NPF2,129,Binding site,ECO:0000250
Q9NPF2,130,Binding site,ECO:0000250
Q9NPF2,186,Binding site,ECO:0000250
Q9NPF2,187,Binding site,ECO:0000250
Q9NPF2,188,Binding site,ECO:0000250
Q9NPF2,189,Binding site,ECO:0000250
Q9NPF2,190,Binding site,ECO:0000250
Q9NPF2,191,Binding site,ECO:0000250
Q9NPF2,192,Binding site,ECO:0000250
Q9NPF2,193,Binding site,ECO:0000250
Q9NPF2,194,Binding site,ECO:0000250
Q9NQT8,103,Binding site,ECO:0000255
Q9NQT8,104,Binding site,ECO:0000255
Q9NQT8,105,Binding site,ECO:0000255
Q9NQT8,106,Binding site,ECO:0000255
Q9NQT8,107,Binding site,ECO:0000255
Q9NQT8,108,Binding site,ECO:0000255
Q9NQT8,109,Binding site,ECO:0000255
Q9NQT8,110,Binding site,ECO:0000255
Q9NQV8,130,Binding site,ECO:0000255
Q9NQX3,509,Binding site,ECO:0000250
Q9NQX3,524,Binding site,ECO:0000250
Q9NQX3,524,Binding site,ECO:0000250
Q9NQX3,525,Binding site,ECO:0000250
Q9NQX3,525,Binding site,ECO:0000250
Q9NQX3,526,Binding site,ECO:0000250
Q9NQX3,526,Binding site,ECO:0000250
Q9NQX3,573,Binding site,ECO:0000250
Q9NQX3,573,Binding site,ECO:0000250
Q9NQX3,574,Binding site,ECO:0000250
Q9NQX3,575,Binding site,ECO:0000250
Q9NQX3,580,Binding site,ECO:0000250
Q9NQX3,626,Binding site,ECO:0000250
Q9NQX3,626,Binding site,ECO:0000250
Q9NR19,219,Binding site,ECO:0000250
Q9NR19,220,Binding site,ECO:0000250
Q9NR19,221,Binding site,ECO:0000250
Q9NR19,222,Binding site,ECO:0000250
Q9NR19,363,Binding site,ECO:0000250
Q9NR19,439,Binding site,ECO:0000250
Q9NR19,440,Binding site,ECO:0000250
Q9NR19,441,Binding site,ECO:0000250
Q9NR19,463,Binding site,ECO:0000250
Q9NR19,464,Binding site,ECO:0000250
Q9NR19,465,Binding site,ECO:0000250
Q9NR19,466,Binding site,ECO:0000250
Q9NR19,467,Binding site,ECO:0000250
Q9NR19,468,Binding site,ECO:0000250
Q9NR19,552,Binding site,ECO:0000250
Q9NR19,567,Binding site,ECO:0000250
Q9NR19,575,Binding site,ECO:0000250
Q9NR19,636,Binding site,ECO:0000250
Q9NRD8,832,Binding site,ECO:0000255
Q9NRD8,834,Binding site,ECO:0000255
Q9NRD8,836,Binding site,ECO:0000255
Q9NRD8,838,Binding site,ECO:0000255
Q9NRD8,843,Binding site,ECO:0000255
Q9NRD8,868,Binding site,ECO:0000255
Q9NRD8,870,Binding site,ECO:0000255
Q9NRD8,872,Binding site,ECO:0000255
Q9NRD8,879,Binding site,ECO:0000255
Q9NRD9,109,Binding site,ECO:0000250
Q9NRD9,170,Binding site,ECO:0000250
Q9NRD9,172,Binding site,ECO:0000250
Q9NRD9,174,Binding site,ECO:0000250
Q9NRD9,176,Binding site,ECO:0000250
Q9NRD9,828,Binding site,ECO:0000255;ECO:0000269;ECO:0007744
Q9NRD9,830,Binding site,ECO:0000255;ECO:0000269;ECO:0007744
Q9NRD9,832,Binding site,ECO:0000255;ECO:0000269;ECO:0007744
Q9NRD9,834,Binding site,ECO:0000255;ECO:0000269;ECO:0007744
Q9NRD9,839,Binding site,ECO:0000255;ECO:0000269;ECO:0007744
Q9NRD9,864,Binding site,ECO:0000255;ECO:0000269;ECO:0007744
Q9NRD9,866,Binding site,ECO:0000255;ECO:0000269;ECO:0007744
Q9NRD9,868,Binding site,ECO:0000255;ECO:0000269;ECO:0007744
Q9NRD9,870,Binding site,ECO:0000269;ECO:0007744
Q9NRD9,875,Binding site,ECO:0000255;ECO:0000269;ECO:0007744
Q9NRD9,1106,Binding site,ECO:0000269;ECO:0007744
Q9NRD9,1128,Binding site,ECO:0000269;ECO:0007744
Q9NRD9,1130,Binding site,ECO:0000269;ECO:0007744
Q9NRD9,1144,Binding site,ECO:0000269;ECO:0007744
Q9NRD9,1214,Binding site,ECO:0000269;ECO:0007744
Q9NRD9,1225,Binding site,ECO:0000269;ECO:0007744
Q9NRD9,1238,Binding site,ECO:0000269;ECO:0007744
Q9NRD9,1242,Binding site,ECO:0000269;ECO:0007744
Q9NRD9,1243,Binding site,ECO:0000269;ECO:0007744
Q9NRD9,1244,Binding site,ECO:0000269;ECO:0007744
Q9NRD9,1245,Binding site,ECO:0000269;ECO:0007744
Q9NRD9,1248,Binding site,ECO:0000269;ECO:0007744
Q9NRD9,1249,Binding site,ECO:0000269;ECO:0007744
Q9NRD9,1260,Binding site,ECO:0000250
Q9NRD9,1264,Binding site,ECO:0000269;ECO:0007744
Q9NRD9,1320,Binding site,ECO:0000269;ECO:0007744
Q9NRD9,1322,Binding site,ECO:0000269;ECO:0007744
Q9NRD9,1335,Binding site,ECO:0000269;ECO:0007744
Q9NRD9,1337,Binding site,ECO:0000269;ECO:0007744
Q9NRD9,1342,Binding site,ECO:0000269;ECO:0007744
Q9NRD9,1343,Binding site,ECO:0000269;ECO:0007744
Q9NRD9,1390,Binding site,ECO:0000269;ECO:0007744
Q9NRD9,1391,Binding site,ECO:0000250
Q9NRD9,1423,Binding site,ECO:0000250
Q9NRD9,1424,Binding site,ECO:0000269;ECO:0007744
Q9NRD9,1455,Binding site,ECO:0000269;ECO:0007744
Q9NRD9,1495,Binding site,ECO:0000269;ECO:0007744
Q9NRD9,1520,Binding site,ECO:0000269;ECO:0007744
Q9NRD9,1524,Binding site,ECO:0000250
Q9NRD9,1528,Binding site,ECO:0000269;ECO:0007744
Q9NRD9,1549,Binding site,ECO:0000269;ECO:0007744
Q9NRD9,1550,Binding site,ECO:0000269;ECO:0007744
Q9NRH2,139,Active site,ECO:0000250;ECO:0000255
Q9NRH2,22,Binding site,ECO:0000250;ECO:0000255
Q9NRH2,23,Binding site,ECO:0000250;ECO:0000255
Q9NRH2,24,Binding site,ECO:0000250;ECO:0000255
Q9NRH2,25,Binding site,ECO:0000250;ECO:0000255
Q9NRH2,26,Binding site,ECO:0000250;ECO:0000255
Q9NRH2,27,Binding site,ECO:0000250;ECO:0000255
Q9NRH2,28,Binding site,ECO:0000250;ECO:0000255
Q9NRH2,29,Binding site,ECO:0000250;ECO:0000255
Q9NRH2,30,Binding site,ECO:0000250;ECO:0000255
Q9NRH2,45,Binding site,ECO:0000250;ECO:0000255
Q9NRM7,791,Active site,ECO:0000250;ECO:0000255
Q9NRM7,674,Binding site,ECO:0000250;ECO:0000255
Q9NRM7,675,Binding site,ECO:0000250;ECO:0000255
Q9NRM7,676,Binding site,ECO:0000250;ECO:0000255
Q9NRM7,677,Binding site,ECO:0000250;ECO:0000255
Q9NRM7,678,Binding site,ECO:0000250;ECO:0000255
Q9NRM7,679,Binding site,ECO:0000250;ECO:0000255
Q9NRM7,680,Binding site,ECO:0000250;ECO:0000255
Q9NRM7,681,Binding site,ECO:0000250;ECO:0000255
Q9NRM7,682,Binding site,ECO:0000250;ECO:0000255
Q9NRM7,697,Binding site,ECO:0000255;ECO:0000269
Q9NRR6,477,Active site,ECO:0000255
Q9NRR6,340,Binding site,ECO:0000255
Q9NRS6,51,Binding site,ECO:0000250
Q9NRS6,53,Binding site,ECO:0000250
Q9NRS6,87,Binding site,ECO:0000250
Q9NRS6,96,Binding site,ECO:0000250
Q9NRY4,28,Binding site,ECO:0000269;ECO:0007744
Q9NRY4,33,Binding site,ECO:0000269;ECO:0007744
Q9NRY4,34,Binding site,ECO:0000269;ECO:0007744
Q9NRY4,35,Binding site,ECO:0000269;ECO:0007744
Q9NRY4,36,Binding site,ECO:0000269;ECO:0007744
Q9NRY4,37,Binding site,ECO:0000269;ECO:0007744
Q9NRY4,52,Binding site,ECO:0000269;ECO:0007744
Q9NRY4,56,Binding site,ECO:0000269;ECO:0007744
Q9NRY4,95,Binding site,ECO:0000269;ECO:0007744
Q9NRY4,96,Binding site,ECO:0000269;ECO:0007744
Q9NRY4,97,Binding site,ECO:0000269;ECO:0007744
Q9NRY4,201,Binding site,ECO:0000269;ECO:0007744
Q9NRY4,202,Binding site,ECO:0000269;ECO:0007744
Q9NRY4,203,Binding site,ECO:0000269;ECO:0007744
Q9NRY4,229,Binding site,ECO:0000269;ECO:0007744
Q9NRY4,230,Binding site,ECO:0000269;ECO:0007744
Q9NRY4,231,Binding site,ECO:0000269;ECO:0007744
Q9NS91,204,Binding site,ECO:0000255
Q9NS91,207,Binding site,ECO:0000255
Q9NS91,219,Binding site,ECO:0000255
Q9NS91,223,Binding site,ECO:0000255
Q9NSY1,180,Active site,ECO:0000255
Q9NSY1,57,Binding site,ECO:0000255
Q9NSY1,58,Binding site,ECO:0000255
Q9NSY1,59,Binding site,ECO:0000255
Q9NSY1,60,Binding site,ECO:0000255
Q9NSY1,61,Binding site,ECO:0000255
Q9NSY1,62,Binding site,ECO:0000255
Q9NSY1,63,Binding site,ECO:0000255
Q9NSY1,64,Binding site,ECO:0000255
Q9NSY1,65,Binding site,ECO:0000255
Q9NSY1,79,Binding site,ECO:0000255
Q9NTJ3,113,Binding site,ECO:0000255
Q9NTJ3,114,Binding site,ECO:0000255
Q9NTJ3,115,Binding site,ECO:0000255
Q9NTJ3,116,Binding site,ECO:0000255
Q9NTJ3,117,Binding site,ECO:0000255
Q9NTJ3,118,Binding site,ECO:0000255
Q9NTJ3,119,Binding site,ECO:0000255
Q9NTJ3,120,Binding site,ECO:0000255
Q9NU22,329,Binding site,ECO:0000255
Q9NU22,330,Binding site,ECO:0000255
Q9NU22,331,Binding site,ECO:0000255
Q9NU22,332,Binding site,ECO:0000255
Q9NU22,333,Binding site,ECO:0000255
Q9NU22,334,Binding site,ECO:0000255
Q9NU22,335,Binding site,ECO:0000255
Q9NU22,336,Binding site,ECO:0000255
Q9NU22,677,Binding site,ECO:0000255
Q9NU22,678,Binding site,ECO:0000255
Q9NU22,679,Binding site,ECO:0000255
Q9NU22,680,Binding site,ECO:0000255
Q9NU22,681,Binding site,ECO:0000255
Q9NU22,682,Binding site,ECO:0000255
Q9NU22,683,Binding site,ECO:0000255
Q9NU22,684,Binding site,ECO:0000255
Q9NU22,1084,Binding site,ECO:0000255
Q9NU22,1085,Binding site,ECO:0000255
Q9NU22,1086,Binding site,ECO:0000255
Q9NU22,1087,Binding site,ECO:0000255
Q9NU22,1088,Binding site,ECO:0000255
Q9NU22,1089,Binding site,ECO:0000255
Q9NU22,1090,Binding site,ECO:0000255
Q9NU22,1091,Binding site,ECO:0000255
Q9NU22,1390,Binding site,ECO:0000255
Q9NU22,1391,Binding site,ECO:0000255
Q9NU22,1392,Binding site,ECO:0000255
Q9NU22,1393,Binding site,ECO:0000255
Q9NU22,1394,Binding site,ECO:0000255
Q9NU22,1395,Binding site,ECO:0000255
Q9NU22,1396,Binding site,ECO:0000255
Q9NU22,1397,Binding site,ECO:0000255
Q9NU22,1753,Binding site,ECO:0000255
Q9NU22,1754,Binding site,ECO:0000255
Q9NU22,1755,Binding site,ECO:0000255
Q9NU22,1756,Binding site,ECO:0000255
Q9NU22,1757,Binding site,ECO:0000255
Q9NU22,1758,Binding site,ECO:0000255
Q9NU22,1759,Binding site,ECO:0000255
Q9NU22,1760,Binding site,ECO:0000255
Q9NU22,2066,Binding site,ECO:0000255
Q9NU22,2067,Binding site,ECO:0000255
Q9NU22,2068,Binding site,ECO:0000255
Q9NU22,2069,Binding site,ECO:0000255
Q9NU22,2070,Binding site,ECO:0000255
Q9NU22,2071,Binding site,ECO:0000255
Q9NU22,2072,Binding site,ECO:0000255
Q9NU22,2073,Binding site,ECO:0000255
Q9NUE0,222,Active site,ECO:0000255
Q9NUP7,59,Binding site,ECO:0000255
Q9NUP7,65,Binding site,ECO:0000255
Q9NUP7,75,Binding site,ECO:0000255
Q9NUP7,79,Binding site,ECO:0000255
Q9NUQ8,210,Binding site,ECO:0000255
Q9NUQ8,211,Binding site,ECO:0000255
Q9NUQ8,212,Binding site,ECO:0000255
Q9NUQ8,213,Binding site,ECO:0000255
Q9NUQ8,214,Binding site,ECO:0000255
Q9NUQ8,215,Binding site,ECO:0000255
Q9NUQ8,216,Binding site,ECO:0000255
Q9NUQ8,217,Binding site,ECO:0000255
Q9NUQ8,525,Binding site,ECO:0000255
Q9NUQ8,526,Binding site,ECO:0000255
Q9NUQ8,527,Binding site,ECO:0000255
Q9NUQ8,528,Binding site,ECO:0000255
Q9NUQ8,529,Binding site,ECO:0000255
Q9NUQ8,530,Binding site,ECO:0000255
Q9NUQ8,531,Binding site,ECO:0000255
Q9NUQ8,532,Binding site,ECO:0000255
Q9NV58,316,Active site,ECO:0000255
Q9NV58,132,Binding site,ECO:0000255
Q9NV58,135,Binding site,ECO:0000255
Q9NV58,150,Binding site,ECO:0000255
Q9NV58,152,Binding site,ECO:0000255
Q9NV58,155,Binding site,ECO:0000255
Q9NV58,158,Binding site,ECO:0000255
Q9NV58,176,Binding site,ECO:0000255
Q9NV58,179,Binding site,ECO:0000255
Q9NV58,219,Binding site,ECO:0000255
Q9NV58,224,Binding site,ECO:0000255
Q9NV58,241,Binding site,ECO:0000255
Q9NV58,246,Binding site,ECO:0000255
Q9NV58,251,Binding site,ECO:0000255
Q9NV58,254,Binding site,ECO:0000255
Q9NV58,259,Binding site,ECO:0000255
Q9NV58,264,Binding site,ECO:0000255
Q9NV58,301,Binding site,ECO:0000255
Q9NV58,304,Binding site,ECO:0000255
Q9NV58,321,Binding site,ECO:0000255
Q9NV58,324,Binding site,ECO:0000255
Q9NV58,329,Binding site,ECO:0000255
Q9NV58,332,Binding site,ECO:0000255
Q9NV58,340,Binding site,ECO:0000255
Q9NV58,347,Binding site,ECO:0000255
Q9NVI7,352,Binding site,ECO:0000255
Q9NVI7,353,Binding site,ECO:0000255
Q9NVI7,354,Binding site,ECO:0000255
Q9NVI7,355,Binding site,ECO:0000255
Q9NVI7,356,Binding site,ECO:0000255
Q9NVI7,357,Binding site,ECO:0000255
Q9NVI7,358,Binding site,ECO:0000255
Q9NVI7,359,Binding site,ECO:0000255
Q9NVN8,173,Binding site,ECO:0000255
Q9NVN8,174,Binding site,ECO:0000255
Q9NVN8,175,Binding site,ECO:0000255
Q9NVN8,176,Binding site,ECO:0000255
Q9NVN8,259,Binding site,ECO:0000255
Q9NVN8,260,Binding site,ECO:0000255
Q9NVN8,261,Binding site,ECO:0000255
Q9NVN8,262,Binding site,ECO:0000255
Q9NVN8,263,Binding site,ECO:0000255
Q9NVN8,264,Binding site,ECO:0000255
Q9NVN8,265,Binding site,ECO:0000255
Q9NVN8,266,Binding site,ECO:0000255
Q9NVN8,303,Binding site,ECO:0000255
Q9NVN8,304,Binding site,ECO:0000255
Q9NVN8,305,Binding site,ECO:0000255
Q9NVN8,306,Binding site,ECO:0000255
Q9NVP1,223,Binding site,ECO:0000305
Q9NVP1,224,Binding site,ECO:0000305
Q9NVP1,225,Binding site,ECO:0000305
Q9NVP1,226,Binding site,ECO:0000305
Q9NVP1,227,Binding site,ECO:0000305
Q9NVP1,228,Binding site,ECO:0000305
Q9NVP1,229,Binding site,ECO:0000305
Q9NVP1,230,Binding site,ECO:0000305
Q9NVS9,42,Binding site,ECO:0000250
Q9NVS9,43,Binding site,ECO:0000250
Q9NVS9,44,Binding site,ECO:0000250
Q9NVS9,45,Binding site,ECO:0000250
Q9NVS9,95,Binding site,ECO:0000269
Q9NVS9,96,Binding site,ECO:0000269
Q9NVS9,97,Binding site,ECO:0000269
Q9NVS9,98,Binding site,ECO:0000269
Q9NVS9,100,Binding site,ECO:0000269
Q9NVS9,110,Binding site,ECO:0000269
Q9NVS9,111,Binding site,ECO:0000269
Q9NVS9,116,Binding site,ECO:0000269
Q9NVS9,117,Binding site,ECO:0000269
Q9NVS9,139,Binding site,ECO:0000250
Q9NVS9,157,Binding site,ECO:0000269
Q9NVS9,161,Binding site,ECO:0000269
Q9NVS9,165,Binding site,ECO:0000269
Q9NVS9,174,Binding site,ECO:0000269
Q9NVS9,175,Binding site,ECO:0000269
Q9NVS9,219,Binding site,ECO:0000250
Q9NVS9,225,Binding site,ECO:0000250
Q9NVS9,226,Binding site,ECO:0000250
Q9NVS9,227,Binding site,ECO:0000250
Q9NVS9,229,Binding site,ECO:0000250
Q9NW08,186,Binding site,ECO:0000269;ECO:0007744
Q9NW08,195,Binding site,ECO:0000269;ECO:0007744
Q9NW08,213,Binding site,ECO:0000269;ECO:0007744
Q9NW08,432,Binding site,ECO:0000269;ECO:0007744
Q9NW08,438,Binding site,ECO:0000269;ECO:0007744
Q9NW08,692,Binding site,ECO:0000269;ECO:0007744
Q9NW08,753,Binding site,ECO:0000250
Q9NW08,896,Binding site,ECO:0000269;ECO:0007744
Q9NW08,904,Binding site,ECO:0000269;ECO:0007744
Q9NW08,1019,Binding site,ECO:0000269;ECO:0007744
Q9NW08,1039,Binding site,ECO:0000269;ECO:0007744
Q9NW08,1040,Binding site,ECO:0000269;ECO:0007744
Q9NW08,1046,Binding site,ECO:0000269;ECO:0007744
Q9NW08,1080,Binding site,ECO:0000269;ECO:0007744
Q9NW08,1083,Binding site,ECO:0000269;ECO:0007744
Q9NW08,1092,Binding site,ECO:0000269;ECO:0007744
Q9NW08,1095,Binding site,ECO:0000269;ECO:0007744
Q9NWK9,220,Binding site,ECO:0000255
Q9NWK9,223,Binding site,ECO:0000255
Q9NWK9,232,Binding site,ECO:0000255
Q9NWK9,235,Binding site,ECO:0000255
Q9NWK9,240,Binding site,ECO:0000255
Q9NWK9,244,Binding site,ECO:0000255
Q9NWK9,248,Binding site,ECO:0000255
Q9NWK9,254,Binding site,ECO:0000255
Q9NX58,6,Binding site,ECO:0000255
Q9NX58,9,Binding site,ECO:0000255
Q9NX58,21,Binding site,ECO:0000255
Q9NX58,25,Binding site,ECO:0000255
Q9NX58,33,Binding site,ECO:0000255
Q9NX58,36,Binding site,ECO:0000255
Q9NX58,48,Binding site,ECO:0000255
Q9NX58,51,Binding site,ECO:0000255
Q9NXH9,82,Binding site,ECO:0000250
Q9NXH9,166,Binding site,ECO:0000250
Q9NXH9,184,Binding site,ECO:0000250
Q9NXH9,348,Binding site,ECO:0000250
Q9NXH9,351,Binding site,ECO:0000250
Q9NXH9,384,Binding site,ECO:0000250
Q9NXH9,387,Binding site,ECO:0000250
Q9NYL2,133,Active site,ECO:0000250;ECO:0000255
Q9NYL2,22,Binding site,ECO:0000250;ECO:0000255
Q9NYL2,23,Binding site,ECO:0000250;ECO:0000255
Q9NYL2,24,Binding site,ECO:0000250;ECO:0000255
Q9NYL2,25,Binding site,ECO:0000250;ECO:0000255
Q9NYL2,26,Binding site,ECO:0000250;ECO:0000255
Q9NYL2,27,Binding site,ECO:0000250;ECO:0000255
Q9NYL2,28,Binding site,ECO:0000250;ECO:0000255
Q9NYL2,29,Binding site,ECO:0000250;ECO:0000255
Q9NYL2,30,Binding site,ECO:0000250;ECO:0000255
Q9NYL2,45,Binding site,ECO:0000255;ECO:0000269
Q9NYV4,859,Active site,ECO:0000255
Q9NYV4,733,Binding site,
Q9NYV4,734,Binding site,
Q9NYV4,735,Binding site,
Q9NYV4,736,Binding site,
Q9NYV4,737,Binding site,
Q9NYV4,738,Binding site,
Q9NYV4,739,Binding site,
Q9NYV4,740,Binding site,
Q9NYV4,741,Binding site,
Q9NYV4,756,Binding site,
Q9NYV4,814,Binding site,
Q9NYV4,815,Binding site,
Q9NYV4,816,Binding site,
Q9NYV4,817,Binding site,
Q9NYV4,818,Binding site,
Q9NYV4,819,Binding site,
Q9NYV4,1040,Binding site,
Q9NZC9,458,Binding site,ECO:0000255
Q9NZC9,459,Binding site,ECO:0000255
Q9NZC9,460,Binding site,ECO:0000255
Q9NZC9,461,Binding site,ECO:0000255
Q9NZC9,462,Binding site,ECO:0000255
Q9NZC9,463,Binding site,ECO:0000255
Q9NZC9,464,Binding site,ECO:0000255
Q9NZC9,465,Binding site,ECO:0000255
Q9NZL9,37,Binding site,ECO:0007744
Q9NZL9,38,Binding site,ECO:0007744
Q9NZL9,39,Binding site,ECO:0007744
Q9NZL9,40,Binding site,ECO:0007744
Q9NZL9,60,Binding site,ECO:0007744
Q9NZL9,61,Binding site,ECO:0007744
Q9NZL9,62,Binding site,ECO:0007744
Q9NZL9,71,Binding site,ECO:0007744
Q9NZL9,72,Binding site,ECO:0007744
Q9NZL9,93,Binding site,ECO:0007744
Q9NZL9,97,Binding site,ECO:0007744
Q9NZL9,159,Binding site,ECO:0007744
Q9NZL9,185,Binding site,ECO:0007744
Q9NZM3,67,Binding site,ECO:0000255
Q9NZM3,69,Binding site,ECO:0000255
Q9NZM3,71,Binding site,ECO:0000255
Q9NZM3,73,Binding site,ECO:0000255
Q9NZM3,78,Binding site,ECO:0000255
Q9NZM3,1640,Binding site,ECO:0000255
Q9NZM3,1643,Binding site,ECO:0000255
Q9NZM3,1646,Binding site,ECO:0000255
Q9P0J7,9,Binding site,ECO:0000255;ECO:0000269;ECO:0007744
Q9P0J7,12,Binding site,ECO:0000255;ECO:0000269;ECO:0007744
Q9P0J7,24,Binding site,ECO:0000255;ECO:0000269;ECO:0007744
Q9P0J7,27,Binding site,ECO:0000255;ECO:0000269;ECO:0007744
Q9P0J7,33,Binding site,ECO:0000255;ECO:0000269;ECO:0007744
Q9P0J7,36,Binding site,ECO:0000255;ECO:0000269;ECO:0007744
Q9P0J7,46,Binding site,ECO:0000255;ECO:0000269;ECO:0007744
Q9P0J7,50,Binding site,ECO:0000255;ECO:0000269;ECO:0007744
Q9P0J7,80,Binding site,ECO:0000269;ECO:0007744
Q9P0J7,83,Binding site,ECO:0000269;ECO:0007744
Q9P0J7,96,Binding site,ECO:0000269;ECO:0007744
Q9P0J7,101,Binding site,ECO:0000269;ECO:0007744
Q9P0J7,110,Binding site,ECO:0000269;ECO:0007744
Q9P0J7,113,Binding site,ECO:0000269;ECO:0007744
Q9P0J7,131,Binding site,ECO:0000269;ECO:0007744
Q9P0J7,136,Binding site,ECO:0000269;ECO:0007744
Q9P0U3,533,Active site,ECO:0000269
Q9P0U3,550,Active site,ECO:0000269
Q9P0U3,603,Active site,ECO:0000269
Q9P0U4,169,Binding site,ECO:0000255
Q9P0U4,172,Binding site,ECO:0000255
Q9P0U4,175,Binding site,ECO:0000255
Q9P0U4,181,Binding site,ECO:0000255
Q9P0U4,184,Binding site,ECO:0000255
Q9P0U4,187,Binding site,ECO:0000255
Q9P0U4,203,Binding site,ECO:0000255
Q9P0U4,208,Binding site,ECO:0000255
Q9P275,131,Active site,ECO:0000255;ECO:0000269
Q9P275,382,Active site,ECO:0000255
Q9P2D1,993,Binding site,ECO:0000255
Q9P2D1,994,Binding site,ECO:0000255
Q9P2D1,995,Binding site,ECO:0000255
Q9P2D1,996,Binding site,ECO:0000255
Q9P2D1,997,Binding site,ECO:0000255
Q9P2D1,998,Binding site,ECO:0000255
Q9P2D1,999,Binding site,ECO:0000255
Q9P2D1,1000,Binding site,ECO:0000255
Q9P2G1,532,Active site,ECO:0000255
Q9P2G1,333,Binding site,ECO:0000255
Q9P2G1,336,Binding site,ECO:0000255
Q9P2G1,351,Binding site,ECO:0000255
Q9P2G1,353,Binding site,ECO:0000255
Q9P2G1,356,Binding site,ECO:0000255
Q9P2G1,359,Binding site,ECO:0000255
Q9P2G1,378,Binding site,ECO:0000255
Q9P2G1,383,Binding site,ECO:0000255
Q9P2G1,465,Binding site,ECO:0000255
Q9P2G1,468,Binding site,ECO:0000255
Q9P2G1,473,Binding site,ECO:0000255
Q9P2G1,478,Binding site,ECO:0000255
Q9P2G1,519,Binding site,ECO:0000255
Q9P2G1,522,Binding site,ECO:0000255
Q9P2G1,537,Binding site,ECO:0000255
Q9P2G1,540,Binding site,ECO:0000255
Q9P2G1,545,Binding site,ECO:0000255
Q9P2G1,548,Binding site,ECO:0000255
Q9P2G1,555,Binding site,ECO:0000255
Q9P2G1,565,Binding site,ECO:0000255
Q9P2K8,848,Active site,ECO:0000255
Q9P2K8,596,Binding site,ECO:0000255
Q9P2K8,597,Binding site,ECO:0000255
Q9P2K8,598,Binding site,ECO:0000255
Q9P2K8,599,Binding site,ECO:0000255
Q9P2K8,600,Binding site,ECO:0000255
Q9P2K8,601,Binding site,ECO:0000255
Q9P2K8,602,Binding site,ECO:0000255
Q9P2K8,603,Binding site,ECO:0000255
Q9P2K8,604,Binding site,ECO:0000255
Q9P2K8,619,Binding site,ECO:0000255
Q9UBC2,172,Binding site,ECO:0000255
Q9UBC2,174,Binding site,ECO:0000255
Q9UBC2,176,Binding site,ECO:0000255
Q9UBC2,178,Binding site,ECO:0000255
Q9UBC2,183,Binding site,ECO:0000255
Q9UBC3,651,Active site,ECO:0000255
Q9UBC3,582,Binding site,ECO:0000250
Q9UBC3,583,Binding site,ECO:0000250
Q9UBC3,584,Binding site,ECO:0000250
Q9UBC3,585,Binding site,ECO:0000250
Q9UBC3,586,Binding site,ECO:0000250
Q9UBC3,605,Binding site,ECO:0000250
Q9UBC3,627,Binding site,ECO:0000250
Q9UBC3,628,Binding site,ECO:0000250
Q9UBC3,629,Binding site,ECO:0000250
Q9UBC3,832,Binding site,ECO:0000250
Q9UBC3,833,Binding site,ECO:0000250
Q9UBC3,834,Binding site,ECO:0000250
Q9UBE8,264,Active site,ECO:0000255
Q9UBE8,144,Binding site,ECO:0000255
Q9UBE8,145,Binding site,ECO:0000255
Q9UBE8,146,Binding site,ECO:0000255
Q9UBE8,147,Binding site,ECO:0000255
Q9UBE8,148,Binding site,ECO:0000255
Q9UBE8,149,Binding site,ECO:0000255
Q9UBE8,150,Binding site,ECO:0000255
Q9UBE8,151,Binding site,ECO:0000255
Q9UBE8,152,Binding site,ECO:0000255
Q9UBE8,167,Binding site,ECO:0000305
Q9UBF6,50,Binding site,ECO:0000269;ECO:0007744
Q9UBF6,53,Binding site,ECO:0000269;ECO:0007744
Q9UBF6,61,Binding site,ECO:0000269;ECO:0007744
Q9UBF6,64,Binding site,ECO:0000269;ECO:0007744
Q9UBF6,73,Binding site,ECO:0000269;ECO:0007744
Q9UBF6,80,Binding site,ECO:0000269;ECO:0007744
Q9UBF6,82,Binding site,ECO:0000269;ECO:0007744
Q9UBF6,85,Binding site,ECO:0000269;ECO:0007744
Q9UBF6,87,Binding site,ECO:0000269;ECO:0007744
Q9UBF6,88,Binding site,ECO:0000269;ECO:0007744
Q9UBF6,99,Binding site,ECO:0000269;ECO:0007744
Q9UBF6,102,Binding site,ECO:0000269;ECO:0007744
Q9UBH6,398,Binding site,ECO:0000269;ECO:0007744
Q9UBH6,401,Binding site,ECO:0000269;ECO:0007744
Q9UBH6,482,Binding site,ECO:0000269;ECO:0007744
Q9UBH6,483,Binding site,ECO:0000269;ECO:0007744
Q9UBH6,570,Binding site,ECO:0000269;ECO:0007744
Q9UBH6,603,Binding site,ECO:0000269;ECO:0007744
Q9UBH6,604,Binding site,ECO:0000269;ECO:0007744
Q9UBM1,98,Binding site,ECO:0000255;ECO:0000305
Q9UBM1,99,Binding site,ECO:0000255;ECO:0000305
Q9UBM1,100,Binding site,ECO:0000255;ECO:0000305
Q9UBM1,180,Binding site,ECO:0000255;ECO:0000305
Q9UBM1,181,Binding site,ECO:0000255;ECO:0000305
Q9UBP6,163,Active site,ECO:0000305
Q9UBP6,84,Binding site,ECO:0000269;ECO:0007744
Q9UBP6,84,Binding site,ECO:0000269;ECO:0007744
Q9UBP6,107,Binding site,ECO:0000269;ECO:0007744
Q9UBP6,107,Binding site,ECO:0000269;ECO:0007744
Q9UBP6,108,Binding site,ECO:0000269;ECO:0007744
Q9UBP6,109,Binding site,ECO:0000269;ECO:0007744
Q9UBP6,109,Binding site,ECO:0000269;ECO:0007744
Q9UBP6,140,Binding site,ECO:0000269;ECO:0007744
Q9UBP6,140,Binding site,ECO:0000269;ECO:0007744
Q9UBP6,141,Binding site,ECO:0000269;ECO:0007744
Q9UBP6,141,Binding site,ECO:0000269;ECO:0007744
Q9UBP6,160,Binding site,ECO:0000269;ECO:0007744
Q9UBP6,160,Binding site,ECO:0000269;ECO:0007744
Q9UBP6,238,Binding site,ECO:0000269;ECO:0007744
Q9UBP6,238,Binding site,ECO:0000269;ECO:0007744
Q9UBP6,240,Binding site,ECO:0000269;ECO:0007744
Q9UBP6,240,Binding site,ECO:0000269;ECO:0007744
Q9UBU7,296,Binding site,ECO:0000255
Q9UBU7,299,Binding site,ECO:0000255
Q9UBU7,309,Binding site,ECO:0000255
Q9UBU7,315,Binding site,ECO:0000255
Q9UBZ9,423,Active site,ECO:0000305
Q9UBZ9,570,Active site,ECO:0000305
Q9UBZ9,571,Active site,ECO:0000255;ECO:0000305
Q9UBZ9,357,Binding site,ECO:0000269;ECO:0007744
Q9UBZ9,423,Binding site,ECO:0000255;ECO:0000269;ECO:0007744
Q9UBZ9,424,Binding site,ECO:0000269;ECO:0007744
Q9UBZ9,424,Binding site,ECO:0000269;ECO:0007744
Q9UBZ9,426,Binding site,ECO:0000269;ECO:0007744
Q9UBZ9,427,Binding site,ECO:0000269;ECO:0007744
Q9UBZ9,428,Binding site,ECO:0000269;ECO:0007744
Q9UBZ9,510,Binding site,ECO:0000269;ECO:0007744
Q9UBZ9,513,Binding site,ECO:0000269;ECO:0007744
Q9UBZ9,516,Binding site,ECO:0000269;ECO:0007744
Q9UBZ9,522,Binding site,ECO:0000269;ECO:0007744
Q9UBZ9,570,Binding site,ECO:0000269;ECO:0007744
Q9UBZ9,570,Binding site,ECO:0000255;ECO:0000269;ECO:0007744
Q9UBZ9,571,Binding site,ECO:0000255;ECO:0000269;ECO:0007744
Q9UBZ9,625,Binding site,ECO:0000269;ECO:0007744
Q9UBZ9,647,Binding site,ECO:0000269;ECO:0007744
Q9UBZ9,651,Binding site,ECO:0000269;ECO:0007744
Q9UBZ9,652,Binding site,ECO:0000269;ECO:0007744
Q9UBZ9,653,Binding site,ECO:0000269;ECO:0007744
Q9UBZ9,656,Binding site,ECO:0000269;ECO:0007744
Q9UBZ9,687,Binding site,ECO:0000269;ECO:0007744
Q9UBZ9,709,Binding site,ECO:0000269;ECO:0007744
Q9UBZ9,726,Binding site,ECO:0000269;ECO:0007744
Q9UEE5,186,Active site,ECO:0000255
Q9UEE5,67,Binding site,ECO:0000255
Q9UEE5,68,Binding site,ECO:0000255
Q9UEE5,69,Binding site,ECO:0000255
Q9UEE5,70,Binding site,ECO:0000255
Q9UEE5,71,Binding site,ECO:0000255
Q9UEE5,72,Binding site,ECO:0000255
Q9UEE5,73,Binding site,ECO:0000255
Q9UEE5,74,Binding site,ECO:0000255
Q9UEE5,75,Binding site,ECO:0000255
Q9UEE5,90,Binding site,
Q9UEW8,192,Active site,ECO:0000255
Q9UEW8,69,Binding site,ECO:0000255
Q9UEW8,70,Binding site,ECO:0000255
Q9UEW8,71,Binding site,ECO:0000255
Q9UEW8,72,Binding site,ECO:0000255
Q9UEW8,73,Binding site,ECO:0000255
Q9UEW8,74,Binding site,ECO:0000255
Q9UEW8,75,Binding site,ECO:0000255
Q9UEW8,76,Binding site,ECO:0000255
Q9UEW8,77,Binding site,ECO:0000255
Q9UEW8,92,Binding site,ECO:0000255
Q9UG22,31,Binding site,ECO:0000269;ECO:0007744
Q9UG22,32,Binding site,ECO:0000269;ECO:0007744
Q9UG22,33,Binding site,ECO:0000269;ECO:0007744
Q9UG22,34,Binding site,ECO:0000269;ECO:0007744
Q9UG22,35,Binding site,ECO:0000269;ECO:0007744
Q9UG22,36,Binding site,ECO:0000269;ECO:0007744
Q9UG22,37,Binding site,ECO:0000269;ECO:0007744
Q9UG22,50,Binding site,ECO:0000269;ECO:0007744
Q9UG22,57,Binding site,ECO:0000269;ECO:0007744
Q9UG22,58,Binding site,ECO:0000269;ECO:0007744
Q9UG22,147,Binding site,ECO:0000269;ECO:0007744
Q9UG22,148,Binding site,ECO:0000269;ECO:0007744
Q9UG22,149,Binding site,ECO:0000269;ECO:0007744
Q9UG22,184,Binding site,ECO:0000269;ECO:0007744
Q9UG22,318,Binding site,ECO:0000250
Q9UG22,319,Binding site,ECO:0000250
Q9UG22,320,Binding site,ECO:0000250
Q9UG63,118,Binding site,ECO:0000255
Q9UG63,119,Binding site,ECO:0000255
Q9UG63,120,Binding site,ECO:0000255
Q9UG63,121,Binding site,ECO:0000255
Q9UG63,122,Binding site,ECO:0000255
Q9UG63,123,Binding site,ECO:0000255
Q9UG63,124,Binding site,ECO:0000255
Q9UG63,125,Binding site,ECO:0000255
Q9UG63,430,Binding site,ECO:0000255
Q9UG63,431,Binding site,ECO:0000255
Q9UG63,432,Binding site,ECO:0000255
Q9UG63,433,Binding site,ECO:0000255
Q9UG63,434,Binding site,ECO:0000255
Q9UG63,435,Binding site,ECO:0000255
Q9UG63,436,Binding site,ECO:0000255
Q9UG63,437,Binding site,ECO:0000255
Q9UGJ0,302,Binding site,ECO:0000250
Q9UGJ0,302,Binding site,ECO:0000250
Q9UGJ0,302,Binding site,ECO:0000250
Q9UGJ0,302,Binding site,ECO:0000250
Q9UGJ0,317,Binding site,ECO:0000250
Q9UGJ0,318,Binding site,ECO:0000250
Q9UGJ0,319,Binding site,ECO:0000250
Q9UGJ0,320,Binding site,ECO:0000250
Q9UGJ0,321,Binding site,ECO:0000250
Q9UGJ0,322,Binding site,ECO:0000250
Q9UGJ0,317,Binding site,ECO:0000250
Q9UGJ0,318,Binding site,ECO:0000250
Q9UGJ0,319,Binding site,ECO:0000250
Q9UGJ0,320,Binding site,ECO:0000250
Q9UGJ0,321,Binding site,ECO:0000250
Q9UGJ0,322,Binding site,ECO:0000250
Q9UGJ0,317,Binding site,ECO:0000250
Q9UGJ0,318,Binding site,ECO:0000250
Q9UGJ0,319,Binding site,ECO:0000250
Q9UGJ0,320,Binding site,ECO:0000250
Q9UGJ0,321,Binding site,ECO:0000250
Q9UGJ0,322,Binding site,ECO:0000250
Q9UGJ0,362,Binding site,ECO:0000250
Q9UGJ0,362,Binding site,ECO:0000250
Q9UGJ0,362,Binding site,ECO:0000250
Q9UGJ0,383,Binding site,ECO:0000250
Q9UGJ0,384,Binding site,ECO:0000250
Q9UGJ0,383,Binding site,ECO:0000250
Q9UGJ0,384,Binding site,ECO:0000250
Q9UGJ0,383,Binding site,ECO:0000250
Q9UGJ0,384,Binding site,ECO:0000250
Q9UGJ0,383,Binding site,ECO:0000250
Q9UGJ0,384,Binding site,ECO:0000250
Q9UGJ0,402,Binding site,ECO:0000250
Q9UGJ0,402,Binding site,ECO:0000250
Q9UGJ0,402,Binding site,ECO:0000250
Q9UGJ0,432,Binding site,ECO:0000250
Q9UGJ0,437,Binding site,ECO:0000250
Q9UGJ0,458,Binding site,ECO:0000250
Q9UGJ0,459,Binding site,ECO:0000250
Q9UGJ0,474,Binding site,ECO:0000250
Q9UGJ0,475,Binding site,ECO:0000250
Q9UGJ0,476,Binding site,ECO:0000250
Q9UGJ0,477,Binding site,ECO:0000250
Q9UGJ0,474,Binding site,ECO:0000250
Q9UGJ0,475,Binding site,ECO:0000250
Q9UGJ0,476,Binding site,ECO:0000250
Q9UGJ0,477,Binding site,ECO:0000250
Q9UGJ0,474,Binding site,ECO:0000250
Q9UGJ0,475,Binding site,ECO:0000250
Q9UGJ0,476,Binding site,ECO:0000250
Q9UGJ0,477,Binding site,ECO:0000250
Q9UGJ0,501,Binding site,ECO:0000250
Q9UGJ0,501,Binding site,ECO:0000250
Q9UGJ0,501,Binding site,ECO:0000250
Q9UGJ0,530,Binding site,ECO:0000250
Q9UGJ0,531,Binding site,ECO:0000250
Q9UGJ0,530,Binding site,ECO:0000250
Q9UGJ0,531,Binding site,ECO:0000250
Q9UGJ0,530,Binding site,ECO:0000250
Q9UGJ0,531,Binding site,ECO:0000250
Q9UGJ0,530,Binding site,ECO:0000250
Q9UGJ0,546,Binding site,ECO:0000250
Q9UGJ0,547,Binding site,ECO:0000250
Q9UGJ0,548,Binding site,ECO:0000250
Q9UGJ0,549,Binding site,ECO:0000250
Q9UHD1,5,Binding site,ECO:0000269;ECO:0007744
Q9UHD1,10,Binding site,ECO:0000269;ECO:0007744
Q9UHD1,24,Binding site,ECO:0000269;ECO:0007744
Q9UHD1,27,Binding site,ECO:0000269;ECO:0007744
Q9UHD1,42,Binding site,ECO:0000269;ECO:0007744
Q9UHD1,43,Binding site,ECO:0000269;ECO:0007744
Q9UHD1,59,Binding site,ECO:0000269;ECO:0007744
Q9UHD1,64,Binding site,ECO:0000269;ECO:0007744
Q9UHD1,157,Binding site,ECO:0000255
Q9UHD1,162,Binding site,ECO:0000255
Q9UHD1,176,Binding site,ECO:0000255
Q9UHD1,179,Binding site,ECO:0000255
Q9UHD1,194,Binding site,ECO:0000255
Q9UHD1,195,Binding site,ECO:0000255
Q9UHD1,211,Binding site,ECO:0000255
Q9UHD1,216,Binding site,ECO:0000255
Q9UHD8,305,Binding site,ECO:0000250
Q9UHD8,306,Binding site,ECO:0000250
Q9UHD8,307,Binding site,ECO:0000250
Q9UHD8,308,Binding site,ECO:0000250
Q9UHD8,309,Binding site,ECO:0000250
Q9UHD8,310,Binding site,ECO:0000250
Q9UHD8,311,Binding site,ECO:0000250
Q9UHD8,312,Binding site,ECO:0000250
Q9UHD8,339,Binding site,ECO:0000250
Q9UHD8,365,Binding site,ECO:0000250
Q9UHD8,445,Binding site,ECO:0000250
Q9UHD8,446,Binding site,ECO:0000250
Q9UHD8,447,Binding site,ECO:0000250
Q9UHD8,448,Binding site,ECO:0000250
Q9UHD8,449,Binding site,ECO:0000250
Q9UHD8,450,Binding site,ECO:0000250
Q9UHD8,451,Binding site,ECO:0000250
Q9UHD8,452,Binding site,ECO:0000250
Q9UHD8,453,Binding site,ECO:0000250
Q9UHD8,501,Binding site,ECO:0000250
Q9UHD8,516,Binding site,ECO:0000250
Q9UHI6,84,Binding site,
Q9UHI6,89,Binding site,
Q9UHI6,109,Binding site,
Q9UHI6,110,Binding site,
Q9UHI6,111,Binding site,
Q9UHI6,112,Binding site,
Q9UHI6,113,Binding site,
Q9UHI6,114,Binding site,
Q9UHR6,7,Binding site,ECO:0000255
Q9UHR6,10,Binding site,ECO:0000255
Q9UHR6,22,Binding site,ECO:0000255
Q9UHR6,25,Binding site,ECO:0000255
Q9UHR6,30,Binding site,ECO:0000255
Q9UHR6,34,Binding site,ECO:0000255
Q9UHR6,38,Binding site,ECO:0000255
Q9UHR6,41,Binding site,ECO:0000255
Q9UIF7,131,Active site,ECO:0000250
Q9UIF7,287,Binding site,ECO:0000250
Q9UIF7,294,Binding site,ECO:0000250
Q9UIF7,297,Binding site,ECO:0000250
Q9UIF7,303,Binding site,ECO:0000250
Q9UIQ6,465,Active site,ECO:0000255
Q9UIQ6,295,Binding site,ECO:0000250
Q9UIQ6,428,Binding site,ECO:0000250
Q9UIQ6,429,Binding site,ECO:0000250
Q9UIQ6,430,Binding site,ECO:0000250
Q9UIQ6,431,Binding site,ECO:0000250
Q9UIQ6,432,Binding site,ECO:0000250
Q9UIQ6,464,Binding site,ECO:0000255
Q9UIQ6,468,Binding site,ECO:0000255
Q9UIQ6,487,Binding site,ECO:0000255
Q9UIS9,176,Binding site,ECO:0000255
Q9UIS9,179,Binding site,ECO:0000255
Q9UIS9,182,Binding site,ECO:0000255
Q9UIS9,188,Binding site,ECO:0000255
Q9UIS9,191,Binding site,ECO:0000255
Q9UIS9,194,Binding site,ECO:0000255
Q9UIS9,210,Binding site,ECO:0000255
Q9UIS9,215,Binding site,ECO:0000255
Q9UIS9,225,Binding site,ECO:0000255
Q9UIS9,228,Binding site,ECO:0000255
Q9UIS9,231,Binding site,ECO:0000255
Q9UIS9,237,Binding site,ECO:0000255
Q9UIS9,240,Binding site,ECO:0000255
Q9UIS9,243,Binding site,ECO:0000255
Q9UIS9,257,Binding site,ECO:0000255
Q9UIS9,262,Binding site,ECO:0000255
Q9UIS9,338,Binding site,ECO:0000255;ECO:0000269;ECO:0007744
Q9UIS9,341,Binding site,ECO:0000255;ECO:0000269;ECO:0007744
Q9UIS9,344,Binding site,ECO:0000255;ECO:0000269;ECO:0007744
Q9UIS9,350,Binding site,ECO:0000255;ECO:0000269;ECO:0007744
Q9UIS9,353,Binding site,ECO:0000255;ECO:0000269;ECO:0007744
Q9UIS9,356,Binding site,ECO:0000255;ECO:0000269;ECO:0007744
Q9UIS9,372,Binding site,ECO:0000255;ECO:0000269;ECO:0007744
Q9UIS9,377,Binding site,ECO:0000255;ECO:0000269;ECO:0007744
Q9UJA5,94,Binding site,ECO:0000269;ECO:0007744
Q9UJA5,95,Binding site,ECO:0000269;ECO:0007744
Q9UJA5,96,Binding site,ECO:0000269;ECO:0007744
Q9UJA5,97,Binding site,ECO:0000269;ECO:0007744
Q9UJA5,98,Binding site,ECO:0000269;ECO:0007744
Q9UJA5,99,Binding site,ECO:0000269;ECO:0007744
Q9UJA5,100,Binding site,ECO:0000269;ECO:0007744
Q9UJA5,101,Binding site,ECO:0000269;ECO:0007744
Q9UJA5,102,Binding site,ECO:0000269;ECO:0007744
Q9UJA5,103,Binding site,ECO:0000269;ECO:0007744
Q9UJA5,104,Binding site,ECO:0000269;ECO:0007744
Q9UJA5,145,Binding site,ECO:0000269;ECO:0007744
Q9UJA5,146,Binding site,ECO:0000269;ECO:0007744
Q9UJA5,147,Binding site,ECO:0000269;ECO:0007744
Q9UJA5,148,Binding site,ECO:0000269;ECO:0007744
Q9UJA5,149,Binding site,ECO:0000269;ECO:0007744
Q9UJA5,150,Binding site,ECO:0000269;ECO:0007744
Q9UJA5,151,Binding site,ECO:0000269;ECO:0007744
Q9UJA5,152,Binding site,ECO:0000269;ECO:0007744
Q9UJA5,153,Binding site,ECO:0000269;ECO:0007744
Q9UJA5,154,Binding site,ECO:0000269;ECO:0007744
Q9UJA5,175,Binding site,ECO:0000269;ECO:0007744
Q9UJA5,176,Binding site,ECO:0000269;ECO:0007744
Q9UJA5,177,Binding site,ECO:0000269;ECO:0007744
Q9UJA5,178,Binding site,ECO:0000269;ECO:0007744
Q9UJA5,179,Binding site,ECO:0000269;ECO:0007744
Q9UJA5,180,Binding site,ECO:0000269;ECO:0007744
Q9UJA5,181,Binding site,ECO:0000269;ECO:0007744
Q9UJA5,182,Binding site,ECO:0000269;ECO:0007744
Q9UJA5,349,Binding site,ECO:0000269;ECO:0007744
Q9UJA5,377,Binding site,ECO:0000269;ECO:0007744
Q9UJA5,415,Binding site,ECO:0000269;ECO:0007744
Q9UJA5,416,Binding site,ECO:0000269;ECO:0007744
Q9UJA5,417,Binding site,ECO:0000269;ECO:0007744
Q9UJA5,418,Binding site,ECO:0000269;ECO:0007744
Q9UJA5,419,Binding site,ECO:0000269;ECO:0007744
Q9UJA5,420,Binding site,ECO:0000269;ECO:0007744
Q9UJA5,421,Binding site,ECO:0000269;ECO:0007744
Q9UJA5,422,Binding site,ECO:0000269;ECO:0007744
Q9UJA5,423,Binding site,ECO:0000269;ECO:0007744
Q9UJA5,434,Binding site,ECO:0000269;ECO:0007744
Q9UJA5,435,Binding site,ECO:0000269;ECO:0007744
Q9UJA5,436,Binding site,ECO:0000269;ECO:0007744
Q9UJA5,437,Binding site,ECO:0000269;ECO:0007744
Q9UJA5,438,Binding site,ECO:0000269;ECO:0007744
Q9UJA5,439,Binding site,ECO:0000269;ECO:0007744
Q9UJA5,440,Binding site,ECO:0000269;ECO:0007744
Q9UJA5,441,Binding site,ECO:0000269;ECO:0007744
Q9UJK0,74,Binding site,ECO:0000250
Q9UJK0,122,Binding site,ECO:0000250
Q9UJK0,145,Binding site,ECO:0000250
Q9UJK0,160,Binding site,ECO:0000250
Q9UJV9,225,Binding site,ECO:0000255
Q9UJV9,226,Binding site,ECO:0000255
Q9UJV9,227,Binding site,ECO:0000255
Q9UJV9,228,Binding site,ECO:0000255
Q9UJV9,229,Binding site,ECO:0000255
Q9UJV9,230,Binding site,ECO:0000255
Q9UJV9,231,Binding site,ECO:0000255
Q9UJV9,232,Binding site,ECO:0000255
Q9UK59,8,Binding site,ECO:0000250
Q9UK59,10,Binding site,ECO:0000250
Q9UK59,39,Binding site,ECO:0000250
Q9UK59,84,Binding site,ECO:0000250
Q9UK59,174,Binding site,ECO:0000250
Q9UK59,226,Binding site,ECO:0000250
Q9UK59,228,Binding site,ECO:0000250
Q9UKI8,586,Active site,
Q9UKI8,462,Binding site,ECO:0000255
Q9UKI8,463,Binding site,ECO:0000255
Q9UKI8,464,Binding site,ECO:0000255
Q9UKI8,465,Binding site,ECO:0000255
Q9UKI8,466,Binding site,ECO:0000255
Q9UKI8,467,Binding site,ECO:0000255
Q9UKI8,468,Binding site,ECO:0000255
Q9UKI8,469,Binding site,ECO:0000255
Q9UKI8,470,Binding site,ECO:0000255
Q9UKI8,485,Binding site,ECO:0000255
Q9UKK9,28,Binding site,ECO:0000269;ECO:0007744
Q9UKK9,28,Binding site,ECO:0000269;ECO:0007744
Q9UKK9,28,Binding site,ECO:0000269;ECO:0007744
Q9UKK9,46,Binding site,ECO:0000269;ECO:0007744
Q9UKK9,46,Binding site,ECO:0000269;ECO:0007744
Q9UKK9,46,Binding site,ECO:0000269;ECO:0007744
Q9UKK9,47,Binding site,ECO:0000269;ECO:0007744
Q9UKK9,47,Binding site,ECO:0000269;ECO:0007744
Q9UKK9,47,Binding site,ECO:0000269;ECO:0007744
Q9UKK9,47,Binding site,ECO:0000269;ECO:0007744
Q9UKK9,51,Binding site,ECO:0000269;ECO:0007744
Q9UKK9,51,Binding site,ECO:0000269;ECO:0007744
Q9UKK9,51,Binding site,ECO:0000269;ECO:0007744
Q9UKK9,51,Binding site,ECO:0000269;ECO:0007744
Q9UKK9,84,Binding site,ECO:0000269;ECO:0007744
Q9UKK9,84,Binding site,ECO:0000269;ECO:0007744
Q9UKK9,84,Binding site,ECO:0000269;ECO:0007744
Q9UKK9,84,Binding site,ECO:0000269;ECO:0007744
Q9UKK9,96,Binding site,ECO:0000269
Q9UKK9,98,Binding site,ECO:0000269;ECO:0007744
Q9UKK9,98,Binding site,ECO:0000269;ECO:0007744
Q9UKK9,98,Binding site,ECO:0000269;ECO:0007744
Q9UKK9,112,Binding site,ECO:0000269
Q9UKK9,112,Binding site,ECO:0000269
Q9UKK9,116,Binding site,ECO:0000269
Q9UKK9,116,Binding site,ECO:0000269
Q9UKK9,133,Binding site,ECO:0000269;ECO:0007744
Q9UKK9,135,Binding site,ECO:0000269;ECO:0007744
Q9UKK9,166,Binding site,ECO:0000269
Q9UL54,151,Active site,ECO:0000255
Q9UL54,34,Binding site,ECO:0000255
Q9UL54,35,Binding site,ECO:0000255
Q9UL54,36,Binding site,ECO:0000255
Q9UL54,37,Binding site,ECO:0000255
Q9UL54,38,Binding site,ECO:0000255
Q9UL54,39,Binding site,ECO:0000255
Q9UL54,40,Binding site,ECO:0000255
Q9UL54,41,Binding site,ECO:0000255
Q9UL54,42,Binding site,ECO:0000255
Q9UL54,57,Binding site,ECO:0000255
Q9ULC8,134,Active site,ECO:0000255
Q9ULG1,543,Binding site,ECO:0000255
Q9ULG1,544,Binding site,ECO:0000255
Q9ULG1,545,Binding site,ECO:0000255
Q9ULG1,546,Binding site,ECO:0000255
Q9ULG1,547,Binding site,ECO:0000255
Q9ULG1,548,Binding site,ECO:0000255
Q9ULG1,549,Binding site,ECO:0000255
Q9ULG1,550,Binding site,ECO:0000255
Q9ULI0,441,Binding site,ECO:0000255
Q9ULI0,442,Binding site,ECO:0000255
Q9ULI0,443,Binding site,ECO:0000255
Q9ULI0,444,Binding site,ECO:0000255
Q9ULI0,445,Binding site,ECO:0000255
Q9ULI0,446,Binding site,ECO:0000255
Q9ULI0,447,Binding site,ECO:0000255
Q9ULI0,448,Binding site,ECO:0000255
Q9ULI4,469,Binding site,ECO:0000255
Q9ULI4,470,Binding site,ECO:0000255
Q9ULI4,471,Binding site,ECO:0000255
Q9ULI4,472,Binding site,ECO:0000255
Q9ULI4,473,Binding site,ECO:0000255
Q9ULI4,474,Binding site,ECO:0000255
Q9ULI4,475,Binding site,ECO:0000255
Q9ULI4,476,Binding site,ECO:0000255
Q9ULU4,91,Binding site,ECO:0000269;ECO:0007744
Q9ULU4,94,Binding site,ECO:0000269;ECO:0007744
Q9ULU4,103,Binding site,ECO:0000269;ECO:0007744
Q9ULU4,106,Binding site,ECO:0000269;ECO:0007744
Q9ULU4,111,Binding site,ECO:0000269;ECO:0007744
Q9ULU4,114,Binding site,ECO:0000269;ECO:0007744
Q9ULU4,127,Binding site,ECO:0000269;ECO:0007744
Q9ULU4,130,Binding site,ECO:0000269;ECO:0007744
Q9ULU4,255,Binding site,ECO:0000269;ECO:0007744
Q9ULU4,258,Binding site,ECO:0000269;ECO:0007744
Q9ULU4,274,Binding site,ECO:0000269;ECO:0007744
Q9ULU4,1028,Binding site,ECO:0000255
Q9ULU4,1031,Binding site,ECO:0000255
Q9ULU4,1039,Binding site,ECO:0000255
Q9ULU4,1040,Binding site,ECO:0000255
Q9ULU4,1046,Binding site,ECO:0000255
Q9ULU4,1050,Binding site,ECO:0000255
Q9ULU4,1058,Binding site,ECO:0000255
Q9ULU4,1062,Binding site,ECO:0000255
Q9ULX3,270,Binding site,ECO:0000269;ECO:0007744
Q9ULX3,273,Binding site,ECO:0000269;ECO:0007744
Q9ULX3,285,Binding site,ECO:0000269;ECO:0007744
Q9ULX3,288,Binding site,ECO:0000269;ECO:0007744
Q9UMN6,966,Binding site,ECO:0000255;ECO:0000269;ECO:0007744
Q9UMN6,969,Binding site,ECO:0000255;ECO:0000269;ECO:0007744
Q9UMN6,972,Binding site,ECO:0000255;ECO:0000269;ECO:0007744
Q9UMN6,978,Binding site,ECO:0000255;ECO:0000269;ECO:0007744
Q9UMN6,981,Binding site,ECO:0000255;ECO:0000269;ECO:0007744
Q9UMN6,984,Binding site,ECO:0000255;ECO:0000269;ECO:0007744
Q9UMN6,1000,Binding site,ECO:0000255;ECO:0000269;ECO:0007744
Q9UMN6,1005,Binding site,ECO:0000255;ECO:0000269;ECO:0007744
Q9UMN6,2585,Binding site,ECO:0000255
Q9UMN6,2587,Binding site,ECO:0000255
Q9UMN6,2629,Binding site,ECO:0000255
Q9UMN6,2652,Binding site,ECO:0000250
Q9UMN6,2653,Binding site,ECO:0000250
Q9UMN6,2655,Binding site,ECO:0000250
Q9UMN6,2703,Binding site,ECO:0000250
Q9UMN6,2704,Binding site,ECO:0000255
Q9UMN6,2705,Binding site,ECO:0000250
Q9UMN6,2710,Binding site,ECO:0000250
Q9UN37,167,Binding site,ECO:0000305
Q9UN37,168,Binding site,ECO:0000305
Q9UN37,169,Binding site,ECO:0000305
Q9UN37,170,Binding site,ECO:0000305
Q9UN37,171,Binding site,ECO:0000305
Q9UN37,172,Binding site,ECO:0000305
Q9UN37,173,Binding site,ECO:0000305
Q9UN37,174,Binding site,ECO:0000305
Q9UNL4,199,Binding site,ECO:0000250
Q9UNL4,201,Binding site,ECO:0000250
Q9UNL4,212,Binding site,ECO:0000250
Q9UNL4,217,Binding site,ECO:0000250
Q9UNL4,223,Binding site,ECO:0000250
Q9UNL4,226,Binding site,ECO:0000250
Q9UNL4,239,Binding site,ECO:0000250
Q9UNL4,242,Binding site,ECO:0000250
Q9UNQ2,37,Binding site,ECO:0000255;ECO:0000269
Q9UNQ2,39,Binding site,ECO:0000255;ECO:0000269
Q9UNQ2,64,Binding site,ECO:0000255;ECO:0000269
Q9UNQ2,85,Binding site,ECO:0000255;ECO:0000269
Q9UNQ2,113,Binding site,ECO:0000255;ECO:0000269
Q9UNQ2,128,Binding site,ECO:0000255;ECO:0000269
Q9UNY4,6,Binding site,ECO:0000255
Q9UNY4,9,Binding site,ECO:0000255
Q9UNY4,32,Binding site,ECO:0000255
Q9UNY4,37,Binding site,ECO:0000255
Q9UNY4,596,Binding site,ECO:0000255
Q9UNY4,597,Binding site,ECO:0000255
Q9UNY4,598,Binding site,ECO:0000255
Q9UNY4,599,Binding site,ECO:0000255
Q9UNY4,600,Binding site,ECO:0000255
Q9UNY4,601,Binding site,ECO:0000255
Q9UNY4,602,Binding site,ECO:0000255
Q9UNY4,603,Binding site,ECO:0000255
Q9UPN9,217,Binding site,ECO:0000255
Q9UPN9,220,Binding site,ECO:0000255
Q9UPN9,241,Binding site,ECO:0000255
Q9UPN9,245,Binding site,ECO:0000255
Q9UPN9,276,Binding site,ECO:0000255
Q9UPN9,279,Binding site,ECO:0000255
Q9UPN9,299,Binding site,ECO:0000255
Q9UPN9,304,Binding site,ECO:0000255
Q9UPP1,280,Binding site,ECO:0000269;ECO:0007744
Q9UPP1,283,Binding site,ECO:0000255;ECO:0000269;ECO:0007744
Q9UPP1,285,Binding site,ECO:0000255;ECO:0000269;ECO:0007744
Q9UPP1,300,Binding site,ECO:0000269;ECO:0007744
Q9UPP1,355,Binding site,ECO:0000255;ECO:0000269;ECO:0007744
Q9UPS6,1943,Binding site,ECO:0000255
Q9UPU5,1698,Active site,ECO:0000255
Q9UPU5,1970,Active site,ECO:0000255
Q9UQ84,30,Binding site,ECO:0000250
Q9UQ84,78,Binding site,ECO:0000250
Q9UQ84,150,Binding site,ECO:0000250
Q9UQ84,152,Binding site,ECO:0007744
Q9UQ84,171,Binding site,ECO:0007744
Q9UQ84,173,Binding site,ECO:0007744
Q9UQ84,225,Binding site,ECO:0000250
Q9UQ84,270,Binding site,ECO:0000250
Q9UQE7,32,Binding site,ECO:0000255
Q9UQE7,33,Binding site,ECO:0000255
Q9UQE7,34,Binding site,ECO:0000255
Q9UQE7,35,Binding site,ECO:0000255
Q9UQE7,36,Binding site,ECO:0000255
Q9UQE7,37,Binding site,ECO:0000255
Q9UQE7,38,Binding site,ECO:0000255
Q9UQE7,39,Binding site,ECO:0000255
Q9UQL6,833,Active site,ECO:0000250
Q9UQL6,696,Binding site,ECO:0000250
Q9UQL6,698,Binding site,ECO:0000250
Q9UQL6,704,Binding site,ECO:0000250
Q9UQL6,781,Binding site,ECO:0000250
Q9Y242,296,Binding site,ECO:0000255
Q9Y242,298,Binding site,ECO:0000255
Q9Y242,310,Binding site,ECO:0000255
Q9Y242,313,Binding site,ECO:0000255
Q9Y242,318,Binding site,ECO:0000255
Q9Y242,321,Binding site,ECO:0000255
Q9Y242,336,Binding site,ECO:0000255
Q9Y242,339,Binding site,ECO:0000255
Q9Y2I7,164,Binding site,ECO:0000255
Q9Y2I7,167,Binding site,ECO:0000255
Q9Y2I7,180,Binding site,ECO:0000255
Q9Y2I7,183,Binding site,ECO:0000255
Q9Y2I7,188,Binding site,ECO:0000255
Q9Y2I7,191,Binding site,ECO:0000255
Q9Y2I7,210,Binding site,ECO:0000255
Q9Y2I7,213,Binding site,ECO:0000255
Q9Y2K2,188,Active site,ECO:0000255
Q9Y2K2,72,Binding site,ECO:0000255
Q9Y2K2,73,Binding site,ECO:0000255
Q9Y2K2,74,Binding site,ECO:0000255
Q9Y2K2,75,Binding site,ECO:0000255
Q9Y2K2,76,Binding site,ECO:0000255
Q9Y2K2,77,Binding site,ECO:0000255
Q9Y2K2,78,Binding site,ECO:0000255
Q9Y2K2,79,Binding site,ECO:0000255
Q9Y2K2,80,Binding site,ECO:0000255
Q9Y2K2,95,Binding site,ECO:0000255
Q9Y2K6,154,Active site,
Q9Y2K6,643,Active site,ECO:0000255
Q9Y2K6,8,Binding site,ECO:0000255
Q9Y2K6,10,Binding site,ECO:0000255
Q9Y2K6,30,Binding site,ECO:0000255
Q9Y2K6,33,Binding site,ECO:0000255
Q9Y2K6,43,Binding site,ECO:0000255
Q9Y2K6,48,Binding site,ECO:0000255
Q9Y2K6,53,Binding site,ECO:0000255
Q9Y2K6,60,Binding site,ECO:0000255
Q9Y2K6,64,Binding site,ECO:0000255
Q9Y2K6,70,Binding site,ECO:0000255
Q9Y2K6,83,Binding site,ECO:0000255
Q9Y2K6,86,Binding site,ECO:0000255
Q9Y2W1,552,Binding site,ECO:0000255
Q9Y2W1,553,Binding site,ECO:0000255
Q9Y2W1,554,Binding site,ECO:0000255
Q9Y2W1,555,Binding site,ECO:0000255
Q9Y2W1,556,Binding site,ECO:0000255
Q9Y2W1,557,Binding site,ECO:0000255
Q9Y2W1,558,Binding site,ECO:0000255
Q9Y2W1,559,Binding site,ECO:0000255
Q9Y385,91,Active site,ECO:0000255
Q9Y3B8,194,Active site,ECO:0000269
Q9Y3B8,47,Binding site,ECO:0000269;ECO:0007744
Q9Y3B8,47,Binding site,ECO:0000269;ECO:0007744
Q9Y3B8,49,Binding site,ECO:0000269;ECO:0007744
Q9Y3B8,147,Binding site,ECO:0000269;ECO:0007744
Q9Y3B8,199,Binding site,ECO:0000269;ECO:0007744
Q9Y3S1,342,Active site,ECO:0000250
Q9Y3S1,205,Binding site,ECO:0000250
Q9Y3S1,275,Binding site,ECO:0000250
Q9Y3S1,276,Binding site,ECO:0000250
Q9Y3S1,277,Binding site,ECO:0000250
Q9Y3S1,278,Binding site,ECO:0000250
Q9Y3S1,325,Binding site,ECO:0000250
Q9Y450,267,Binding site,ECO:0000305;ECO:0007744
Q9Y450,268,Binding site,ECO:0000305;ECO:0007744
Q9Y450,269,Binding site,ECO:0000305;ECO:0007744
Q9Y450,270,Binding site,ECO:0000305;ECO:0007744
Q9Y450,271,Binding site,ECO:0000305;ECO:0007744
Q9Y450,272,Binding site,ECO:0000305;ECO:0007744
Q9Y450,273,Binding site,ECO:0000305;ECO:0007744
Q9Y450,274,Binding site,ECO:0000305;ECO:0007744
Q9Y450,406,Binding site,ECO:0000305;ECO:0007744
Q9Y450,407,Binding site,ECO:0000305;ECO:0007744
Q9Y450,408,Binding site,ECO:0000305;ECO:0007744
Q9Y450,409,Binding site,ECO:0000305;ECO:0007744
Q9Y450,445,Binding site,ECO:0000305;ECO:0007744
Q9Y450,446,Binding site,ECO:0000305;ECO:0007744
Q9Y450,447,Binding site,ECO:0000305;ECO:0007744
Q9Y462,564,Binding site,ECO:0000269;ECO:0007744
Q9Y462,567,Binding site,ECO:0000269;ECO:0007744
Q9Y462,580,Binding site,ECO:0000269;ECO:0007744
Q9Y4B4,305,Binding site,ECO:0000255
Q9Y4B4,306,Binding site,ECO:0000255
Q9Y4B4,307,Binding site,ECO:0000255
Q9Y4B4,308,Binding site,ECO:0000255
Q9Y4B4,309,Binding site,ECO:0000255
Q9Y4B4,310,Binding site,ECO:0000255
Q9Y4B4,311,Binding site,ECO:0000255
Q9Y4B4,312,Binding site,ECO:0000255
Q9Y4C1,1120,Binding site,ECO:0000305
Q9Y4C1,1122,Binding site,ECO:0000255
Q9Y4C1,1249,Binding site,ECO:0000255
Q9Y4D8,3964,Active site,ECO:0000255
Q9Y4G8,135,Binding site,
Q9Y4G8,136,Binding site,
Q9Y4G8,137,Binding site,
Q9Y4G8,138,Binding site,
Q9Y4G8,139,Binding site,
Q9Y4G8,140,Binding site,
Q9Y4G8,141,Binding site,
Q9Y4G8,142,Binding site,
Q9Y4G8,143,Binding site,
Q9Y4G8,144,Binding site,
Q9Y4G8,145,Binding site,
Q9Y4G8,146,Binding site,
Q9Y4G8,147,Binding site,
Q9Y4G8,148,Binding site,
Q9Y4G8,149,Binding site,
Q9Y4G8,150,Binding site,
Q9Y4G8,151,Binding site,
Q9Y4G8,152,Binding site,
Q9Y4G8,153,Binding site,
Q9Y4G8,154,Binding site,
Q9Y4G8,155,Binding site,
Q9Y4G8,156,Binding site,
Q9Y4G8,157,Binding site,
Q9Y4G8,158,Binding site,
Q9Y4G8,159,Binding site,
Q9Y4G8,160,Binding site,
Q9Y4G8,161,Binding site,
Q9Y4G8,162,Binding site,
Q9Y4G8,163,Binding site,
Q9Y4G8,164,Binding site,
Q9Y4G8,165,Binding site,
Q9Y4G8,166,Binding site,
Q9Y4G8,167,Binding site,
Q9Y4G8,168,Binding site,
Q9Y4G8,169,Binding site,
Q9Y4G8,170,Binding site,
Q9Y4G8,171,Binding site,
Q9Y4G8,172,Binding site,
Q9Y4G8,173,Binding site,
Q9Y4G8,174,Binding site,
Q9Y4G8,175,Binding site,
Q9Y4G8,176,Binding site,
Q9Y4G8,177,Binding site,
Q9Y4G8,178,Binding site,
Q9Y4G8,179,Binding site,
Q9Y4G8,180,Binding site,
Q9Y4G8,181,Binding site,
Q9Y4G8,182,Binding site,
Q9Y4G8,183,Binding site,
Q9Y4G8,184,Binding site,
Q9Y4G8,185,Binding site,
Q9Y4G8,186,Binding site,
Q9Y4G8,187,Binding site,
Q9Y4G8,188,Binding site,
Q9Y4G8,189,Binding site,
Q9Y4G8,190,Binding site,
Q9Y4G8,191,Binding site,
Q9Y4G8,192,Binding site,
Q9Y4G8,193,Binding site,
Q9Y4G8,194,Binding site,
Q9Y4G8,195,Binding site,
Q9Y4G8,196,Binding site,
Q9Y4G8,197,Binding site,
Q9Y4G8,198,Binding site,
Q9Y4G8,199,Binding site,
Q9Y4G8,200,Binding site,
Q9Y4G8,201,Binding site,
Q9Y4G8,202,Binding site,
Q9Y4G8,203,Binding site,
Q9Y4G8,204,Binding site,
Q9Y4G8,205,Binding site,
Q9Y4G8,206,Binding site,
Q9Y4G8,207,Binding site,
Q9Y4G8,208,Binding site,
Q9Y4G8,209,Binding site,
Q9Y4G8,210,Binding site,
Q9Y4G8,211,Binding site,
Q9Y4G8,212,Binding site,
Q9Y4G8,213,Binding site,
Q9Y4G8,214,Binding site,
Q9Y4G8,215,Binding site,
Q9Y4G8,216,Binding site,
Q9Y4G8,217,Binding site,
Q9Y4G8,218,Binding site,
Q9Y4G8,219,Binding site,
Q9Y4G8,220,Binding site,
Q9Y4G8,221,Binding site,
Q9Y4G8,222,Binding site,
Q9Y4G8,223,Binding site,
Q9Y4G8,224,Binding site,
Q9Y4G8,225,Binding site,
Q9Y4G8,226,Binding site,
Q9Y4G8,227,Binding site,
Q9Y4G8,228,Binding site,
Q9Y4G8,229,Binding site,
Q9Y4G8,230,Binding site,
Q9Y4G8,231,Binding site,
Q9Y4G8,232,Binding site,
Q9Y4G8,233,Binding site,
Q9Y4G8,234,Binding site,
Q9Y4G8,235,Binding site,
Q9Y4G8,236,Binding site,
Q9Y4G8,237,Binding site,
Q9Y4G8,238,Binding site,
Q9Y4G8,239,Binding site,
Q9Y4G8,240,Binding site,
Q9Y4G8,241,Binding site,
Q9Y4G8,242,Binding site,
Q9Y4G8,243,Binding site,
Q9Y4G8,244,Binding site,
Q9Y4G8,245,Binding site,
Q9Y4G8,246,Binding site,
Q9Y4G8,247,Binding site,
Q9Y4G8,248,Binding site,
Q9Y4G8,249,Binding site,
Q9Y4G8,250,Binding site,
Q9Y4G8,251,Binding site,
Q9Y4G8,252,Binding site,
Q9Y4G8,253,Binding site,
Q9Y4G8,254,Binding site,
Q9Y4K4,140,Active site,ECO:0000255
Q9Y4K4,26,Binding site,ECO:0000255
Q9Y4K4,27,Binding site,ECO:0000255
Q9Y4K4,28,Binding site,ECO:0000255
Q9Y4K4,29,Binding site,ECO:0000255
Q9Y4K4,30,Binding site,ECO:0000255
Q9Y4K4,31,Binding site,ECO:0000255
Q9Y4K4,32,Binding site,ECO:0000255
Q9Y4K4,33,Binding site,ECO:0000255
Q9Y4K4,34,Binding site,ECO:0000255
Q9Y4K4,49,Binding site,ECO:0000255;ECO:0000269
Q9Y572,142,Active site,ECO:0000305
Q9Y572,27,Binding site,ECO:0000255
Q9Y572,28,Binding site,ECO:0000255
Q9Y572,29,Binding site,ECO:0000255
Q9Y572,30,Binding site,ECO:0000255
Q9Y572,31,Binding site,ECO:0000255
Q9Y572,32,Binding site,ECO:0000255
Q9Y572,33,Binding site,ECO:0000255
Q9Y572,34,Binding site,ECO:0000255
Q9Y572,35,Binding site,ECO:0000255
Q9Y572,50,Binding site,ECO:0000305
Q9Y5A9,416,Binding site,ECO:0000269;ECO:0007744
Q9Y5A9,417,Binding site,ECO:0000269;ECO:0007744
Q9Y5A9,418,Binding site,ECO:0000269;ECO:0007744
Q9Y5A9,422,Binding site,ECO:0000269;ECO:0007744
Q9Y5A9,432,Binding site,ECO:0000269;ECO:0007744
Q9Y5A9,433,Binding site,ECO:0000269;ECO:0007744
Q9Y5A9,462,Binding site,ECO:0000269;ECO:0007744
Q9Y5A9,486,Binding site,ECO:0000269;ECO:0007744
Q9Y5A9,491,Binding site,ECO:0000269;ECO:0007744
Q9Y5P4,472,Binding site,ECO:0000269
Q9Y5P4,493,Binding site,ECO:0000269
Q9Y5P4,530,Binding site,ECO:0000269
Q9Y5P4,579,Binding site,ECO:0000269
Q9Y5X1,286,Binding site,ECO:0000269;ECO:0007744
Q9Y5X1,288,Binding site,ECO:0000269;ECO:0007744
Q9Y5X1,327,Binding site,ECO:0000269;ECO:0007744
Q9Y5X2,109,Binding site,ECO:0000250
Q9Y5X2,135,Binding site,ECO:0000250
Q9Y5X2,148,Binding site,ECO:0000250
Q9Y618,449,Binding site,ECO:0000269;ECO:0007744
Q9Y618,470,Binding site,ECO:0000269;ECO:0007744
Q9Y618,471,Binding site,ECO:0000269;ECO:0007744
Q9Y666,131,Binding site,ECO:0000269;ECO:0007744
Q9Y666,132,Binding site,ECO:0000269;ECO:0007744
Q9Y666,135,Binding site,ECO:0000269;ECO:0007744
Q9Y666,429,Binding site,ECO:0000269;ECO:0007744
Q9Y666,429,Binding site,ECO:0000269;ECO:0007744
Q9Y666,432,Binding site,ECO:0000269;ECO:0007744
Q9Y666,433,Binding site,ECO:0000269;ECO:0007744
Q9Y666,434,Binding site,ECO:0000269;ECO:0007744
Q9Y666,589,Binding site,ECO:0000269;ECO:0007744
Q9Y6G9,74,Binding site,ECO:0000255
Q9Y6G9,75,Binding site,ECO:0000255
Q9Y6G9,76,Binding site,ECO:0000255
Q9Y6G9,77,Binding site,ECO:0000255
Q9Y6G9,78,Binding site,ECO:0000255
Q9Y6G9,79,Binding site,ECO:0000255
Q9Y6G9,80,Binding site,ECO:0000255
Q9Y6G9,81,Binding site,ECO:0000255
Q9Y6I3,8,Binding site,ECO:0000250
Q9Y6I3,11,Binding site,ECO:0000250
Q9Y6I3,25,Binding site,ECO:0000250
Q9Y6I3,30,Binding site,ECO:0000250
Q9Y6I3,63,Binding site,ECO:0000250
Q9Y6I3,73,Binding site,ECO:0000250
Q9Y6K1,710,Active site,ECO:0000255
Q9Y6K1,641,Binding site,ECO:0000269;ECO:0007744
Q9Y6K1,642,Binding site,ECO:0000269;ECO:0007744
Q9Y6K1,643,Binding site,ECO:0000269;ECO:0007744
Q9Y6K1,644,Binding site,ECO:0000269;ECO:0007744
Q9Y6K1,645,Binding site,ECO:0000269;ECO:0007744
Q9Y6K1,664,Binding site,ECO:0000269;ECO:0007744
Q9Y6K1,686,Binding site,ECO:0000269;ECO:0007744
Q9Y6K1,687,Binding site,ECO:0000269;ECO:0007744
Q9Y6K1,688,Binding site,ECO:0000269;ECO:0007744
Q9Y6K1,891,Binding site,ECO:0000269;ECO:0007744
Q9Y6K1,892,Binding site,ECO:0000269;ECO:0007744
Q9Y6K1,893,Binding site,ECO:0000269;ECO:0007744
Q9Y6R4,1463,Active site,ECO:0000255
Q9Y6R4,1349,Binding site,ECO:0000255
Q9Y6R4,1350,Binding site,ECO:0000255
Q9Y6R4,1351,Binding site,ECO:0000255
Q9Y6R4,1352,Binding site,ECO:0000255
Q9Y6R4,1353,Binding site,ECO:0000255
Q9Y6R4,1354,Binding site,ECO:0000255
Q9Y6R4,1355,Binding site,ECO:0000255
Q9Y6R4,1356,Binding site,ECO:0000255
Q9Y6R4,1357,Binding site,ECO:0000255
Q9Y6R4,1372,Binding site,ECO:0000255
Q9Y6X9,39,Binding site,ECO:0000269
Q9Y6X9,39,Binding site,ECO:0000269
Q9Y6X9,87,Binding site,ECO:0000269
Q9Y6X9,88,Binding site,ECO:0000269
Q9Y6X9,89,Binding site,ECO:0000269
Q9Y6X9,99,Binding site,ECO:0000269
Q9Y6X9,100,Binding site,ECO:0000269
Q9Y6X9,101,Binding site,ECO:0000269
Q9Y6X9,102,Binding site,ECO:0000269
Q9Y6X9,103,Binding site,ECO:0000269
Q9Y6X9,104,Binding site,ECO:0000269
Q9Y6X9,105,Binding site,ECO:0000269
Q9Y6X9,427,Binding site,ECO:0000269
Q9Y6X9,499,Binding site,ECO:0000255
Q9Y6X9,502,Binding site,ECO:0000255
Q9Y6X9,525,Binding site,ECO:0000255
Q9Y6X9,536,Binding site,ECO:0000255
