Strain ID,Gene name,Systematic name,Strain name,pmt_position,pmt_aa_wt,pmt_aa_mutant,is_point_mutant,is_gene_control,inScreening,notes,Phosphogrid_notes,source_pos,pos,position_resolution,acc,check,raw_profile_rows,raw_conditions,raw_n_q05,raw_min_q,raw_profile_available,wgs_quality_flag,scar_control_correlation_flag,cohort_disposition,eligible_raw_cohort
PBY7,MSN2,YMR037C,MSN2 S633 ,633.0,S,A,True,False,True,point mutation to alanine,,633,633,source workbook coordinate,P33748,MATCH,102.0,102.0,0.0,0.558268438061811,True,False,False,include: sequence-validated raw-screen strain,True
PBY9,MSN2,YMR037C,MSN2 S201 ,201.0,S,A,True,False,True,point mutation to alanine,"PMID 19823750: 5,20 min 0.4M NaCl ratio (log2); 2.167,3.015|PMID 19823750: best predicted motif = AURORA-A.",201,201,source workbook coordinate,P33748,MATCH,102.0,102.0,0.0,0.283986669115883,True,False,False,include: sequence-validated raw-screen strain,True
PBY11,MSN2,YMR037C,MSN2 S451 ,451.0,S,A,True,False,True,point mutation to alanine,,451,451,source workbook coordinate,P33748,MATCH,102.0,102.0,0.0,0.105541607145151,True,False,False,include: sequence-validated raw-screen strain,True
PBY36,CDC10,YCR002C,CDC10 T216,216.0,T,A,True,False,True,point mutation to alanine,2 peptide occurrences in PMID 17330950.,216,216,source workbook coordinate,P25342,MATCH,,,,,False,False,False,exclude: no raw screening profile,False
PBY38,INP53,YOR109W,INP53 S975 ,975.0,S,A,True,False,True,point mutation to alanine,,975,975,source workbook coordinate,Q12271,MATCH,102.0,102.0,1.0,0.0289848037097265,True,False,False,include: sequence-validated raw-screen strain,True
PBY41,ZUO1,YGR285C,ZUO1 S50,50.0,S,A,True,False,True,point mutation to alanine,13 peptide occurrences in PMID 17330950|PMID 20702584: down-regulated in rapamycin treated cells|Deletion of protein Phosphatase YML057W/CMP2 causes Fold Change logFC 4.552 - PMID 21177495|Deletion of protein Phosphatase YIL113W/SDP1 causes Fold Change logFC 2.259 - PMID 21177495|Deletion of protein Phosphatase YDL047W/SIT4 causes Fold Change logFC -1.99 - PMID 21177495|Deletion of protein Phosphatase YLR019W/PSR2 causes Fold Change logFC 2.642 - PMID 21177495|Deletion of protein Phosphatase YLR433C/CNA1 causes Fold Change logFC 2.761 - PMID 21177495|Deletion of protein Kinase YKL198C/PTK1 causes Fold Change logFC -3.816 - PMID 21177495|Deletion of protein Kinase YAL017W/PSK1 causes Fold Change logFC 4.112 - PMID 21177495|Deletion of protein Kinase YAR019C/CDC15 causes Fold Change logFC 3.209 - PMID 21177495|Deletion of protein Kinase YBR097W/VPS15 causes Fold Change logFC 2.116 - PMID 21177495|Deletion of protein Kinase YIL042C/PKP1 causes Fold Change logFC 3.479 - PMID 21177495|Deletion of protein Kinase YKL139W/CTK1 causes Fold Change logFC -1.584 - PMID 21177495|Deletion of protein Kinase YKL161C/KDX1 causes Fold Change logFC 1.542 - PMID 21177495|Deletion of protein Kinase YLR096W/KIN2 causes Fold Change logFC 4.641 - PMID 21177495|Deletion of protein Kinase YLR240W/VPS34 causes Fold Change logFC 3.313 - PMID 21177495|Deletion of protein Kinase YOL045W/PSK2 causes Fold Change logFC 2.313 - PMID 21177495|Deletion of protein Kinase YOL128C/YGK3 causes Fold Change logFC 2.603 - PMID 21177495|Deletion of protein Kinase YOR231W/MKK1 causes Fold Change logFC 1.687 - PMID 21177495|Deletion of protein Kinase YPL026C/SKS1 causes Fold Change logFC 3.141 - PMID 21177495|Deletion of protein Kinase YPL042C/SSN3 causes Fold Change logFC -1.86 - PMID 21177495|Deletion of protein Kinase YPL203W/TPK2 causes Appears logFC 7.336 - PMID 21177495|Deletion of protein Kinase YPR106W/ISR1 causes Fold Change logFC 1.707 - PMID 21177495.,50,50,source workbook coordinate,P32527,MATCH,102.0,102.0,0.0,0.480025050194131,True,False,False,include: sequence-validated raw-screen strain,True
PBY63,SSK2,YNR031C,SSK2 S1424,1424.0,S,A,True,False,True,point mutation to alanine,,1424,1424,source workbook coordinate,P53599,MATCH,102.0,102.0,1.0,0.000705135093134129,True,False,False,include: sequence-validated raw-screen strain,True
PBY64,SNF1,YDR477W,SNF1 S487 ,487.0,S,A,True,False,True,point mutation to alanine,"PMID 21126336: Predicted protein kinase = CDC28, accumulates in nat3 cells.",487,487,source workbook coordinate,P06782,MATCH,102.0,102.0,2.0,0.00249609036819816,True,False,False,include: sequence-validated raw-screen strain,True
PBY66,FMP42,YMR221C,YMR221C S249,249.0,S,A,True,False,True,point mutation to alanine,3 peptide occurrences in PMID 17330950.,249,249,source workbook coordinate,Q04991,MATCH,102.0,102.0,0.0,0.185354535953066,True,False,False,include: sequence-validated raw-screen strain,True
PBY68,FMP42,YMR221C,YMR221C S249A,249.0,S,A,True,False,True,point mutation to alanine,3 peptide occurrences in PMID 17330950.,249,249,source workbook coordinate,Q04991,MATCH,102.0,102.0,2.0,1.00666801156087e-06,True,True,False,exclude: Supplementary Data 8 WGS quality flag,False
PBY69,MRC1,YCL061C,MRC1 S807 ,807.0,S,A,True,False,True,point mutation to alanine,,807,807,source workbook coordinate,P25588,MATCH,102.0,102.0,0.0,0.296155291181675,True,False,False,include: sequence-validated raw-screen strain,True
PBY71,UBP1,YDL122W,UBP1 S531,531.0,S,A,True,False,True,point mutation to alanine,"5 peptide occurrences in PMID 17330950|PMID 19823750: 5,20 min 0.4M NaCl ratio (log2); -0.022,-0.226|PMID 19823750: best predicted motif = CK2|PMID 21126336: Predicted protein kinase = CKA2|Deletion of protein Kinase YIL035C/CKA1 causes Decreased logFC -7.038 - PMID 21177495|Deletion of protein Kinase YDL025C/RTK1 causes Fold Change logFC -2.047 - PMID 21177495|Deletion of protein Phosphatase YDL134C/PPH21 causes Fold Change logFC -1.516 - PMID 21177495|Deletion of protein Phosphatase YIR026C/YVH1 causes Fold Change logFC -1.609 - PMID 21177495|Deletion of protein Kinase YKL198C/PTK1 causes Fold Change logFC 3.087 - PMID 21177495.",531,531,source workbook coordinate,P25037,MATCH,102.0,102.0,0.0,0.0690440746331977,True,False,False,include: sequence-validated raw-screen strain,True
PBY72,MYO5,YMR109W,MYO5 S1205,1205.0,S,A,True,False,True,point mutation to alanine,1 peptide occurrence in PMID 17330950|PMID 19823750: best predicted motif = CAMK2.,1205,1205,source workbook coordinate,Q04439,MATCH,102.0,102.0,1.0,0.0122689296938253,True,False,False,include: sequence-validated raw-screen strain,True
PBY73,MYO5,YMR109W,MYO5 S992 ,992.0,S,A,True,False,True,point mutation to alanine,2 peptide occurrences in PMID 17330950.,992,992,source workbook coordinate,Q04439,MATCH,102.0,102.0,1.0,0.0246798086350238,True,False,False,include: sequence-validated raw-screen strain,True
PBY74,MCK1,YNL307C,MCK1 Y199 ,199.0,Y,A,True,False,True,point mutation to alanine,Y199 is the site of tyrosine autophosphorylation on MCK1; 10 peptide occurrences in PMID 17330950|Deletion of protein Kinase YPL141C/FRK1 causes Decreased logFC -8.043 - PMID 21177495|Deletion of protein Kinase YBR274W/CHK1 causes Fold Change logFC -2.067 - PMID 21177495|Deletion of protein Phosphatase YDL230W/PTP1 causes Fold Change logFC 1.814 - PMID 21177495|Deletion of protein Kinase YDR477W/SNF1 causes Fold Change logFC 2.64 - PMID 21177495|Deletion of protein Kinase YGL021W/ALK1 causes Fold Change logFC 1.57 - PMID 21177495|Deletion of protein Kinase YKL139W/CTK1 causes Fold Change logFC -1.718 - PMID 21177495|Deletion of protein Phosphatase YLL010C/PSR1 causes Fold Change logFC 1.985 - PMID 21177495|Deletion of protein Phosphatase YLR433C/CNA1 causes Fold Change logFC -1.916 - PMID 21177495|Deletion of protein Kinase YMR216C/SKY1 causes Appears logFC 6.254 - PMID 21177495|Deletion of protein Phosphatase YNL032W/SIW14 causes Fold Change logFC 1.905 - PMID 21177495|Deletion of protein Kinase YNL307C/MCK1 causes Decreased logFC -6.691 - PMID 21177495|Deletion of protein Kinase YNR031C/SSK2 causes Fold Change logFC -2.42 - PMID 21177495|Deletion of protein Kinase YOL113W/SKM1 causes Fold Change logFC -1.537 - PMID 21177495|Deletion of protein Kinase YOR231W/MKK1 causes Fold Change logFC 1.833 - PMID 21177495|Deletion of protein Kinase YOR233W/KIN4 causes Fold Change logFC -1.523 - PMID 21177495|Deletion of protein Kinase YPL026C/SKS1 causes Fold Change logFC 1.779 - PMID 21177495|Deletion of protein Kinase YPL203W/TPK2 causes Fold Change logFC 1.759 - PMID 21177495.,199,199,source workbook coordinate,P21965,MATCH,102.0,102.0,22.0,7.22038810967585e-23,True,False,False,include: sequence-validated raw-screen strain,True
PBY75,MCK1,YNL307C,MCK1 T48 ,48.0,T,A,True,False,True,point mutation to alanine,,48,48,source workbook coordinate,P21965,MATCH,,,,,False,False,False,exclude: no raw screening profile,False
PBY76,TIP41,YPR040W,TIP41 T55,55.0,T,A,True,False,True,point mutation to alanine,,55,55,source workbook coordinate,Q12199,MATCH,102.0,102.0,0.0,0.205576117822537,True,False,False,include: sequence-validated raw-screen strain,True
PBY77,RIM15,YFL033C,RIM15 S1764  ,1764.0,S,A,True,False,True,point mutation to alanine,1 peptide occurrence in PMID 17330950.,1764,1764,source workbook coordinate,P43565,MATCH,102.0,102.0,16.0,6.23349012109029e-65,True,False,False,include: sequence-validated raw-screen strain,True
PBY78,RIM15,YFL033C,RIM15 S1764A ,1764.0,S,A,True,False,True,point mutation to alanine,1 peptide occurrence in PMID 17330950.,1764,1764,source workbook coordinate,P43565,MATCH,102.0,102.0,0.0,0.386029213030839,True,False,False,include: sequence-validated raw-screen strain,True
PBY79,RIM15,YFL033C,RIM15 S1764A ,1764.0,S,A,True,False,True,point mutation to alanine,1 peptide occurrence in PMID 17330950.,1764,1764,source workbook coordinate,P43565,MATCH,102.0,102.0,8.0,4.18787499584268e-11,True,False,False,include: sequence-validated raw-screen strain,True
PBY82,MRK1,YDL079C,MRK1 Y324A,324.0,Y,A,True,False,True,point mutation to alanine,,324,324,source workbook coordinate,P50873,MATCH,102.0,102.0,1.0,0.017174181886473,True,False,False,include: sequence-validated raw-screen strain,True
PBY86,CTR9,YOL145C,CTR9 S1017A,1017.0,S,A,True,False,True,point mutation to alanine,"12 peptide occurrences in PMID 17330950|Possible site for Aurora Kinase/ Ipl1, PMID 19795423|PMID 19823750: 5,20 min 0.4M NaCl ratio (log2); -0.326,-1.157|PMID 19823750: best predicted motif = NEK6|Deletion of protein Kinase YBR160W/CDC28 causes Fold Change logFC -2.34 - PMID 21177495|Deletion of protein Kinase YDR477W/SNF1 causes Fold Change logFC -1.539 - PMID 21177495|Deletion of protein Kinase YGL059W/PKP2 causes Fold Change logFC -1.588 - PMID 21177495.",1017,1017,source workbook coordinate,P89105,MATCH,102.0,102.0,0.0,0.659972918057668,True,False,False,include: sequence-validated raw-screen strain,True
PBY89,RIM15,YFL033C,RIM15 S1525A,1525.0,S,A,True,False,True,point mutation to alanine,,1525,1525,source workbook coordinate,P43565,MATCH,102.0,102.0,7.0,0.00161105573298028,True,False,False,include: sequence-validated raw-screen strain,True
PBY91,MRK1,YDL079C,MRK1 S98A,98.0,S,A,True,False,True,point mutation to alanine,,98,98,source workbook coordinate,P50873,MATCH,102.0,102.0,0.0,0.0800296625385515,True,False,False,include: sequence-validated raw-screen strain,True
PBY92,SCH9,YHR205W,SCH9 T568A ,568.0,T,A,True,False,True,point mutation to alanine,,568,568,source workbook coordinate,P11792,MATCH,102.0,102.0,6.0,1.68463095935613e-05,True,False,False,include: sequence-validated raw-screen strain,True
PBY93,SNF1,YDR477W,SNF1 S211  ,211.0,S,A,True,False,True,point mutation to alanine,,211,211,source workbook coordinate,P06782,MATCH,102.0,102.0,2.0,0.0111592253595698,True,False,False,include: sequence-validated raw-screen strain,True
PBY94,SNF1,YDR477W,SNF1 Y217  ,217.0,Y,A,True,False,True,point mutation to alanine,,217,217,source workbook coordinate,P06782,MATCH,102.0,102.0,26.0,6.85401848990996e-11,True,False,False,include: sequence-validated raw-screen strain,True
PBY95,TIP41,YPR040W,TIP41A S169,169.0,S,A,True,False,True,point mutation to alanine,PMID 21126336: Predicted protein kinase = SNF1,169,169,source workbook coordinate,Q12199,MATCH,102.0,102.0,0.0,0.69383440056969,True,False,False,include: sequence-validated raw-screen strain,True
PBY97,CTR9,YOL145C,CTR9 S1046,1046.0,S,A,True,False,True,point mutation to alanine,"PMID 19823750: 5,20 min 0.4M NaCl ratio (log2); -0.076,-0.014|PMID 19823750: best predicted motif = CK2.",1046,1046,source workbook coordinate,P89105,MATCH,102.0,102.0,0.0,0.291370745348228,True,False,False,include: sequence-validated raw-screen strain,True
PBY99,MCK1,YNL307C,MCK1 S198  ,198.0,S,A,True,False,True,point mutation to alanine,2 peptide occurrences in PMID 17330950|Deletion of protein Phosphatase YLL010C/PSR1 causes Fold Change logFC 1.985 - PMID 21177495.,198,198,source workbook coordinate,P21965,MATCH,102.0,102.0,0.0,0.432562656601002,True,False,False,include: sequence-validated raw-screen strain,True
PBY100,NUP2,YLR335W,NUP2 S523  ,523.0,S,A,True,False,True,point mutation to alanine,"Mec1/ Tel1/ Rad53 dependent in PMID 17563356|Induced by MMS treatment, Rad53-dependent.",523,523,source workbook coordinate,P32499,MATCH,102.0,102.0,0.0,0.383995706967098,True,False,False,include: sequence-validated raw-screen strain,True
PBY101,UBP1,YDL122W,UBP1 S638,638.0,S,A,True,False,True,point mutation to alanine,"6 peptide occurrences in PMID 17330950|PMID 19823750: 5,20 min 0.4M NaCl ratio (log2); -0.168,0.103|PMID 19823750: best predicted motif = CK2.",638,638,source workbook coordinate,P25037,MATCH,102.0,102.0,0.0,0.35819814754455,True,False,False,include: sequence-validated raw-screen strain,True
PBY102,MYO5,YMR109W,MYO5 T349  ,349.0,T,A,True,False,True,point mutation to alanine,,349,349,source workbook coordinate,Q04439,MATCH,102.0,102.0,4.0,0.00193173165404878,True,False,False,include: sequence-validated raw-screen strain,True
PBY103,MRK1,YDL079C,MRK1 S323  ,323.0,S,A,True,False,True,point mutation to alanine,,323,323,source workbook coordinate,P50873,MATCH,102.0,102.0,1.0,0.0117473514176257,True,False,False,include: sequence-validated raw-screen strain,True
PBY105,CTR9,YOL145C,CTR9 S974,974.0,S,A,True,False,True,point mutation to alanine,,974,974,source workbook coordinate,P89105,MATCH,102.0,102.0,0.0,0.671070983165821,True,False,False,include: sequence-validated raw-screen strain,True
PBY107,HOG1,YLR113W,HOG1 T178,178.0,T,A,True,False,True,point mutation to alanine,,178,174,resolved HOG1 T178A workbook label to T174A from source article and Supplementary Data 8,P32485,MATCH,102.0,102.0,26.0,1.99099863730778e-78,True,False,False,include: sequence-validated raw-screen strain,True
PBY108,MSN2,YMR037C,MSN2 S582  ,582.0,S,A,True,False,True,point mutation to alanine,Regulates nuclear export in response to carbon starvation.,582,582,source workbook coordinate,P33748,MATCH,102.0,102.0,0.0,0.101515839440197,True,False,False,include: sequence-validated raw-screen strain,True
PBY109,NUP2,YLR335W,NUP2 S512  ,512.0,S,A,True,False,True,point mutation to alanine,"Mec1/ Tel1/ Rad53 dependent in PMID 17563356|Induced by MMS treatment, Rad53-dependent.",512,512,source workbook coordinate,P32499,MATCH,102.0,102.0,0.0,0.346086146569381,True,False,False,include: sequence-validated raw-screen strain,True
PBY110,MYO5,YMR109W,MYO5 S777  ,777.0,S,A,True,False,True,point mutation to alanine,,777,777,source workbook coordinate,Q04439,MATCH,102.0,102.0,5.0,1.05861802103327e-05,True,False,False,include: sequence-validated raw-screen strain,True
PBY111,FMP42,YMR221C,FMP42 S269,269.0,S,A,True,False,True,point mutation to alanine,"2 peptide occurrences in PMID 17330950|PMID 19823750: 5,20 min 0.4M NaCl ratio (log2); 1.366,1.559|PMID 19823750: best predicted motif = AURORA-A.",269,269,source workbook coordinate,Q04991,MATCH,102.0,102.0,0.0,0.584242032504568,True,False,False,include: sequence-validated raw-screen strain,True
PBY112,SCH9,YHR205W,SCH9 S290  ,290.0,S,A,True,False,True,point mutation to alanine,,290,290,source workbook coordinate,P11792,MATCH,102.0,102.0,7.0,0.00424434035992643,True,False,False,include: sequence-validated raw-screen strain,True
PBY115,MYO5,YMR109W,MYO5 Y359  ,359.0,Y,A,True,False,True,point mutation to alanine,15 peptide occurrences in PMID 17330950|Deletion of protein Kinase YDR477W/SNF1 causes Fold Change logFC 1.585 - PMID 21177495.,359,359,source workbook coordinate,Q04439,MATCH,102.0,102.0,2.0,0.0289786851672671,True,False,False,include: sequence-validated raw-screen strain,True
PBY116,SSK2,YNR031C,SSK2 S78,78.0,S,A,True,False,True,point mutation to alanine,,78,78,source workbook coordinate,P53599,MATCH,102.0,102.0,7.0,2.73064691253204e-06,True,False,False,include: sequence-validated raw-screen strain,True
PBY117,SNF1,YDR477W,SNF1 T210  ,210.0,T,A,True,False,True,point mutation to alanine,"Site of autophosphorylation (# 1468623), Phosphorylation of T210 is required for binding of SNF4 to SNF1, (#9600950)|Phosphorylated by Elm1, Sak1, or Tos3 in response to hypotonic, osmotic and alkaline pH stress|PMID 21464305 indicates this residue can also be dephosphorylated by Sit4.",210,210,source workbook coordinate,P06782,MATCH,102.0,102.0,13.0,3.36691891328256e-17,True,False,False,include: sequence-validated raw-screen strain,True
PBY118,SCH9,YHR205W,SCH9 S726  ,726.0,S,A,True,False,True,point mutation to alanine,PMID 19684113: Down-regulated by rapamycin|Tap42-dependent PMID 20702584: down-regulated in rapamycin treated cells|Deletion of protein Kinase YKL139W/CTK1 causes Decreased logFC -6.013 - PMID 21177495|Deletion of protein Phosphatase YDL047W/SIT4 causes Fold Change logFC -1.732 - PMID 21177495|Deletion of protein Kinase YKL126W/YPK1 causes Fold Change logFC -1.616 - PMID 21177495|Deletion of protein Kinase YMR139W/RIM11 causes Fold Change logFC 1.685 - PMID 21177495|Deletion of protein Phosphatase YOR090C/PTC5 causes Fold Change logFC 2.023 - PMID 21177495|Deletion of protein Kinase YPL031C/PHO85 causes Fold Change logFC -2.262 - PMID 21177495|Deletion of protein Kinase YPL042C/SSN3 causes Fold Change logFC -1.56 - PMID 21177495.,726,726,source workbook coordinate,P11792,MATCH,102.0,102.0,5.0,0.000297938242153046,True,False,False,include: sequence-validated raw-screen strain,True
PBY120,RIM15,YFL033C,RIM15 S1061 ,1061.0,S,A,True,False,True,point mutation to alanine,,1061,1061,source workbook coordinate,P43565,MATCH,102.0,102.0,0.0,0.50466603731015,True,False,False,include: sequence-validated raw-screen strain,True
PBY121,SCH9,YHR205W,SCH9 S288  ,288.0,S,A,True,False,True,point mutation to alanine,,288,288,source workbook coordinate,P11792,MATCH,102.0,102.0,1.0,0.0352451120768631,True,False,False,include: sequence-validated raw-screen strain,True
PBY122,ARP8,YOR141C,ARP8 T237,237.0,T,A,True,False,True,point mutation to alanine,,237,237,source workbook coordinate,Q12386,MATCH,102.0,102.0,0.0,0.146499629764214,True,False,False,include: sequence-validated raw-screen strain,True
PBY123,MRC1,YCL061C,MRC1 S607  ,607.0,S,A,True,False,True,point mutation to alanine,"2 peptide occurrences in PMID 17330950|PMID 19823750: 5,20 min 0.4M NaCl ratio (log2); -2.706,-3.061|PMID 19823750: best predicted motif = CK2|PMID 19684113: Down-regulated by cycloheximide|Deletion of protein Kinase YGR262C/BUD32 causes Fold Change logFC -1.795 - PMID 21177495|Deletion of protein Phosphatase YIR026C/YVH1 causes Fold Change logFC -2.637 - PMID 21177495|Deletion of protein Kinase YLR096W/KIN2 causes Fold Change logFC 1.802 - PMID 21177495|Deletion of protein Phosphatase YNL099C/OCA1 causes Fold Change logFC -1.617 - PMID 21177495.",607,607,source workbook coordinate,P25588,MATCH,102.0,102.0,11.0,7.18600747992548e-05,True,False,False,include: sequence-validated raw-screen strain,True
PBY124,NAP1,YKR048C,NAP1 S27,27.0,S,A,True,False,True,point mutation to alanine,"Similar to CAMK2 site, PMID 19795423|PMID 19823750: 5,20 min 0.4M NaCl ratio (log2); 0.656,0.765|PMID 20702584: down-regulated in rapamycin treated cells|Deletion of protein Phosphatase YNL099C/OCA1 causes Fold Change logFC 1.83 - PMID 21177495.",27,27,source workbook coordinate,P25293,MATCH,102.0,102.0,0.0,0.0645718875889442,True,False,False,include: sequence-validated raw-screen strain,True
PBY125,UBP1,YDL122W,UBP1 S592,592.0,S,A,True,False,True,point mutation to alanine,"PMID 19823750: 5,20 min 0.4M NaCl ratio (log2); 0.407,1.188|PMID 19823750: best predicted motif = FHA1 Rad53p.",592,592,source workbook coordinate,P25037,MISMATCH:T,102.0,102.0,0.0,0.707994956739901,True,False,False,exclude: mismatch:t at resolved coordinate,False
PBY126,TMA19,YKL056C,TMA19 S9,9.0,S,A,True,False,True,point mutation to alanine,,9,9,source workbook coordinate,P35691,MATCH,102.0,102.0,0.0,0.346403455425979,True,False,False,include: sequence-validated raw-screen strain,True
PBY127,TMA19,YKL056C,TMA19 S15,15.0,S,A,True,False,True,point mutation to alanine,,15,15,source workbook coordinate,P35691,MATCH,102.0,102.0,7.0,0.000474249079195647,True,False,False,include: sequence-validated raw-screen strain,True
PBY128,TMA19,YKL056C,TMA19 S123,123.0,S,A,True,False,True,point mutation to alanine,,123,123,source workbook coordinate,P35691,MATCH,102.0,102.0,0.0,0.262071278313077,True,False,False,include: sequence-validated raw-screen strain,True
PBY129,CHL1,YPL008W,CHL1 S172,172.0,S,A,True,False,True,point mutation to alanine,,172,172,source workbook coordinate,P22516,MATCH,102.0,102.0,26.0,1.48879846090021e-18,True,True,False,exclude: Supplementary Data 8 WGS quality flag,False
PBY130,TMA19,YKL056C,TMA19 S82 ,82.0,S,A,True,False,True,point mutation to alanine,,82,82,source workbook coordinate,P35691,MATCH,102.0,102.0,0.0,0.493525399974303,True,False,False,include: sequence-validated raw-screen strain,True
PBY131,HOG1,YLR113W,HOG1 T174,174.0,T,A,True,False,True,point mutation to alanine,"Activating phosphorylations on HOG1 MAP kinase, mutation of these residues prevent growth on 0.4M KCl|Deletion of protein Kinase YKL166C/TPK3 causes Fold Change logFC 1.552 - PMID 21177495.",174,174,source workbook coordinate,P32485,MATCH,102.0,102.0,20.0,5.1147641552892e-67,True,True,False,exclude: Supplementary Data 8 WGS quality flag,False
PBY132,MCK1,YNL307C,MCK1 S24  ,24.0,S,A,True,False,True,point mutation to alanine,"Possible CK2 site, PMID 19795423|PMID 19823750: 5,20 min 0.4M NaCl ratio (log2); 0.164,0.392|Deletion of protein Kinase YDR466W/PKH3 causes Fold Change logFC -2.403 - PMID 21177495.",24,24,source workbook coordinate,P21965,MATCH,102.0,102.0,0.0,0.170310398794171,True,False,False,include: sequence-validated raw-screen strain,True
PBY133,MSN2,YMR037C,MSN2 S304  ,304.0,S,A,True,False,True,point mutation to alanine,3 peptide occurrences in PMID 17330950|Deletion of protein Kinase YDR477W/SNF1 causes Fold Change logFC 4.349 - PMID 21177495.,304,304,source workbook coordinate,P33748,MATCH,102.0,102.0,1.0,0.0444474523684817,True,False,False,include: sequence-validated raw-screen strain,True
PBY134,NAP1,YKR048C,NAP1 T20,20.0,T,A,True,False,True,point mutation to alanine,"Observed on peptide with oxidized methionine; 7 peptide occurrences in PMID 17330950|PMID 19823750: 5,20 min 0.4M NaCl ratio (log2); 0.932,1.508|PMID 20702584: down-regulated in rapamycin treated cells|Deletion of protein Kinase YJR059W/PTK2 causes Decreased logFC -11.945 - PMID 21177495|Deletion of protein Kinase YDL025C/RTK1 causes Fold Change logFC 1.638 - PMID 21177495|Deletion of protein Kinase YGL059W/PKP2 causes Fold Change logFC 1.568 - PMID 21177495|Deletion of protein Kinase YGR262C/BUD32 causes Fold Change logFC 2.414 - PMID 21177495.",20,20,source workbook coordinate,P25293,MATCH,102.0,102.0,4.0,2.60808459980285e-07,True,False,False,include: sequence-validated raw-screen strain,True
PBY135,NAP1,YKR048C,NAP1 T53,53.0,T,A,True,False,True,point mutation to alanine,,53,53,source workbook coordinate,P25293,MATCH,102.0,102.0,0.0,0.308942085744475,True,False,False,include: sequence-validated raw-screen strain,True
PBY136,NUP2,YLR335W,NUP2 S205  ,205.0,S,A,True,False,True,point mutation to alanine,"3 peptide occurrences in PMID 17330950|PMID 19823750: 5,20 min 0.4M NaCl ratio (log2); -0.174,-0.155|Deletion of protein Kinase YBL009W/ALK2 causes Decreased logFC -5.995 - PMID 21177495|Deletion of protein Kinase YAL017W/PSK1 causes Fold Change logFC 4.131 - PMID 21177495|Deletion of protein Kinase YBL088C/TEL1 causes Fold Change logFC -4.84 - PMID 21177495|Deletion of protein Kinase YDR477W/SNF1 causes Fold Change logFC 3.299 - PMID 21177495|Deletion of protein Kinase YGL021W/ALK1 causes Fold Change logFC 1.787 - PMID 21177495|Deletion of protein Kinase YGL179C/TOS3 causes Fold Change logFC 3.138 - PMID 21177495|Deletion of protein Kinase YHR030C/SLT2 causes Fold Change logFC -1.54 - PMID 21177495|Deletion of protein Kinase YIL042C/PKP1 causes Fold Change logFC 5.802 - PMID 21177495|Deletion of protein Kinase YJL106W/IME2 causes Fold Change logFC -2.797 - PMID 21177495|Deletion of protein Kinase YKL101W/HSL1 causes Fold Change logFC -2.113 - PMID 21177495|Deletion of protein Kinase YKL166C/TPK3 causes Fold Change logFC 1.76 - PMID 21177495|Deletion of protein Kinase YKL171W/NNK1 causes Fold Change logFC 1.506 - PMID 21177495|Deletion of protein Kinase YMR291W/TDA1 causes Fold Change logFC 2.349 - PMID 21177495|Deletion of protein Kinase YNL298W/CLA4 causes Fold Change logFC 1.701 - PMID 21177495|Deletion of protein Kinase YOL016C/CMK2 causes Fold Change logFC -2.453 - PMID 21177495|Deletion of protein Kinase YOL045W/PSK2 causes Fold Change logFC 2.096 - PMID 21177495|Deletion of protein Kinase YOL113W/SKM1 causes Fold Change logFC -1.954 - PMID 21177495|Deletion of protein Kinase YPL026C/SKS1 causes Fold Change logFC 2.835 - PMID 21177495|Deletion of protein Kinase YPL203W/TPK2 causes Fold Change logFC 4.154 - PMID 21177495|Deletion of protein Kinase YPR106W/ISR1 causes Fold Change logFC 2.181 - PMID 21177495|Deletion of protein Kinase YPR111W/DBF20 causes Fold Change logFC 3.667 - PMID 21177495|Deletion of protein Phosphatase YDL230W/PTP1 causes Appears logFC 6.064 - PMID 21177495|Deletion of protein Phosphatase YBR125C/PTC4 causes Fold Change logFC -3.417 - PMID 21177495|Deletion of protein Phosphatase YLR019W/PSR2 causes Fold Change logFC 1.774 - PMID 21177495|Deletion of protein Phosphatase YML057W/CMP2 causes Fold Change logFC 4.79 - PMID 21177495|Deletion of protein Phosphatase YNL099C/OCA1 causes Fold Change logFC 2.808 - PMID 21177495.",205,205,source workbook coordinate,P32499,MATCH,102.0,102.0,8.0,1.48461261755179e-13,True,False,False,include: sequence-validated raw-screen strain,True
PBY137,RAD7,YJR052W,RAD7 S85,85.0,S,A,True,False,True,point mutation to alanine,,85,85,source workbook coordinate,P06779,MATCH,102.0,102.0,0.0,0.45897336878036,True,False,False,include: sequence-validated raw-screen strain,True
PBY138,RAD7,YJR052W,RAD7 T87,87.0,T,A,True,False,True,point mutation to alanine,,87,87,source workbook coordinate,P06779,MATCH,102.0,102.0,0.0,0.218398881799399,True,False,False,include: sequence-validated raw-screen strain,True
PBY139,SNF2,YOR290C,SNF2 S1478  ,1478.0,S,A,True,False,True,point mutation to alanine,,1478,1478,source workbook coordinate,P22082,MATCH,102.0,102.0,0.0,0.510810870963897,True,False,False,include: sequence-validated raw-screen strain,True
PBY140,UBP1,YDL122W,UBP1 S530,530.0,S,A,True,False,True,point mutation to alanine,"4 peptide occurrences in PMID 17330950|PMID 21126336: Predicted protein kinase = CKA2, accumulates in nat3 cells|Deletion of protein Kinase YIL035C/CKA1 causes Decreased logFC -7.038 - PMID 21177495|Deletion of protein Kinase YDL025C/RTK1 causes Fold Change logFC -2.047 - PMID 21177495|Deletion of protein Phosphatase YDL134C/PPH21 causes Fold Change logFC -1.516 - PMID 21177495|Deletion of protein Phosphatase YIR026C/YVH1 causes Fold Change logFC -1.609 - PMID 21177495|Deletion of protein Kinase YKL198C/PTK1 causes Fold Change logFC 3.087 - PMID 21177495.",530,530,source workbook coordinate,P25037,MATCH,102.0,102.0,0.0,0.593143377234975,True,False,False,include: sequence-validated raw-screen strain,True
PBY144,TIP41,YPR040W,TIP41 S79,79.0,S,A,True,False,True,point mutation to alanine,Deletion of protein Kinase YDR477W/SNF1 causes Appears logFC 8.589 - PMID 21177495.,79,79,source workbook coordinate,Q12199,MATCH,,,,,False,False,False,exclude: no raw screening profile,False
PBY145,SNF1,YDR477W,SNF1 S413 ,413.0,S,A,True,False,True,point mutation to alanine,"3 peptide occurrences in PMID 17330950|PMID 19823750: 5,20 min 0.4M NaCl ratio (log2); -0.032,0.162|PMID 19823750: best predicted motif = NEK6.",413,413,source workbook coordinate,P06782,MATCH,102.0,102.0,0.0,0.161488261623078,True,False,False,include: sequence-validated raw-screen strain,True
PBY177,SSK2,YNR031C,SSK2 S1468,1468.0,S,A,True,False,True,point mutation to alanine,,1468,1468,source workbook coordinate,P53599,MATCH,102.0,102.0,0.0,0.326236033074383,True,False,False,include: sequence-validated raw-screen strain,True
PBY178,SSK2,YNR031C,SSK2 T1460,1460.0,T,A,True,False,True,point mutation to alanine,,1460,1460,source workbook coordinate,P53599,MATCH,102.0,102.0,0.0,0.595202749824717,True,False,False,include: sequence-validated raw-screen strain,True
PBY179,ELO3,YLR372W,ELO3 T331,331.0,T,A,True,False,True,point mutation to alanine,,331,331,source workbook coordinate,P40319,MATCH,102.0,102.0,0.0,0.125258543080244,True,False,False,include: sequence-validated raw-screen strain,True
PBY181,ELO3,YLR372W,ELO3 T338,338.0,T,A,True,False,True,point mutation to alanine,,338,338,source workbook coordinate,P40319,MATCH,102.0,102.0,5.0,6.47624974142926e-09,True,True,False,exclude: Supplementary Data 8 WGS quality flag,False
PBY183,ELO3,YLR372W,ELO3 S336,336.0,S,A,True,False,True,point mutation to alanine,,336,336,source workbook coordinate,P40319,MATCH,102.0,102.0,0.0,0.462082466982199,True,False,False,include: sequence-validated raw-screen strain,True
PBY185,ELO3,YLR372W,ELO3 T335,335.0,T,A,True,False,True,point mutation to alanine,,335,335,source workbook coordinate,P40319,MATCH,102.0,102.0,0.0,0.730979652471375,True,False,False,include: sequence-validated raw-screen strain,True
PBY187,ELO3,YLR372W,ELO3 S327,327.0,S,A,True,False,True,point mutation to alanine,,327,327,source workbook coordinate,P40319,MATCH,102.0,102.0,0.0,0.584242032504568,True,False,False,include: sequence-validated raw-screen strain,True
PBY189,ERG6,YML008C,ERG6 T219,219.0,T,A,True,False,True,point mutation to alanine,,219,219,source workbook coordinate,P25087,MATCH,102.0,102.0,0.0,0.536829882120947,True,False,False,include: sequence-validated raw-screen strain,True
PBY191,ERG6,YML008C,ERG6 Y223,223.0,Y,A,True,False,True,point mutation to alanine,,223,223,source workbook coordinate,P25087,MATCH,102.0,102.0,0.0,0.310437429317295,True,False,False,include: sequence-validated raw-screen strain,True
PBY192,ERG6,YML008C,ERG6 T228,228.0,T,A,True,False,True,point mutation to alanine,,228,228,source workbook coordinate,P25087,MATCH,102.0,102.0,0.0,0.662623851053297,True,False,False,include: sequence-validated raw-screen strain,True
PBY193,ERG6,YML008C,ERG6 T373,373.0,T,A,True,False,True,point mutation to alanine,PMID 21126336: Predicted protein kinase = CDC28,373,373,source workbook coordinate,P25087,MATCH,102.0,102.0,0.0,0.718865811866032,True,False,False,include: sequence-validated raw-screen strain,True
PBY195,INO1,YJL153C,INO1 S368 ,368.0,S,A,True,False,True,point mutation to alanine,,368,368,source workbook coordinate,P11986,MATCH,102.0,102.0,2.0,5.12337904671879e-20,True,False,False,include: sequence-validated raw-screen strain,True
PBY197,INO1,YJL153C,INO1 S375 ,375.0,S,A,True,False,True,point mutation to alanine,,375,375,source workbook coordinate,P11986,MATCH,102.0,102.0,0.0,0.0974742305152843,True,False,False,include: sequence-validated raw-screen strain,True
PBY198,IPT1,YDR072C,IPT1 S380 ,380.0,S,A,True,False,True,point mutation to alanine,,380,380,source workbook coordinate,P38954,MATCH,102.0,102.0,1.0,0.0325344018011549,True,False,False,include: sequence-validated raw-screen strain,True
PBY199,IPT1,YDR072C,IPT1 S384 ,384.0,S,A,True,False,True,point mutation to alanine,,384,384,source workbook coordinate,P38954,MATCH,102.0,102.0,2.0,0.0118264172829688,True,False,False,include: sequence-validated raw-screen strain,True
PBY200,IPT1,YDR072C,IPT1 S393 ,393.0,S,A,True,False,True,point mutation to alanine,,393,393,source workbook coordinate,P38954,MATCH,102.0,102.0,0.0,0.396299784172673,True,False,False,include: sequence-validated raw-screen strain,True
PBY201,IPT1,YDR072C,IPT1 S404 ,404.0,S,A,True,False,True,point mutation to alanine,,404,404,source workbook coordinate,P38954,MATCH,,,,,False,False,False,exclude: no raw screening profile,False
PBY202,NSG1,YHR133C,NSG1 S76  ,76.0,S,A,True,False,True,point mutation to alanine,,76,76,source workbook coordinate,P38837,MATCH,102.0,102.0,24.0,2.03919023304979e-15,True,False,False,include: sequence-validated raw-screen strain,True
PBY203,SAT4,YCR008W,SAT4 S155,155.0,S,A,True,False,True,point mutation to alanine,,155,155,source workbook coordinate,P25333,MATCH,102.0,102.0,6.0,0.00257249718063742,True,False,False,include: sequence-validated raw-screen strain,True
PBY205,HMG1,YML075C,HMG1 S575,575.0,S,A,True,False,True,point mutation to alanine,,575,575,source workbook coordinate,P12683,MATCH,102.0,102.0,1.0,0.0301136693179006,True,False,False,include: sequence-validated raw-screen strain,True
PBY206,HMG1,YML075C,HMG1 S577,577.0,S,A,True,False,True,point mutation to alanine,,577,577,source workbook coordinate,P12683,MATCH,102.0,102.0,1.0,0.00706245067471091,True,False,False,include: sequence-validated raw-screen strain,True
PBY207,HMG2,YLR450W,HMG2 S556,556.0,S,A,True,False,True,point mutation to alanine,PMID 21126336: Predicted protein kinase = RIM11,556,556,source workbook coordinate,P12684,MATCH,102.0,102.0,7.0,0.000157898608128594,True,False,False,include: sequence-validated raw-screen strain,True
PBY208,HMG2,YLR450W,HMG2 T565,565.0,T,A,True,False,True,point mutation to alanine,3 peptide occurrences in PMID 17330950.,565,565,source workbook coordinate,P12684,MATCH,102.0,102.0,0.0,0.464856709618833,True,False,False,include: sequence-validated raw-screen strain,True
PBY209,NSG2,YNL156C,NSG2 S81  ,81.0,S,A,True,False,True,point mutation to alanine,,81,81,source workbook coordinate,P53898,MATCH,102.0,102.0,0.0,0.312425083197648,True,False,False,include: sequence-validated raw-screen strain,True
PBY211,NSG2,YNL156C,NSG2 S100  ,100.0,S,A,True,False,True,point mutation to alanine,,100,100,source workbook coordinate,P53898,MATCH,102.0,102.0,0.0,0.37587172780242,True,False,False,include: sequence-validated raw-screen strain,True
PBY212,YGK3,YOL128C,YGK3 S211,211.0,S,A,True,False,True,point mutation to alanine,,211,211,source workbook coordinate,Q12222,MATCH,102.0,102.0,0.0,0.102873687799141,True,False,False,include: sequence-validated raw-screen strain,True
PBY213,PTK2,YJR059W,PTK2 S726  ,726.0,S,A,True,False,True,point mutation to alanine,2 peptide occurrences in PMID 17330950.,726,726,source workbook coordinate,P47116,MATCH,102.0,102.0,0.0,0.653236796948093,True,False,False,include: sequence-validated raw-screen strain,True
PBY215,PTK2,YJR059W,PTK2 T730  ,730.0,T,A,True,False,True,point mutation to alanine,"4 peptide occurrences in PMID 17330950|Possible site for CK1 PMID 19795423|PMID 19823750: 5,20 min 0.4M NaCl ratio (log2); 0.115,-0.003|PMID 19823750: best predicted motif = WW GroupIV.",730,730,source workbook coordinate,P47116,MATCH,102.0,102.0,0.0,0.205108023235302,True,False,False,include: sequence-validated raw-screen strain,True
PBY216,RSC2,YLR357W,RSC2 S682   ,682.0,S,A,True,False,True,point mutation to alanine,"1 peptide occurrence in PMID 17330950|PMID 20702584: accumulates in rapamycin-treated cells|PMID 21126336: Predicted protein kinase = CDC28, accumulates in nat3 cells|Deletion of protein Phosphatase YGR203W/YCH1 causes Fold Change logFC -1.501 - PMID 21177495|Deletion of protein Kinase YNL307C/MCK1 causes Fold Change logFC -1.51 - PMID 21177495.",682,682,source workbook coordinate,Q06488,MATCH,102.0,102.0,0.0,0.211972035036169,True,False,False,include: sequence-validated raw-screen strain,True
PBY217,TDA1,YMR291W,TDA1 T513,513.0,T,A,True,False,True,point mutation to alanine,"Possible PKA site PMID 19795423|PMID 19823750: 5,20 min 0.4M NaCl ratio (log2); 0.05,1.448|PMID 19823750: best predicted motif = CDK1|Deletion of protein Kinase YJL128C/PBS2 causes Fold Change logFC -1.571 - PMID 21177495|Deletion of protein Kinase YPL140C/MKK2 causes Fold Change logFC -2.572 - PMID 21177495.",513,513,source workbook coordinate,Q03533,MATCH,102.0,102.0,2.0,0.00066898071859529,True,False,False,include: sequence-validated raw-screen strain,True
PBY219,TDA1,YMR291W,TDA1 S522,522.0,S,A,True,False,True,point mutation to alanine,"PMID 19823750: 5,20 min 0.4M NaCl ratio (log2); 0.731,1.463|PMID 19823750: best predicted motif = CHK1/2.",522,522,source workbook coordinate,Q03533,MATCH,102.0,102.0,0.0,0.257697487877019,True,False,False,include: sequence-validated raw-screen strain,True
PBY220,RPD3,YNL330C,RPD3 T6 ,6.0,T,A,True,False,True,point mutation to alanine,,6,6,source workbook coordinate,P32561,MATCH,102.0,102.0,0.0,0.207614533196671,True,False,False,include: sequence-validated raw-screen strain,True
PBY221,RPD3,YNL330C,RPD3 S418  ,418.0,S,A,True,False,True,point mutation to alanine,Possible site for CK1 PMID 19795423|PMID 19823750: best predicted motif = CK1.,418,418,source workbook coordinate,P32561,MATCH,102.0,102.0,18.0,3.76207740620068e-38,True,False,False,include: sequence-validated raw-screen strain,True
PBY223,CTR9,YOL145C,CTR9 S1056,1056.0,S,A,True,False,True,point mutation to alanine,,1056,1056,source workbook coordinate,P89105,MATCH,102.0,102.0,0.0,0.454790316522047,True,False,False,include: sequence-validated raw-screen strain,True
PBY225,PBS2,YJL128C,PBS2 S248 ,248.0,S,A,True,False,True,point mutation to alanine,"Similar to PKD site, PMID 19795423|PMID 19823750: 5,20 min 0.4M NaCl ratio (log2); 1.964,1.318|Deletion of protein Kinase YIL042C/PKP1 causes Fold Change logFC -2.171 - PMID 21177495|Deletion of protein Kinase YNL020C/ARK1 causes Fold Change logFC -1.554 - PMID 21177495|Deletion of protein Kinase YPL026C/SKS1 causes Fold Change logFC -2.205 - PMID 21177495.",248,248,source workbook coordinate,P08018,MATCH,102.0,102.0,0.0,0.149941104554343,True,False,False,include: sequence-validated raw-screen strain,True
PBY227,SWI3,YJL176C,SWI3 Y354,354.0,Y,A,True,False,True,point mutation to alanine,,354,354,source workbook coordinate,P32591,MATCH,102.0,102.0,0.0,0.371215528219365,True,False,False,include: sequence-validated raw-screen strain,True
PBY229,YHR097C,YHR097C,YHR097C S249,249.0,S,A,True,False,True,point mutation to alanine,,249,249,source workbook coordinate,P38809,MISMATCH:H,102.0,102.0,0.0,0.508914038338179,True,False,False,exclude: mismatch:h at resolved coordinate,False
PBY232,ECM22,YLR228C,ECM22 S87 ,87.0,S,A,True,False,True,point mutation to alanine,,87,87,source workbook coordinate,Q05958,MATCH,102.0,102.0,0.0,0.587871590064451,True,False,False,include: sequence-validated raw-screen strain,True
PBY233,ECM22,YLR228C,ECM22 S431 ,431.0,S,A,True,False,True,point mutation to alanine,,431,431,source workbook coordinate,Q05958,MATCH,102.0,102.0,4.0,0.0351436565927944,True,False,False,include: sequence-validated raw-screen strain,True
PBY234,ERG6,YML008C,ERG6 T377 ,377.0,T,A,True,False,True,point mutation to alanine,,377,377,source workbook coordinate,P25087,MATCH,102.0,102.0,3.0,4.63295036325376e-08,True,False,False,include: sequence-validated raw-screen strain,True
PBY236,ERG6,YML008C,ERG6 S37 8,37.0,S,A,True,False,True,point mutation to alanine,,37,37,source workbook coordinate,P25087,MATCH,102.0,102.0,5.0,0.00220990902438276,True,False,False,include: sequence-validated raw-screen strain,True
PBY238,ERG6,YML008C,ERG6 S99 ,99.0,S,A,True,False,True,point mutation to alanine,,99,99,source workbook coordinate,P25087,MATCH,102.0,102.0,0.0,0.465287244743143,True,False,False,include: sequence-validated raw-screen strain,True
PBY239,ARV1,YLR242C,ARV1 S165 ,165.0,S,A,True,False,True,point mutation to alanine,,165,165,source workbook coordinate,Q06541,MATCH,102.0,102.0,0.0,0.397255819853228,True,False,False,include: sequence-validated raw-screen strain,True
PBY240,UPC2,YDR213W,UPC2S585 ,585.0,S,A,True,False,True,point mutation to alanine,,585,585,source workbook coordinate,Q12151,MATCH,,,,,False,False,False,exclude: no raw screening profile,False
PBY241,CTR9,YOL145C,CTR9 S1054,1054.0,S,A,True,False,True,point mutation to alanine,,1054,1054,source workbook coordinate,P89105,MATCH,102.0,102.0,0.0,0.418511866645759,True,False,False,include: sequence-validated raw-screen strain,True
PBY243,SAT4,YCR008W,SAT4 T70,70.0,T,A,True,False,True,point mutation to alanine,,70,70,source workbook coordinate,P25333,MATCH,102.0,102.0,31.0,6.89651871954914e-20,True,True,False,exclude: Supplementary Data 8 WGS quality flag,False
PBY244,SAT4,YCR008W,SAT4 T71,71.0,T,A,True,False,True,point mutation to alanine,,71,71,source workbook coordinate,P25333,MATCH,102.0,102.0,2.0,7.94144331486982e-12,True,True,False,exclude: Supplementary Data 8 WGS quality flag,False
PBY245,PTK2,YJR059W,PTK2 S623  ,623.0,S,A,True,False,True,point mutation to alanine,"PMID 19823750: 5,20 min 0.4M NaCl ratio (log2); 1.45,2.411|PMID 19823750: best predicted motif = CK2|PMID 21126336: Predicted protein kinase = CKA2|Deletion of protein Kinase YKL198C/PTK1 causes Fold Change logFC 2.06 - PMID 21177495.",623,623,source workbook coordinate,P47116,MATCH,102.0,102.0,0.0,0.301324297197692,True,False,False,include: sequence-validated raw-screen strain,True
PBY246,NSG2,YNL156C,NSG2 S93  ,93.0,S,A,True,False,True,point mutation to alanine,2 peptide occurrences in PMID 17330950|PMID 20702584: accumulates in rapamycin-treated cells|Deletion of protein Kinase YKL126W/YPK1 causes Decreased logFC -6.317 - PMID 21177495|Deletion of protein Kinase YDR477W/SNF1 causes Fold Change logFC -1.596 - PMID 21177495|Deletion of protein Kinase YIL035C/CKA1 causes Fold Change logFC -3.019 - PMID 21177495|Deletion of protein Kinase YIL042C/PKP1 causes Fold Change logFC -1.637 - PMID 21177495|Deletion of protein Kinase YKL101W/HSL1 causes Fold Change logFC -1.723 - PMID 21177495|Deletion of protein Kinase YNL298W/CLA4 causes Fold Change logFC -1.975 - PMID 21177495|Deletion of protein Kinase YPL026C/SKS1 causes Fold Change logFC -1.686 - PMID 21177495.,93,93,source workbook coordinate,P53898,MATCH,102.0,102.0,1.0,0.00310648955554662,True,False,False,include: sequence-validated raw-screen strain,True
PBY247,NSG2,YNL156C,NSG2 S92  ,92.0,S,A,True,False,True,point mutation to alanine,1 peptide occurrence in PMID 17330950|Deletion of protein Kinase YKL126W/YPK1 causes Decreased logFC -6.317 - PMID 21177495|Deletion of protein Kinase YDR477W/SNF1 causes Fold Change logFC -1.596 - PMID 21177495|Deletion of protein Kinase YIL035C/CKA1 causes Fold Change logFC -3.019 - PMID 21177495|Deletion of protein Kinase YIL042C/PKP1 causes Fold Change logFC -1.637 - PMID 21177495|Deletion of protein Kinase YPL026C/SKS1 causes Fold Change logFC -1.686 - PMID 21177495.,92,92,source workbook coordinate,P53898,MATCH,102.0,102.0,0.0,0.621262973761764,True,False,False,include: sequence-validated raw-screen strain,True
PBY250,NSG2,YNL156C,NSG2 S18  ,18.0,S,A,True,False,True,point mutation to alanine,4 peptide occurrences in PMID 17330950.,18,18,source workbook coordinate,P53898,MATCH,102.0,102.0,0.0,0.369815896660677,True,False,False,include: sequence-validated raw-screen strain,True
PBY251,NSG2,YNL156C,NSG2 S15  ,15.0,S,A,True,False,True,point mutation to alanine,3 peptide occurrences in PMID 17330950.,15,15,source workbook coordinate,P53898,MATCH,102.0,102.0,0.0,0.105875672367905,True,False,False,include: sequence-validated raw-screen strain,True
PBY252,RPD3,YNL330C,RPD3 S388  ,388.0,S,A,True,False,True,point mutation to alanine,,388,388,source workbook coordinate,P32561,MATCH,102.0,102.0,1.0,0.000947841205826314,True,False,False,include: sequence-validated raw-screen strain,True
PBY253,CHO1,YER026C,CHO1 S46,46.0,S,A,True,False,True,point mutation to alanine,18 peptide occurrences in PMID 17330950|A Cho1-46/47A mutant has decreased PS synthetase activity|PMID 21126336: Predicted protein kinase = TPK1|Deletion of protein Phosphatase YIR026C/YVH1 causes Decreased logFC -7.135 - PMID 21177495|Deletion of protein Kinase YKL171W/NNK1 causes Fold Change logFC -2.342 - PMID 21177495.,46,46,source workbook coordinate,P08456,MATCH,102.0,102.0,1.0,0.0415451205860937,True,False,False,include: sequence-validated raw-screen strain,True
PBY254,CHO1,YER026C,CHO1 S42,42.0,S,A,True,False,True,point mutation to alanine,2 peptide occurrence in PMID 17330950.,42,42,source workbook coordinate,P08456,MATCH,102.0,102.0,1.0,0.0450138198124545,True,False,False,include: sequence-validated raw-screen strain,True
PBY255,PTK2,YJR059W,PTK2 T727  ,727.0,T,A,True,False,True,point mutation to alanine,2 peptide occurrences in PMID 17330950.,727,727,source workbook coordinate,P47116,MATCH,102.0,102.0,0.0,0.636058457084016,True,False,False,include: sequence-validated raw-screen strain,True
PBY256,RSC1,YGR056W,RSC1 S795 ,795.0,S,A,True,False,True,point mutation to alanine,,795,795,source workbook coordinate,P53236,MATCH,102.0,102.0,0.0,0.38819625170302,True,False,False,include: sequence-validated raw-screen strain,True
PBY257,KIN1,YDR122W,KIN1 S1000  ,1000.0,S,A,True,False,True,point mutation to alanine,"Possible site for CHK1, PMID 19795423|PMID 19823750: 5,20 min 0.4M NaCl ratio (log2); -0.062,0.12|PMID 19823750: best predicted motif = CK1.",1000,1000,source workbook coordinate,P13185,MATCH,102.0,102.0,0.0,0.536829882120947,True,False,False,include: sequence-validated raw-screen strain,True
PBY259,RAD9,YDR217C,RAD9 S1136,1136.0,S,A,True,False,True,point mutation to alanine,,1136,1136,source workbook coordinate,P14737,MATCH,102.0,102.0,0.0,0.169404448465606,True,False,False,include: sequence-validated raw-screen strain,True
PBY260,YGL140C,YGL140C,YGL140C Y1012,1012.0,Y,A,True,False,True,point mutation to alanine,,1012,1012,source workbook coordinate,P53120,MATCH,,,,,False,False,False,exclude: no raw screening profile,False
PBY261,YGL140C,YGL140C,YGL140C S1170,1170.0,S,A,True,False,True,point mutation to alanine,3 peptide occurrences in PMID 17330950.,1170,1170,source workbook coordinate,P53120,MATCH,,,,,False,False,False,exclude: no raw screening profile,False
PBY262,YGL140C,YGL140C,YGL140C S1198,1198.0,S,A,True,False,True,point mutation to alanine,3 peptide occurrences in PMID 17330950.,1198,1198,source workbook coordinate,P53120,MATCH,,,,,False,False,False,exclude: no raw screening profile,False
PBY263,YGL140C,YGL140C,YGL140C S1191,1191.0,S,A,True,False,True,point mutation to alanine,,1191,1191,source workbook coordinate,P53120,MISMATCH:Y,,,,,False,False,False,exclude: mismatch:y at resolved coordinate,False
PBY265,UPC2,YDR213W,UPC2 S524,524.0,S,A,True,False,True,point mutation to alanine,,524,524,source workbook coordinate,Q12151,MATCH,,,,,False,False,False,exclude: no raw screening profile,False
PBY266,UPC2,YDR213W,UPC2 S560,560.0,S,A,True,False,True,point mutation to alanine,,560,560,source workbook coordinate,Q12151,MATCH,102.0,102.0,4.0,3.61317042974072e-72,True,False,False,include: sequence-validated raw-screen strain,True
PBY267,ECM22,YLR228C,ECM22 S434,434.0,S,A,True,False,True,point mutation to alanine,,434,434,source workbook coordinate,Q05958,MATCH,102.0,102.0,0.0,0.549992080280796,True,False,False,include: sequence-validated raw-screen strain,True
PBY268,PTK2,YJR059W,PTK2 T737  ,737.0,T,A,True,False,True,point mutation to alanine,"Possible site for CK1 PMID 19795423|PMID 19823750: 5,20 min 0.4M NaCl ratio (log2); 0.44,0.475.",737,737,source workbook coordinate,P47116,MATCH,102.0,102.0,6.0,0.000417911439281005,True,False,False,include: sequence-validated raw-screen strain,True
PBY270,PAM1,YDR251W,PAM1 S771,771.0,S,A,True,False,True,point mutation to alanine,,771,771,source workbook coordinate,P37304,MISMATCH:T,102.0,102.0,0.0,0.271628263624164,True,False,False,exclude: mismatch:t at resolved coordinate,False
PBY271,MSN4,YKL062W,MSN4 S316  ,316.0,S,A,True,False,True,point mutation to alanine,2.0 Reciprocal SILAC ratio pheromone treated:untreated PMID:15665377; 3 peptide occurrences in PMID 17330950|Deletion of protein Kinase YAL017W/PSK1 causes Fold Change logFC -1.867 - PMID 21177495|Deletion of protein Kinase YCR008W/SAT4 causes Fold Change logFC -2.271 - PMID 21177495|Deletion of protein Phosphatase YDL188C/PPH22 causes Fold Change logFC -1.554 - PMID 21177495|Deletion of protein Kinase YGL059W/PKP2 causes Fold Change logFC 1.683 - PMID 21177495|Deletion of protein Kinase YGR262C/BUD32 causes Fold Change logFC -1.614 - PMID 21177495|Deletion of protein Kinase YIL042C/PKP1 causes Fold Change logFC -1.85 - PMID 21177495|Deletion of protein Kinase YJL106W/IME2 causes Fold Change logFC -2.35 - PMID 21177495|Deletion of protein Kinase YJR066W/TOR1 causes Fold Change logFC 1.794 - PMID 21177495|Deletion of protein Kinase YKL198C/PTK1 causes Fold Change logFC -1.571 - PMID 21177495|Deletion of protein Kinase YPL031C/PHO85 causes Fold Change logFC -2.091 - PMID 21177495|Deletion of protein Kinase YPR111W/DBF20 causes Fold Change logFC 1.648 - PMID 21177495.,316,316,source workbook coordinate,P33749,MATCH,102.0,102.0,0.0,0.19586261529835,True,False,False,include: sequence-validated raw-screen strain,True
PBY272,HSP82,YPL240C,HSP82 S604  ,604.0,S,A,True,False,True,point mutation to alanine,,604,604,source workbook coordinate,P02829,MATCH,102.0,102.0,0.0,0.711050054120979,True,False,False,include: sequence-validated raw-screen strain,True
PBY273,NSG2,YNL156C,NSG2 T215  ,215.0,T,A,True,False,True,point mutation to alanine,,215,215,source workbook coordinate,P53898,MATCH,102.0,102.0,3.0,0.00167900167395172,True,False,False,include: sequence-validated raw-screen strain,True
PBY274,NSG1,YHR133C,NSG1 S37  ,37.0,S,A,True,False,True,point mutation to alanine,"Possible site for CK1 PMID 19795423|PMID 19823750: 5,20 min 0.4M NaCl ratio (log2); -0.007,-0.415.",37,37,source workbook coordinate,P38837,MATCH,102.0,102.0,0.0,0.234110763905962,True,False,False,include: sequence-validated raw-screen strain,True
PBY275,SAT4,YCR008W,SAT4 S123,123.0,S,A,True,False,True,point mutation to alanine,,123,123,source workbook coordinate,P25333,MATCH,102.0,102.0,2.0,0.00647907498615624,True,False,False,include: sequence-validated raw-screen strain,True
PBY276,YGL140C,YGL140C,YGL140 T1005,1005.0,T,A,True,False,True,point mutation to alanine,,1005,1005,source workbook coordinate,P53120,MATCH,,,,,False,False,False,exclude: no raw screening profile,False
PBY278,YGL140C,YGL140C,YGL140 S1167,1167.0,S,A,True,False,True,point mutation to alanine,5 peptide occurrences in PMID 17330950.,1167,1167,source workbook coordinate,P53120,MATCH,,,,,False,False,False,exclude: no raw screening profile,False
PBY281,YGL140C,YGL140C,YGL140 S1212,1212.0,S,A,True,False,True,point mutation to alanine,,1212,1212,source workbook coordinate,P53120,MATCH,102.0,102.0,0.0,0.32798831301245,True,False,False,include: sequence-validated raw-screen strain,True
PBY283,RSC1,YGR056W,RSC1 S607  ,607.0,S,A,True,False,True,point mutation to alanine,PMID 21126336: Predicted protein kinase = TPK1,607,607,source workbook coordinate,P53236,MATCH,,,,,False,False,False,exclude: no raw screening profile,False
PBY285,TPK1,YJL164C,TPK1 T241,241.0,T,A,True,False,True,point mutation to alanine,,241,241,source workbook coordinate,P06244,MATCH,102.0,102.0,8.0,7.0915255565103e-18,True,False,False,include: sequence-validated raw-screen strain,True
PBY286,SWI3,YJL176C,SWI3 S451,451.0,S,A,True,False,True,point mutation to alanine,,451,451,source workbook coordinate,P32591,MATCH,102.0,102.0,10.0,2.47575449412829e-09,True,False,False,include: sequence-validated raw-screen strain,True
PBY288,SWI3,YJL176C,SWI3 S657,657.0,S,A,True,False,True,point mutation to alanine,,657,657,source workbook coordinate,P32591,MATCH,102.0,102.0,0.0,0.663887081443261,True,False,False,include: sequence-validated raw-screen strain,True
PBY290,KIN1,YDR122W,KIN10 S660  ,660.0,S,A,True,False,True,point mutation to alanine,Deletion of protein Kinase YDR477W/SNF1 causes Decreased logFC -6.802 - PMID 21177495.,660,660,source workbook coordinate,P13185,MATCH,102.0,102.0,16.0,4.98020204879591e-23,True,True,False,exclude: Supplementary Data 8 WGS quality flag,False
PBY291,KIN1,YDR122W,KIN1 T990  ,990.0,T,A,True,False,True,point mutation to alanine,,990,990,source workbook coordinate,P13185,MATCH,102.0,102.0,1.0,1.60684544912064e-13,True,False,False,include: sequence-validated raw-screen strain,True
PBY292,PAM1,YDR251W,PAM1 S659,659.0,S,A,True,False,True,point mutation to alanine,1 peptide occurrence in PMID 17330950|PMID 21126336: Predicted protein kinase = YPK2|Deletion of protein Kinase YDR477W/SNF1 causes Fold Change logFC -2.091 - PMID 21177495|Deletion of protein Kinase YKL126W/YPK1 causes Fold Change logFC -1.57 - PMID 21177495|Deletion of protein Kinase YOL045W/PSK2 causes Fold Change logFC 1.734 - PMID 21177495.,659,659,source workbook coordinate,P37304,MATCH,102.0,102.0,0.0,0.498150393850481,True,False,False,include: sequence-validated raw-screen strain,True
PBY293,PAM1,YDR251W,PAM1 S767,767.0,S,A,True,False,True,point mutation to alanine,"Possible site for CK1 PMID 19795423|PMID 19823750: 5,20 min 0.4M NaCl ratio (log2); -0.782,-0.142.",767,767,source workbook coordinate,P37304,MATCH,102.0,102.0,0.0,0.56850192468766,True,False,False,include: sequence-validated raw-screen strain,True
PBY295,HSP82,YPL240C,HSP82 S282,282.0,S,A,True,False,True,point mutation to alanine,,282,282,source workbook coordinate,P02829,MATCH,102.0,102.0,0.0,0.698171298591582,True,False,False,include: sequence-validated raw-screen strain,True
PBY298,HSP82,YPL240C,HSP82 T612  ,612.0,T,A,True,False,True,point mutation to alanine,,612,612,source workbook coordinate,P02829,MATCH,102.0,102.0,1.0,0.00986117576391521,True,False,False,include: sequence-validated raw-screen strain,True
PBY300,MSN4,YKL062W,MSN4 S558   ,558.0,S,A,True,False,True,point mutation to alanine,"2 peptide occurrences in PMID 17330950|PMID 19823750: 5,20 min 0.4M NaCl ratio (log2); -0.288,0.285|PMID 19823750: best predicted motif = AURORA-A|Deletion of protein Kinase YHR135C/YCK1 causes Fold Change logFC -2.253 - PMID 21177495|Deletion of protein Kinase YPL140C/MKK2 causes Fold Change logFC 1.74 - PMID 21177495.",558,558,source workbook coordinate,P33749,MATCH,102.0,102.0,1.0,0.00974034549804828,True,True,False,exclude: Supplementary Data 8 WGS quality flag,False
PBY302,MSN4,YKL062W,MSN4 Y176  ,176.0,Y,A,True,False,True,point mutation to alanine,,176,176,source workbook coordinate,P33749,MISMATCH:E,102.0,102.0,1.0,0.0377361768839737,True,False,False,exclude: mismatch:e at resolved coordinate,False
PBY303,TDA1,YMR291W,TDA1 S449,449.0,S,A,True,False,True,point mutation to alanine,"1 peptide occurrence in PMID 17330950|PMID 19823750: 5,20 min 0.4M NaCl ratio (log2); 0.9,1.728|PMID 19823750: best predicted motif = PKD.",449,449,source workbook coordinate,Q03533,MATCH,102.0,102.0,0.0,0.589450991712011,True,False,False,include: sequence-validated raw-screen strain,True
PBY304,RPD3,YNL330C,RPD3 Y385  ,385.0,Y,A,True,False,True,point mutation to alanine,,385,385,source workbook coordinate,P32561,MATCH,102.0,102.0,0.0,0.485930611752796,True,False,False,include: sequence-validated raw-screen strain,True
PBY306,RPD3,YNL330C,RPD3 S408  ,408.0,S,A,True,False,True,point mutation to alanine,,408,408,source workbook coordinate,P32561,MATCH,102.0,102.0,0.0,0.387035671730877,True,False,False,include: sequence-validated raw-screen strain,True
PBY308,YHP1,YDR451C,YHP1 S297,297.0,S,A,True,False,True,point mutation to alanine,,297,297,source workbook coordinate,Q04116,MISMATCH:P,102.0,102.0,0.0,0.558268035324001,True,False,False,exclude: mismatch:p at resolved coordinate,False
PBY310,YHP1,YDR451C,YHP1 T313,313.0,T,A,True,False,True,point mutation to alanine,,313,313,source workbook coordinate,Q04116,MATCH,102.0,102.0,0.0,0.169404448465606,True,False,False,include: sequence-validated raw-screen strain,True
PBY311,HOG1,YLR113W,HOG1 Y176,176.0,Y,A,True,False,True,point mutation to alanine,"Activating phosphorylations on HOG1 MAP kinase, mutation of these residues prevent growth on 0.4M KCl|Deletion of protein Kinase YGR262C/BUD32 causes Fold Change logFC -4.367 - PMID 21177495.",176,176,source workbook coordinate,P32485,MATCH,100.0,100.0,10.0,0.000106778784669747,True,False,False,include: sequence-validated raw-screen strain,True
PBY312,MSN4,YKL062W,MSN4 S319  ,319.0,S,A,True,False,True,point mutation to alanine,2.0 Reciprocal SILAC ratio pheromone treated:untreated PMID:15665377; 4 peptide occurrences in PMID 17330950|Deletion of protein Kinase YAL017W/PSK1 causes Fold Change logFC -1.867 - PMID 21177495|Deletion of protein Kinase YCR008W/SAT4 causes Fold Change logFC -2.271 - PMID 21177495|Deletion of protein Phosphatase YDL188C/PPH22 causes Fold Change logFC -1.554 - PMID 21177495|Deletion of protein Kinase YDR477W/SNF1 causes Fold Change logFC -2.263 - PMID 21177495|Deletion of protein Kinase YGR262C/BUD32 causes Fold Change logFC -1.614 - PMID 21177495|Deletion of protein Kinase YIL042C/PKP1 causes Fold Change logFC -1.85 - PMID 21177495|Deletion of protein Kinase YJL106W/IME2 causes Fold Change logFC -2.35 - PMID 21177495|Deletion of protein Kinase YKL139W/CTK1 causes Decreased logFC -7.03 - PMID 21177495|Deletion of protein Kinase YKL198C/PTK1 causes Fold Change logFC -1.571 - PMID 21177495|Deletion of protein Kinase YPL031C/PHO85 causes Fold Change logFC -2.091 - PMID 21177495|Deletion of protein Phosphatase YPL179W/PPQ1 causes Fold Change logFC -1.896 - PMID 21177495.,319,319,source workbook coordinate,P33749,MATCH,102.0,102.0,0.0,0.233121476951377,True,False,False,include: sequence-validated raw-screen strain,True
PBY314,MSN4,YKL062W,MSN4 S360  ,360.0,S,A,True,False,True,point mutation to alanine,,360,360,source workbook coordinate,P33749,MATCH,102.0,102.0,0.0,0.830860061482082,True,False,False,include: sequence-validated raw-screen strain,True
PBY316,MSN4,YKL062W,MSN4 S523  ,523.0,S,A,True,False,True,point mutation to alanine,Deletion of protein Phosphatase YCR079W/PTC6 causes Fold Change logFC 1.622 - PMID 21177495|Deletion of protein Kinase YDL025C/RTK1 causes Fold Change logFC 1.872 - PMID 21177495|Deletion of protein Kinase YKL198C/PTK1 causes Fold Change logFC -1.86 - PMID 21177495|Deletion of protein Kinase YMR291W/TDA1 causes Fold Change logFC 1.604 - PMID 21177495.,523,523,source workbook coordinate,P33749,MATCH,102.0,102.0,0.0,0.639148212989297,True,False,False,include: sequence-validated raw-screen strain,True
PBY318,MSN4,YKL062W,MSN4 S532  ,532.0,S,A,True,False,True,point mutation to alanine,PMID 19684113: Down-regulated by rapamycin|Sch9-dependent|Deletion of protein Phosphatase YCR079W/PTC6 causes Fold Change logFC 2.333 - PMID 21177495|Deletion of protein Kinase YAL017W/PSK1 causes Fold Change logFC 1.822 - PMID 21177495|Deletion of protein Kinase YCR008W/SAT4 causes Fold Change logFC 1.836 - PMID 21177495|Deletion of protein Kinase YKL171W/NNK1 causes Fold Change logFC 1.961 - PMID 21177495|Deletion of protein Phosphatase YML057W/CMP2 causes Fold Change logFC 1.995 - PMID 21177495|Deletion of protein Kinase YNL020C/ARK1 causes Fold Change logFC 1.538 - PMID 21177495|Deletion of protein Phosphatase YNL032W/SIW14 causes Fold Change logFC 1.719 - PMID 21177495|Deletion of protein Kinase YOL045W/PSK2 causes Fold Change logFC 1.971 - PMID 21177495|Deletion of protein Kinase YOR231W/MKK1 causes Fold Change logFC 2.444 - PMID 21177495|Deletion of protein Kinase YPL026C/SKS1 causes Fold Change logFC 2.464 - PMID 21177495|Deletion of protein Kinase YPR111W/DBF20 causes Fold Change logFC 2.696 - PMID 21177495.,532,532,source workbook coordinate,P33749,MATCH,102.0,102.0,22.0,6.0225161838359e-12,True,False,False,include: sequence-validated raw-screen strain,True
PBY320,PTK2,YJR059W,PTK2 S587  ,587.0,S,A,True,False,True,point mutation to alanine,,587,587,source workbook coordinate,P47116,MATCH,102.0,102.0,1.0,0.00225771716117078,True,False,False,include: sequence-validated raw-screen strain,True
PBY321,PTK2,YJR059W,PTK2 S781  ,781.0,S,A,True,False,True,point mutation to alanine,"Similar to PKD site, PMID 19795423|PMID 19823750: 5,20 min 0.4M NaCl ratio (log2); 0.328,0.17|PMID 19823750: best predicted motif = CK1|PMID 19684113: Down-regulated by cycloheximide|PMID 21126336: Predicted protein kinase = SNF1|Deletion of protein Kinase YCR008W/SAT4 causes Fold Change logFC 1.606 - PMID 21177495.",781,781,source workbook coordinate,P47116,MATCH,102.0,102.0,0.0,0.319642004919347,True,False,False,include: sequence-validated raw-screen strain,True
PBY323,NSG1,YHR133C,NSG1 T41  ,41.0,T,A,True,False,True,point mutation to alanine,"Similar to CAMK2 site, PMID 19795423|PMID 19823750: 5,20 min 0.4M NaCl ratio (log2); -0.047,-0.378.",41,41,source workbook coordinate,P38837,MATCH,102.0,102.0,0.0,0.564654350597551,True,False,False,include: sequence-validated raw-screen strain,True
PBY325,NSG1,YHR133C,NSG1 S39  ,39.0,S,A,True,False,True,point mutation to alanine,"PMID 19823750: 5,20 min 0.4M NaCl ratio (log2); -0.224,-0.942.",39,39,source workbook coordinate,P38837,MATCH,102.0,102.0,0.0,0.698953511370703,True,False,False,include: sequence-validated raw-screen strain,True
PBY326,CHO1,YER026C,CHO1 S50,50.0,S,A,True,False,True,point mutation to alanine,14 peptide occurrences in PMID 17330950|Deletion of protein Kinase YKL171W/NNK1 causes Fold Change logFC -2.342 - PMID 21177495.,50,50,source workbook coordinate,P08456,MATCH,102.0,102.0,27.0,1.18188683988777e-58,True,False,False,include: sequence-validated raw-screen strain,True
PBY327,INO1,YJL153C,INO1 S42  ,42.0,S,A,True,False,True,point mutation to alanine,,42,42,source workbook coordinate,P11986,MATCH,102.0,102.0,21.0,1.63730770927758e-66,True,False,False,include: sequence-validated raw-screen strain,True
PBY328,INO1,YJL153C,INO1 T48  ,48.0,T,A,True,False,True,point mutation to alanine,,48,48,source workbook coordinate,P11986,MATCH,102.0,102.0,0.0,0.0607685498885857,True,False,False,include: sequence-validated raw-screen strain,True
PBY330,ERG6,YML008C,ERG6 S375,375.0,S,A,True,False,True,point mutation to alanine,,375,375,source workbook coordinate,P25087,MATCH,102.0,102.0,0.0,0.125306293645565,True,False,False,include: sequence-validated raw-screen strain,True
PBY333,CTR9,YOL145C,CTR9 Y642 ,642.0,Y,A,True,False,True,point mutation to alanine,,642,642,source workbook coordinate,P89105,MATCH,102.0,102.0,0.0,0.513757304414455,True,False,False,include: sequence-validated raw-screen strain,True
PBY334,ECM22,YLR228C,ECM22 S464,464.0,S,A,True,False,True,point mutation to alanine,,464,464,source workbook coordinate,Q05958,MATCH,102.0,102.0,39.0,8.88868666333722e-95,True,False,False,include: sequence-validated raw-screen strain,True
PBY335,HSP82,YPL240C,HSP82 S297,297.0,S,A,True,False,True,point mutation to alanine,,297,297,source workbook coordinate,P02829,MATCH,102.0,102.0,3.0,0.0170420378125957,True,False,False,include: sequence-validated raw-screen strain,True
PBY336,HSP82,YPL240C,HSP82 S379  ,379.0,S,A,True,False,True,point mutation to alanine,,379,379,source workbook coordinate,P02829,MATCH,102.0,102.0,0.0,0.340887474081811,True,False,False,include: sequence-validated raw-screen strain,True
PBY337,MSN4,YKL062W,MSN4 S263  ,263.0,S,A,True,False,True,point mutation to alanine,1 peptide occurrence in PMID 17330950.,263,263,source workbook coordinate,P33749,MATCH,102.0,102.0,0.0,0.457741329247964,True,False,False,include: sequence-validated raw-screen strain,True
PBY338,MSN4,YKL062W,MSN4 S279  ,279.0,S,A,True,False,True,point mutation to alanine,,279,279,source workbook coordinate,P33749,MATCH,101.0,101.0,23.0,3.71263229308973e-16,True,False,False,include: sequence-validated raw-screen strain,True
PBY339,YHP1,YDR451C,YHP1 S221,221.0,S,A,True,False,True,point mutation to alanine,,221,221,source workbook coordinate,Q04116,MISMATCH:F,102.0,102.0,0.0,0.638547367487004,True,False,False,exclude: mismatch:f at resolved coordinate,False
PBY340,NSG2,YNL156C,NSG2 T13  ,13.0,T,A,True,False,True,point mutation to alanine,2 peptide occurrences in PMID 17330950.,13,13,source workbook coordinate,P53898,MATCH,102.0,102.0,22.0,2.9469052388719e-38,True,False,False,include: sequence-validated raw-screen strain,True
PBY342,HMG1,YML075C,HMG1 S551,551.0,S,A,True,False,True,point mutation to alanine,"PMID 21126336: Predicted protein kinase = SNF1, accumulates in nat3 cells.",551,551,source workbook coordinate,P12683,MATCH,102.0,102.0,5.0,0.00960142143437758,True,False,False,include: sequence-validated raw-screen strain,True
PBY343,HMG1,YML075C,HMG1 S580,580.0,S,A,True,False,True,point mutation to alanine,3 peptide occurrences in PMID 17330950.,580,580,source workbook coordinate,P12683,MATCH,102.0,102.0,0.0,0.131312346921491,True,False,False,include: sequence-validated raw-screen strain,True
PBY345,CHO1,YER026C,CHO1 T54,54.0,T,A,True,False,True,point mutation to alanine,,54,54,source workbook coordinate,P08456,MATCH,102.0,102.0,0.0,0.814833638404028,True,False,False,include: sequence-validated raw-screen strain,True
PBY346,CHO1,YER026C,CHO1 Y32,32.0,Y,A,True,False,True,point mutation to alanine,,32,32,source workbook coordinate,P08456,MATCH,102.0,102.0,0.0,0.244170330894677,True,False,False,include: sequence-validated raw-screen strain,True
PBY347,CHO1,YER026C,CHO1 S4,4.0,S,A,True,False,True,point mutation to alanine,5 peptide occurrences in PMID 17330950.,4,4,source workbook coordinate,P08456,MATCH,102.0,102.0,1.0,0.0347244820852125,True,False,False,include: sequence-validated raw-screen strain,True
PBY348,CHO1,YER026C,CHO1 S47,47.0,S,A,True,False,True,point mutation to alanine,14 peptide occurrences in PMID 17330950|A Cho1-46/47A mutant has decreased PS synthetase activity.,47,47,source workbook coordinate,P08456,MATCH,102.0,102.0,0.0,0.0837302599220986,True,False,False,include: sequence-validated raw-screen strain,True
PBY350,CHO1,YER026C,CHO1 T53,53.0,T,A,True,False,True,point mutation to alanine,2 peptide occurrences in PMID 17330950.,53,53,source workbook coordinate,P08456,MATCH,102.0,102.0,0.0,0.198244274119323,True,False,False,include: sequence-validated raw-screen strain,True
PBY352,ECM22,YLR228C,ECM22 S445,445.0,S,A,True,False,True,point mutation to alanine,,445,445,source workbook coordinate,Q05958,MATCH,102.0,102.0,0.0,0.168181548976965,True,False,False,include: sequence-validated raw-screen strain,True
PBY353,HSP82,YPL240C,HSP82 T533  ,533.0,T,A,True,False,True,point mutation to alanine,,533,533,source workbook coordinate,P02829,MATCH,102.0,102.0,1.0,2.38608855437731e-07,True,False,False,include: sequence-validated raw-screen strain,True
PBY354,RAD9,YDR217C,RAD9 S937,937.0,S,A,True,False,True,point mutation to alanine,,937,937,source workbook coordinate,P14737,MATCH,102.0,102.0,0.0,0.496615281715871,True,False,False,include: sequence-validated raw-screen strain,True
PBY357,SWI3,YJL176C,SWI3 T446,446.0,T,A,True,False,True,point mutation to alanine,,446,446,source workbook coordinate,P32591,MATCH,102.0,102.0,0.0,0.300926102921686,True,False,False,include: sequence-validated raw-screen strain,True
PBY359,STE20,YHL007C,STE20 S502,502.0,S,A,True,False,True,point mutation to alanine,"Mutation of this residue did not produce a detectable phenotype|PMID 19823750: 5,20 min 0.4M NaCl ratio (log2); 0.359,-0.376|PMID 19823750: best predicted motif = CDK2.",502,502,source workbook coordinate,Q03497,MATCH,102.0,102.0,0.0,0.509414854355498,True,False,False,include: sequence-validated raw-screen strain,True
PBY365,STE20,YHL007C,STE20 T575,575.0,T,A,True,False,True,point mutation to alanine,,575,575,source workbook coordinate,Q03497,MATCH,100.0,100.0,0.0,0.422315041205267,True,False,False,include: sequence-validated raw-screen strain,True
PBY419,MKK1,YOR231W,MKK1 S192 ,192.0,S,A,True,False,True,point mutation to alanine,,192,192,source workbook coordinate,P32490,MATCH,102.0,102.0,1.0,2.95029682422946e-05,True,False,False,include: sequence-validated raw-screen strain,True
PBY420,MKK1,YOR231W,MKK1 S194 ,194.0,S,A,True,False,True,point mutation to alanine,,194,194,source workbook coordinate,P32490,MATCH,102.0,102.0,1.0,0.013622832537106,True,False,False,include: sequence-validated raw-screen strain,True
PBY421,MKK1,YOR231W,MKK1 Y195 ,195.0,Y,A,True,False,True,point mutation to alanine,,195,195,source workbook coordinate,P32490,MATCH,102.0,102.0,24.0,1.00631427875458e-15,True,False,False,include: sequence-validated raw-screen strain,True
PBY423,MKK1,YOR231W,MKK1 S458 ,458.0,S,A,True,False,True,point mutation to alanine,,458,458,source workbook coordinate,P32490,MATCH,102.0,102.0,1.0,0.00248304302622025,True,False,False,include: sequence-validated raw-screen strain,True
PBY425,SLT2,YHR030C,SLT2 S340 ,340.0,S,A,True,False,True,point mutation to alanine,,340,340,source workbook coordinate,Q00772,MATCH,102.0,102.0,0.0,0.436826619288754,True,False,False,include: sequence-validated raw-screen strain,True
PBY426,SLT2,YHR030C,SLT2 S414 ,414.0,S,A,True,False,True,point mutation to alanine,,414,414,source workbook coordinate,Q00772,MATCH,102.0,102.0,12.0,2.66561261561669e-10,True,False,False,include: sequence-validated raw-screen strain,True
PBY427,SLT2,YHR030C,SLT2 T453 ,453.0,T,A,True,False,True,point mutation to alanine,,453,453,source workbook coordinate,Q00772,MATCH,102.0,102.0,0.0,0.405812828876238,True,False,False,include: sequence-validated raw-screen strain,True
PBY428,ASF1,YJL115W,ASF1 T270,270.0,T,A,True,False,True,point mutation to alanine,"Similar to NEK6 site, PMID 19795423|PMID 19823750: 5,20 min 0.4M NaCl ratio (log2); -0.754,-0.502|PMID 19823750: best predicted motif = Polo box|Deletion of protein Kinase YKL171W/NNK1 causes Fold Change logFC 1.666 - PMID 21177495.",270,270,source workbook coordinate,P32447,MATCH,102.0,102.0,0.0,0.717107585997569,True,False,False,include: sequence-validated raw-screen strain,True
PBY430,SHP1,YBL058W,SHP1 S128 ,128.0,S,A,True,False,True,point mutation to alanine,PMID 21126336: Predicted protein kinase = SCH9,128,128,source workbook coordinate,P34223,MATCH,102.0,102.0,0.0,0.343084254249889,True,False,False,include: sequence-validated raw-screen strain,True
PBY431,SHP1,YBL058W,SHP1 S315 ,315.0,S,A,True,False,True,point mutation to alanine,"6 peptide occurrences in PMID 17330950|PMID 19823750: 5,20 min 0.4M NaCl ratio (log2); 0.19,0.391|PMID 19823750: best predicted motif = CAMK2|PMID 21126336: Predicted protein kinase = CDC28",315,315,source workbook coordinate,P34223,MATCH,102.0,102.0,0.0,0.244095692681387,True,False,False,include: sequence-validated raw-screen strain,True
PBY432,SHP1,YBL058W,SHP1 S321 ,321.0,S,A,True,False,True,point mutation to alanine,1 peptide occurrence in PMID 17330950|Deletion of protein Kinase YDR466W/PKH3 causes Fold Change logFC 1.648 - PMID 21177495|Deletion of protein Kinase YGR262C/BUD32 causes Fold Change logFC 1.754 - PMID 21177495|Deletion of protein Kinase YMR216C/SKY1 causes Fold Change logFC 1.976 - PMID 21177495|Deletion of protein Kinase YPL140C/MKK2 causes Fold Change logFC -1.612 - PMID 21177495.,321,321,source workbook coordinate,P34223,MATCH,102.0,102.0,0.0,0.405812828876238,True,False,False,include: sequence-validated raw-screen strain,True
PBY434,DBF20,YPR111W,DBF20 T359,359.0,T,A,True,False,True,point mutation to alanine,,359,359,source workbook coordinate,P32328,MATCH,102.0,102.0,0.0,0.237441544678512,True,False,False,include: sequence-validated raw-screen strain,True
PBY435,ELM1,YKL048C,ELM1 T551,551.0,T,A,True,False,True,point mutation to alanine,Mutation of this residue produces an enlarged cell phenotype.,551,551,source workbook coordinate,P32801,MATCH,102.0,102.0,0.0,0.498003361577705,True,False,False,include: sequence-validated raw-screen strain,True
PBY436,NHP10,YDL002C,NHP10 S47 ,47.0,S,A,True,False,True,point mutation to alanine,,47,47,source workbook coordinate,Q03435,MATCH,102.0,102.0,0.0,0.557131770836727,True,False,False,include: sequence-validated raw-screen strain,True
PBY437,CDC40,YDR364C,CDC40 S11,11.0,S,A,True,False,True,point mutation to alanine,,11,11,source workbook coordinate,P40968,MATCH,102.0,102.0,0.0,0.342276840635633,True,False,False,include: sequence-validated raw-screen strain,True
PBY438,HIR1,YBL008W,HIR1 S581,581.0,S,A,True,False,True,point mutation to alanine,,581,581,source workbook coordinate,P32479,MATCH,102.0,102.0,0.0,0.322120953117854,True,False,False,include: sequence-validated raw-screen strain,True
PBY440,HIR1,YBL008W,HIR1 S602,602.0,S,A,True,False,True,point mutation to alanine,,602,602,source workbook coordinate,P32479,MATCH,102.0,102.0,0.0,0.324248956220136,True,False,False,include: sequence-validated raw-screen strain,True
PBY441,PHO23,YNL097C,PHO23 S150 ,150.0,S,A,True,False,True,point mutation to alanine,,150,150,source workbook coordinate,P50947,MATCH,102.0,102.0,0.0,0.172394696024746,True,False,False,include: sequence-validated raw-screen strain,True
PBY443,PHO23,YNL097C,PHO23 S155 ,155.0,S,A,True,False,True,point mutation to alanine,,155,155,source workbook coordinate,P50947,MATCH,102.0,102.0,7.0,0.00281132269174083,True,True,False,exclude: Supplementary Data 8 WGS quality flag,False
PBY445,PHO23,YNL097C,PHO23 S264 ,264.0,S,A,True,False,True,point mutation to alanine,,264,264,source workbook coordinate,P50947,MATCH,102.0,102.0,0.0,0.271930876236206,True,False,False,include: sequence-validated raw-screen strain,True
PBY447,RVB2,YPL235W,RVB2 T11 ,11.0,T,A,True,False,True,point mutation to alanine,,11,11,source workbook coordinate,Q12464,MATCH,102.0,102.0,0.0,0.666146455571907,True,False,False,include: sequence-validated raw-screen strain,True
PBY448,SKY1,YMR216C,SKY1 S725 ,725.0,S,A,True,False,True,point mutation to alanine,,725,725,source workbook coordinate,Q03656,MATCH,102.0,102.0,0.0,0.397137581322312,True,False,False,include: sequence-validated raw-screen strain,True
PBY450,LHP1,YDL051W,LHP1 S15 ,15.0,S,A,True,False,True,point mutation to alanine,"Possible CK2 site, PMID 19795423|PMID 19823750: 5,20 min 0.4M NaCl ratio (log2); -0.304,-0.116|PMID 19823750: best predicted motif = GSK3.",15,15,source workbook coordinate,P33399,MATCH,102.0,102.0,0.0,0.414075077924099,True,False,False,include: sequence-validated raw-screen strain,True
PBY451,LHP1,YDL051W,LHP1 T26 ,26.0,T,A,True,False,True,point mutation to alanine,"Similar to FHA KAPP site, PMID 19795423|PMID 19823750: 5,20 min 0.4M NaCl ratio (log2); 0.486,0.334.",26,26,source workbook coordinate,P33399,MATCH,102.0,102.0,1.0,0.0472049244419657,True,False,False,include: sequence-validated raw-screen strain,True
PBY453,SKY1,YMR216C,SKY1 S396 ,396.0,S,A,True,False,True,point mutation to alanine,,396,396,source workbook coordinate,Q03656,MATCH,102.0,102.0,0.0,0.0775247196572651,True,False,False,include: sequence-validated raw-screen strain,True
PBY454,SLA1,YBL007C,SLA1 T1065,1065.0,T,A,True,False,True,point mutation to alanine,,1065,1065,source workbook coordinate,P32790,MATCH,102.0,102.0,0.0,0.211804223546018,True,False,False,include: sequence-validated raw-screen strain,True
PBY455,SLA1,YBL007C,SLA1 T797,797.0,T,A,True,False,True,point mutation to alanine,"3 peptide occurrences in PMID 17330950|Resembles WW GroupIV motif, PMID 1979523.",797,797,source workbook coordinate,P32790,MATCH,102.0,102.0,0.0,0.599112295121273,True,False,False,include: sequence-validated raw-screen strain,True
PBY456,SLA1,YBL007C,SLA1 S799,799.0,S,A,True,False,True,point mutation to alanine,"1 peptide occurrence in PMID 17330950|PMID 19823750: 5,20 min 0.4M NaCl ratio (log2); 0.146,0.197.",799,799,source workbook coordinate,P32790,MATCH,102.0,102.0,0.0,0.268027877844914,True,False,False,include: sequence-validated raw-screen strain,True
PBY457,SLA1,YBL007C,SLA1 T834,834.0,T,A,True,False,True,point mutation to alanine,,834,834,source workbook coordinate,P32790,MATCH,102.0,102.0,0.0,0.691786642044746,True,False,False,include: sequence-validated raw-screen strain,True
PBY458,SLA1,YBL007C,SLA1 T945,945.0,T,A,True,False,True,point mutation to alanine,,945,945,source workbook coordinate,P32790,MATCH,102.0,102.0,0.0,0.474619930791378,True,False,False,include: sequence-validated raw-screen strain,True
PBY459,VMA2,YBR127C,VMA2 T501,501.0,T,A,True,False,True,point mutation to alanine,PMID 21126336: Predicted protein kinase = CKA2,501,501,source workbook coordinate,P16140,MATCH,102.0,102.0,0.0,0.377343567960878,True,False,False,include: sequence-validated raw-screen strain,True
PBY461,VMA2,YBR127C,VMA2 S378,378.0,S,A,True,False,True,point mutation to alanine,,378,378,source workbook coordinate,P16140,MATCH,102.0,102.0,6.0,0.00582198894432339,True,False,False,include: sequence-validated raw-screen strain,True
PBY462,VMA2,YBR127C,VMA2 S380,380.0,S,A,True,False,True,point mutation to alanine,,380,380,source workbook coordinate,P16140,MATCH,102.0,102.0,7.0,1.8869000946881e-22,True,False,False,include: sequence-validated raw-screen strain,True
PBY463,VMA2,YBR127C,VMA2 S511,511.0,S,A,True,False,True,point mutation to alanine,"5 peptide occurrences in PMID 17330950|Mec1/ Tel1 dependent, Rad53 independent in PMID 17563356 (6 peptides)|PMID 19823750: 5,20 min 0.4M NaCl ratio (log2); 0.174,-0.424|PMID 19823750: best predicted motif = CK2|PMID 21126336: Predicted protein kinase = CKA2, accumulates in nat3 cells.",511,511,source workbook coordinate,P16140,MATCH,102.0,102.0,0.0,0.596493686139688,True,False,False,include: sequence-validated raw-screen strain,True
PBY465,CHD1,YER164W,CHD1 S1336,1336.0,S,A,True,False,True,point mutation to alanine,PMID 21126336: Predicted protein kinase = CDC28|Deletion of protein Kinase YDL108W/KIN28 causes Fold Change logFC 1.815 - PMID 21177495.,1336,1336,source workbook coordinate,P32657,MATCH,102.0,102.0,3.0,0.00590500865955869,True,False,True,exclude: Supplementary Data 8 scar-control correlation,False
PBY467,CHD1,YER164W,CHD1 T1341,1341.0,T,A,True,False,True,point mutation to alanine,5.2 Reciprocal SILAC ratio pheromone treated:untreated PMID:15665377,1341,1341,source workbook coordinate,P32657,MATCH,102.0,102.0,12.0,1.83197043600069e-05,True,False,True,exclude: Supplementary Data 8 scar-control correlation,False
PBY469,CHD1,YER164W,CHD1 S1358,1358.0,S,A,True,False,True,point mutation to alanine,,1358,1358,source workbook coordinate,P32657,MATCH,102.0,102.0,15.0,5.20874489984906e-15,True,False,True,exclude: Supplementary Data 8 scar-control correlation,False
PBY471,VMA2,YBR127C,VMA2 Y485,485.0,Y,A,True,False,True,point mutation to alanine,"Possible PKA site PMID 19795423|PMID 19823750: 5,20 min 0.4M NaCl ratio (log2); 0.113,0.376|PMID 19823750: best predicted motif = SRC.",485,485,source workbook coordinate,P16140,MATCH,102.0,102.0,4.0,0.00112110938664762,True,False,False,include: sequence-validated raw-screen strain,True
PBY473,VMA2,YBR127C,VMA2 Y284,284.0,Y,A,True,False,True,point mutation to alanine,,284,284,source workbook coordinate,P16140,MATCH,96.0,96.0,15.0,4.9523631318396e-22,True,False,False,include: sequence-validated raw-screen strain,True
PBY475,VMA2,YBR127C,VMA2 Y370,370.0,Y,A,True,False,True,point mutation to alanine,,370,370,source workbook coordinate,P16140,MATCH,102.0,102.0,1.0,0.00945177471401041,True,False,False,include: sequence-validated raw-screen strain,True
PBY477,VMA2,YBR127C,VMA2 Y407,407.0,Y,A,True,False,True,point mutation to alanine,,407,407,source workbook coordinate,P16140,MATCH,102.0,102.0,0.0,0.292522841918777,True,False,False,include: sequence-validated raw-screen strain,True
PBY478,CHD1,YER164W,CHD1 S1300,1300.0,S,A,True,False,True,point mutation to alanine,PMID 21126336: Predicted protein kinase = YPK2,1300,1300,source workbook coordinate,P32657,MATCH,102.0,102.0,17.0,1.42568867048761e-10,True,False,True,exclude: Supplementary Data 8 scar-control correlation,False
PBY479,CHD1,YER164W,CHD1 T1284,1284.0,T,A,True,False,True,point mutation to alanine,,1284,1284,source workbook coordinate,P32657,MATCH,102.0,102.0,0.0,0.576458398299561,True,False,True,exclude: Supplementary Data 8 scar-control correlation,False
PBY481,CHD1,YER164W,CHD1 S1272,1272.0,S,A,True,False,True,point mutation to alanine,1 peptide occurrence in PMID 17330950.,1272,1272,source workbook coordinate,P32657,MATCH,102.0,102.0,1.0,0.0360256449158834,True,False,True,exclude: Supplementary Data 8 scar-control correlation,False
PBY482,GCN5,YGR252W,GCN5 T203,203.0,T,A,True,False,True,point mutation to alanine,A Gcn5-4A mutation inhibits Snf1-dependent activation of HIS3.,203,203,source workbook coordinate,Q03330,MATCH,,,,,False,False,False,exclude: no raw screening profile,False
PBY483,GCN5,YGR252W,GCN5 S204,204.0,S,A,True,False,True,point mutation to alanine,A Gcn5-4A mutation inhibits Snf1-dependent activation of HIS3.,204,204,source workbook coordinate,Q03330,MATCH,102.0,102.0,2.0,0.0106565042982829,True,False,False,include: sequence-validated raw-screen strain,True
PBY484,GCN5,YGR252W,GCN5 T211,211.0,T,A,True,False,True,point mutation to alanine,A Gcn5-4A mutation inhibits Snf1-dependent activation of HIS3.,211,211,source workbook coordinate,Q03330,MATCH,,,,,False,False,False,exclude: no raw screening profile,False
PBY485,GCN5,YGR252W,GCN5 S64,64.0,S,A,True,False,True,point mutation to alanine,PMID 21126336: Predicted protein kinase = CKA2,64,64,source workbook coordinate,Q03330,MATCH,102.0,102.0,2.0,6.87636034111024e-05,True,False,False,include: sequence-validated raw-screen strain,True
PBY486,YCR087C-A,YCR087C-A,YCR087C-A T49,49.0,T,A,True,False,True,point mutation to alanine,Deletion of protein Kinase YDR477W/SNF1 causes Fold Change logFC 2.808 - PMID 21177495|Deletion of protein Kinase YOR061W/CKA2 causes Fold Change logFC 1.643 - PMID 21177495.,49,49,source workbook coordinate,P37263,MATCH,102.0,102.0,0.0,0.249108180044325,True,False,False,include: sequence-validated raw-screen strain,True
PBY487,ASF1,YJL115W,ASF1 S264,264.0,S,A,True,False,True,point mutation to alanine,PMID 21126336: Predicted protein kinase = CKA2|Deletion of protein Kinase YOL045W/PSK2 causes Fold Change logFC -1.596 - PMID 21177495.,264,264,source workbook coordinate,P32447,MATCH,,,,,False,False,False,exclude: no raw screening profile,False
PBY488,ASF1,YJL115W,ASF1 S264A,264.0,S,A,True,False,True,point mutation to alanine,PMID 21126336: Predicted protein kinase = CKA2|Deletion of protein Kinase YOL045W/PSK2 causes Fold Change logFC -1.596 - PMID 21177495.,264,264,source workbook coordinate,P32447,MATCH,102.0,102.0,1.0,6.66918586082762e-24,True,False,False,include: sequence-validated raw-screen strain,True
PBY489,LHP1,YDL051W,LHP1 S263 ,263.0,S,A,True,False,True,point mutation to alanine,"PMID 21126336: Predicted protein kinase = CKA2, accumulates in nat3 cells.",263,263,source workbook coordinate,P33399,MATCH,102.0,102.0,11.0,0.000640149793466243,True,False,False,include: sequence-validated raw-screen strain,True
PBY490,NHP10,YDL002C,NHP10 Y150 ,150.0,Y,A,True,False,True,point mutation to alanine,,150,150,source workbook coordinate,Q03435,MATCH,102.0,102.0,2.0,4.67516654364331e-06,True,False,False,include: sequence-validated raw-screen strain,True
PBY491,SIT4,YDL047W,SIT4 S209 ,209.0,S,A,True,False,True,point mutation to alanine,,209,209,source workbook coordinate,P20604,MATCH,102.0,102.0,23.0,1.36799667486401e-30,True,False,False,include: sequence-validated raw-screen strain,True
PBY493,SLT2,YHR030C,SLT2 S416 ,416.0,S,A,True,False,True,point mutation to alanine,,416,416,source workbook coordinate,Q00772,MATCH,102.0,102.0,0.0,0.243144191804922,True,False,False,include: sequence-validated raw-screen strain,True
PBY495,SLT2,YHR030C,SLT2 S428 ,428.0,S,A,True,False,True,point mutation to alanine,"Observed in response to caffeine, through the cell wall integrity stress pathway.",428,428,source workbook coordinate,Q00772,MATCH,102.0,102.0,1.0,0.0272651644017771,True,False,False,include: sequence-validated raw-screen strain,True
PBY498,SNF4,YGL115W,SNF4 S7 ,7.0,S,A,True,False,True,point mutation to alanine,,7,7,source workbook coordinate,P12904,MATCH,102.0,102.0,0.0,0.798275773285035,True,False,False,include: sequence-validated raw-screen strain,True
PBY499,SNF4,YGL115W,SNF4 S73 ,73.0,S,A,True,False,True,point mutation to alanine,,73,73,source workbook coordinate,P12904,MATCH,102.0,102.0,0.0,0.321329271285561,True,False,False,include: sequence-validated raw-screen strain,True
PBY500,SNF4,YGL115W,SNF4 T81,81.0,T,A,True,False,True,point mutation to alanine,,81,81,source workbook coordinate,P12904,MATCH,102.0,102.0,0.0,0.197571023894247,True,False,False,include: sequence-validated raw-screen strain,True
PBY501,VMA2,YBR127C,VMA2 S503,503.0,S,A,True,False,True,point mutation to alanine,Deletion of protein Kinase YDR477W/SNF1 causes Decreased logFC -10.912 - PMID 21177495.,503,503,source workbook coordinate,P16140,MATCH,102.0,102.0,2.0,5.8016029954374e-06,True,False,False,include: sequence-validated raw-screen strain,True
PBY502,ASF1,YJL115W,ASF1 S269,269.0,S,A,True,False,True,point mutation to alanine,,269,269,source workbook coordinate,P32447,MATCH,102.0,102.0,0.0,0.344196047692671,True,False,False,include: sequence-validated raw-screen strain,True
PBY504,RPL19B,YBL027W,RPL19B S13 ,13.0,S,A,True,False,True,point mutation to alanine,PMID 21126336: Predicted protein kinase = SNF1,13,13,source workbook coordinate,P0CX83,MATCH,102.0,102.0,0.0,0.21949671347052,True,False,False,include: sequence-validated raw-screen strain,True
PBY505,RPL19B,YBL027W,RPL19B T29 ,29.0,T,A,True,False,True,point mutation to alanine,1 peptide occurrence in PMID 17330950.,29,29,source workbook coordinate,P0CX83,MATCH,102.0,102.0,0.0,0.402801359621904,True,False,False,include: sequence-validated raw-screen strain,True
PBY506,RPL19B,YBL027W,RPL19B S37 ,37.0,S,A,True,False,True,point mutation to alanine,,37,37,source workbook coordinate,P0CX83,MATCH,102.0,102.0,0.0,0.308314660142781,True,False,False,include: sequence-validated raw-screen strain,True
PBY507,RPL19B,YBL027W,RPL19B T63 ,63.0,T,A,True,False,True,point mutation to alanine,,63,63,source workbook coordinate,P0CX83,MATCH,102.0,102.0,0.0,0.13803203174494,True,False,False,include: sequence-validated raw-screen strain,True
PBY509,RPL19B,YBL027W,RPL19B S91 ,91.0,S,A,True,False,True,point mutation to alanine,,91,91,source workbook coordinate,P0CX83,MATCH,102.0,102.0,11.0,8.43106029216921e-17,True,False,False,include: sequence-validated raw-screen strain,True
PBY511,RPS14A,YCR031C,RPS14A S11,11.0,S,A,True,False,True,point mutation to alanine,PMID 21126336: Predicted protein kinase = CLA4,11,11,source workbook coordinate,P06367,MATCH,102.0,102.0,0.0,0.385580041011584,True,False,False,include: sequence-validated raw-screen strain,True
PBY513,SHP1,YBL058W,SHP1 S106 ,106.0,S,A,True,False,True,point mutation to alanine,"Similar to PKD site, PMID 19795423|PMID 19823750: 5,20 min 0.4M NaCl ratio (log2); 0.795,0.65|PMID 19823750: best predicted motif = PKA|PMID 19684113: Up-regulated by rapamycin|Deletion of protein Kinase YLL019C/KNS1 causes Fold Change logFC -4.266 - PMID 21177495|Deletion of protein Kinase YCR008W/SAT4 causes Fold Change logFC 1.56 - PMID 21177495|Deletion of protein Phosphatase YDL134C/PPH21 causes Fold Change logFC 1.837 - PMID 21177495|Deletion of protein Phosphatase YDL230W/PTP1 causes Fold Change logFC -1.94 - PMID 21177495|Deletion of protein Kinase YDR466W/PKH3 causes Fold Change logFC 2.932 - PMID 21177495|Deletion of protein Kinase YDR477W/SNF1 causes Fold Change logFC -1.727 - PMID 21177495|Deletion of protein Kinase YGR188C/BUB1 causes Fold Change logFC 2.849 - PMID 21177495|Deletion of protein Phosphatase YGR203W/YCH1 causes Fold Change logFC -2.648 - PMID 21177495|Deletion of protein Kinase YHR135C/YCK1 causes Fold Change logFC -2.133 - PMID 21177495|Deletion of protein Kinase YKL171W/NNK1 causes Fold Change logFC 2.873 - PMID 21177495|Deletion of protein Phosphatase YLR433C/CNA1 causes Fold Change logFC -1.997 - PMID 21177495|Deletion of protein Kinase YNL020C/ARK1 causes Fold Change logFC 1.95 - PMID 21177495|Deletion of protein Kinase YNR031C/SSK2 causes Fold Change logFC 2.67 - PMID 21177495|Deletion of protein Kinase YOL045W/PSK2 causes Fold Change logFC -1.984 - PMID 21177495|Deletion of protein Phosphatase YOR208W/PTP2 causes Fold Change logFC 2.531 - PMID 21177495.",106,106,source workbook coordinate,P34223,MATCH,102.0,102.0,6.0,0.0143257483924167,True,False,False,include: sequence-validated raw-screen strain,True
PBY514,SIC1,YLR079W,SIC1 T45 ,45.0,T,A,True,False,True,point mutation to alanine,"Phosphorylation of SIC1 at T45, T48, S146, T173 and S201 is insufficient to trigger degradation.",45,45,source workbook coordinate,P38634,MATCH,102.0,102.0,22.0,1.5016114890895e-11,True,False,False,include: sequence-validated raw-screen strain,True
PBY515,EFT2,YDR385W,EFT2 T466,466.0,T,A,True,False,True,point mutation to alanine,,466,466,source workbook coordinate,P32324,MATCH,102.0,102.0,7.0,2.11801315064861e-44,True,False,False,include: sequence-validated raw-screen strain,True
PBY517,ELO2,YCR034W,ELO2 T334,334.0,T,A,True,False,True,point mutation to alanine,"16 peptide occurrences in PMID 17330950|PMID 21126336: Predicted protein kinase = PHO85, accumulates in nat3 cells|Deletion of protein Kinase YNL307C/MCK1 causes Fold Change logFC -4.357 - PMID 21177495|Deletion of protein Kinase YDL214C/PRR2 causes Fold Change logFC 1.5 - PMID 21177495|Deletion of protein Phosphatase YDR075W/PPH3 causes Fold Change logFC 1.912 - PMID 21177495|Deletion of protein Kinase YJL095W/BCK1 causes Fold Change logFC 1.537 - PMID 21177495|Deletion of protein Kinase YLR240W/VPS34 causes Fold Change logFC -2.184 - PMID 21177495|Deletion of protein Kinase YPL203W/TPK2 causes Fold Change logFC 1.54 - PMID 21177495.",334,334,source workbook coordinate,P25358,MATCH,102.0,102.0,13.0,2.32543901516748e-05,True,False,False,include: sequence-validated raw-screen strain,True
PBY519,NEW1,YPL226W,NEW1 S1181 ,1181.0,S,A,True,False,True,point mutation to alanine,PMID 20702584: accumulates in rapamycin-treated cells.,1181,1181,source workbook coordinate,Q08972,MATCH,102.0,102.0,11.0,7.71223853222515e-30,True,True,False,exclude: Supplementary Data 8 WGS quality flag,False
PBY521,NEW1,YPL226W,NEW1 T1191 ,1191.0,T,A,True,False,True,point mutation to alanine,"25 peptide occurrences in PMID 17330950|PMID 19823750: 5,20 min 0.4M NaCl ratio (log2); -0.119,-0.105|PMID 19823750: best predicted motif = CK2.",1191,1191,source workbook coordinate,Q08972,MATCH,102.0,102.0,12.0,2.68287002039858e-31,True,False,False,include: sequence-validated raw-screen strain,True
PBY524,RPS14A,YCR031C,RPS14A T93,93.0,T,A,True,False,True,point mutation to alanine,,93,93,source workbook coordinate,P06367,MATCH,102.0,102.0,0.0,0.528644818884085,True,False,False,include: sequence-validated raw-screen strain,True
PBY525,APL1,YJR005W,APL1 T632,632.0,T,A,True,False,True,point mutation to alanine,,632,632,source workbook coordinate,P27351,MATCH,102.0,102.0,0.0,0.656522522669878,True,False,False,include: sequence-validated raw-screen strain,True
PBY527,APL1,YJR005W,APL1 S649,649.0,S,A,True,False,True,point mutation to alanine,,649,649,source workbook coordinate,P27351,MATCH,102.0,102.0,0.0,0.353360831352023,True,False,False,include: sequence-validated raw-screen strain,True
PBY529,APL1,YJR005W,APL1 S683,683.0,S,A,True,False,True,point mutation to alanine,,683,683,source workbook coordinate,P27351,MATCH,102.0,102.0,0.0,0.748811491172755,True,False,False,include: sequence-validated raw-screen strain,True
PBY531,APL1,YJR005W,APL1 Y536,536.0,Y,A,True,False,True,point mutation to alanine,,536,536,source workbook coordinate,P27351,MATCH,102.0,102.0,1.0,0.0442293998177888,True,False,False,include: sequence-validated raw-screen strain,True
PBY532,APL1,YJR005W,APL1 S541,541.0,S,A,True,False,True,point mutation to alanine,,541,541,source workbook coordinate,P27351,MATCH,102.0,102.0,0.0,0.29042811731649,True,False,False,include: sequence-validated raw-screen strain,True
PBY534,APL1,YJR005W,APL1 S687,687.0,S,A,True,False,True,point mutation to alanine,,687,687,source workbook coordinate,P27351,MATCH,102.0,102.0,1.0,0.0301630791284421,True,False,False,include: sequence-validated raw-screen strain,True
PBY536,YPR091C,YPR091C,YPR091C S591,591.0,S,A,True,False,True,point mutation to alanine,1 peptide occurrence in PMID 17330950.,591,591,source workbook coordinate,Q06833,MATCH,102.0,102.0,0.0,0.327710420214168,True,False,False,include: sequence-validated raw-screen strain,True
PBY537,YPR091C,YPR091C,YPR091C T624,624.0,T,A,True,False,True,point mutation to alanine,"Possible site for CK1 PMID 19795423|PMID 19823750: 5,20 min 0.4M NaCl ratio (log2); -0.154,0.155|PMID 19823750: best predicted motif = CK1.",624,624,source workbook coordinate,Q06833,MATCH,98.0,98.0,5.0,0.00225771716117078,True,False,False,include: sequence-validated raw-screen strain,True
PBY539,YPR091C,YPR091C,YPR091C S646,646.0,S,A,True,False,True,point mutation to alanine,"Possible CK2 site, PMID 19795423|PMID 19823750: 5,20 min 0.4M NaCl ratio (log2); -0.25,0.166|PMID 19823750: best predicted motif = PKA.",646,646,source workbook coordinate,Q06833,MATCH,102.0,102.0,0.0,0.0897924226216881,True,False,False,include: sequence-validated raw-screen strain,True
PBY541,SKY1,YMR216C,SKY1 T455,455.0,T,A,True,False,True,point mutation to alanine,1 peptide occurrence in PMID 17330950|PMID 19684113: Down-regulated by rapamycin|Deletion of protein Kinase YKL139W/CTK1 causes Fold Change logFC -1.707 - PMID 21177495.,455,455,source workbook coordinate,Q03656,MATCH,102.0,102.0,0.0,0.0590655757476063,True,False,False,include: sequence-validated raw-screen strain,True
PBY542,SKY1,YMR216C,SKY1 S453,453.0,S,A,True,False,True,point mutation to alanine,1 peptide occurrence in PMID 17330950|PMID 19684113: Down-regulated by rapamycin|Deletion of protein Kinase YBR059C/AKL1 causes Fold Change logFC -1.553 - PMID 21177495|Deletion of protein Kinase YDR477W/SNF1 causes Fold Change logFC 1.729 - PMID 21177495|Deletion of protein Kinase YJR059W/PTK2 causes Fold Change logFC 1.71 - PMID 21177495|Deletion of protein Kinase YKL139W/CTK1 causes Fold Change logFC -1.707 - PMID 21177495.,453,453,source workbook coordinate,Q03656,MATCH,102.0,102.0,0.0,0.16722352750331,True,False,False,include: sequence-validated raw-screen strain,True
PBY544,SKY1,YMR216C,SKY1 S449,449.0,S,A,True,False,True,point mutation to alanine,2 peptide occurrences in PMID 17330950|PMID 19684113: Down-regulated by rapamycin|Deletion of protein Phosphatase YNL099C/OCA1 causes Fold Change logFC 2.134 - PMID 21177495|Deletion of protein Phosphatase YCR079W/PTC6 causes Fold Change logFC 2.04 - PMID 21177495|Deletion of protein Kinase YDR477W/SNF1 causes Fold Change logFC 1.505 - PMID 21177495|Deletion of protein Kinase YGL059W/PKP2 causes Fold Change logFC 2.509 - PMID 21177495|Deletion of protein Kinase YHR135C/YCK1 causes Fold Change logFC 1.507 - PMID 21177495|Deletion of protein Kinase YJR059W/PTK2 causes Fold Change logFC 1.627 - PMID 21177495|Deletion of protein Kinase YMR291W/TDA1 causes Fold Change logFC 1.84 - PMID 21177495.,449,449,source workbook coordinate,Q03656,MATCH,102.0,102.0,0.0,0.302803611947763,True,False,False,include: sequence-validated raw-screen strain,True
PBY545,SKY1,YMR216C,SKY1 T386,386.0,T,A,True,False,True,point mutation to alanine,,386,386,source workbook coordinate,Q03656,MATCH,102.0,102.0,0.0,0.209872587594994,True,False,False,include: sequence-validated raw-screen strain,True
PBY546,VPS74,YDR372C,VPS74 T17,17.0,T,A,True,False,True,point mutation to alanine,PMID 21126336: Predicted protein kinase = KIC1,17,17,source workbook coordinate,Q06385,MATCH,,,,,False,False,False,exclude: no raw screening profile,False
PBY547,VPS74,YDR372C,VPS74 S14,14.0,S,A,True,False,True,point mutation to alanine,PMID 21126336: Predicted protein kinase = RIM11|Deletion of protein Kinase YDR477W/SNF1 causes Decreased logFC -7.685 - PMID 21177495|Deletion of protein Kinase YJR059W/PTK2 causes Decreased logFC -7.56 - PMID 21177495|Deletion of protein Phosphatase YLL010C/PSR1 causes Fold Change logFC -2.106 - PMID 21177495|Deletion of protein Phosphatase YDL230W/PTP1 causes Fold Change logFC -1.787 - PMID 21177495.,14,14,source workbook coordinate,Q06385,MATCH,102.0,102.0,41.0,6.23349012109029e-65,True,False,False,include: sequence-validated raw-screen strain,True
PBY549,VPS74,YDR372C,VPS74 S19,19.0,S,A,True,False,True,point mutation to alanine,Deletion of protein Kinase YJR059W/PTK2 causes Decreased logFC -7.56 - PMID 21177495|Deletion of protein Phosphatase YLL010C/PSR1 causes Fold Change logFC -2.106 - PMID 21177495.,19,19,source workbook coordinate,Q06385,MATCH,102.0,102.0,19.0,3.05238969746973e-25,True,False,False,include: sequence-validated raw-screen strain,True
PBY550,VPS74,YDR372C,VPS74 S23,23.0,S,A,True,False,True,point mutation to alanine,Deletion of protein Kinase YJR059W/PTK2 causes Decreased logFC -7.56 - PMID 21177495.,23,23,source workbook coordinate,Q06385,MATCH,,,,,False,False,False,exclude: no raw screening profile,False
PBY552,VPS74,YDR372C,VPS74 S22,22.0,S,A,True,False,True,point mutation to alanine,,22,22,source workbook coordinate,Q06385,MATCH,102.0,102.0,0.0,0.292980591768175,True,False,False,include: sequence-validated raw-screen strain,True
PBY554,LSP1,YPL004C,LSP1 S27,27.0,S,A,True,False,True,point mutation to alanine,Deletion of protein Kinase YBL016W/FUS3 causes Fold Change logFC 1.774 - PMID 21177495|Deletion of protein Kinase YKL126W/YPK1 causes Fold Change logFC 1.599 - PMID 21177495|Deletion of protein Kinase YKL139W/CTK1 causes Fold Change logFC 2.009 - PMID 21177495.,27,27,source workbook coordinate,Q12230,MATCH,102.0,102.0,5.0,0.012678221101717,True,False,False,include: sequence-validated raw-screen strain,True
PBY555,LSP1,YPL004C,LSP1 T28,28.0,T,A,True,False,True,point mutation to alanine,Deletion of protein Phosphatase YDR075W/PPH3 causes Fold Change logFC -1.521 - PMID 21177495|Deletion of protein Kinase YNL307C/MCK1 causes Fold Change logFC -1.91 - PMID 21177495|Deletion of protein Kinase YPL203W/TPK2 causes Fold Change logFC -2.964 - PMID 21177495.,28,28,source workbook coordinate,Q12230,MATCH,102.0,102.0,1.0,0.0365586926585879,True,False,False,include: sequence-validated raw-screen strain,True
PBY557,NSR1,YGR159C,NSR1 S176,176.0,S,A,True,False,True,point mutation to alanine,,176,176,source workbook coordinate,P27476,MATCH,102.0,102.0,0.0,0.306447292245573,True,False,False,include: sequence-validated raw-screen strain,True
PBY558,SQS1,YNL224C,SQS1 S343,343.0,S,A,True,False,True,point mutation to alanine,3 peptide occurrences in PMID 17330950|PMID 21126336: Predicted protein kinase = CDC28|Deletion of protein Kinase YPR161C/SGV1 causes Fold Change logFC 1.91 - PMID 21177495.,343,343,source workbook coordinate,P53866,MATCH,102.0,102.0,0.0,0.237615795130892,True,False,False,include: sequence-validated raw-screen strain,True
PBY559,SQS1,YNL224C,SQS1 S375,375.0,S,A,True,False,True,point mutation to alanine,,375,375,source workbook coordinate,P53866,MATCH,102.0,102.0,4.0,1.84840647616444e-09,True,False,False,include: sequence-validated raw-screen strain,True
PBY561,SQS1,YNL224C,SQS1 S294,294.0,S,A,True,False,True,point mutation to alanine,,294,294,source workbook coordinate,P53866,MATCH,102.0,102.0,22.0,5.3645887883716e-18,True,False,False,include: sequence-validated raw-screen strain,True
PBY562,RAD55,YDR076W,RAD55 S14,14.0,S,A,True,False,True,point mutation to alanine,"Mutation of Rad55 S2, S8 and S14 causes sensitivity to genotoxic stress.",14,14,source workbook coordinate,P38953,MATCH,102.0,102.0,22.0,1.28750757244776e-56,True,False,False,include: sequence-validated raw-screen strain,True
PBY564,RAD9,YDR217C,RAD9 S989,989.0,S,A,True,False,True,point mutation to alanine,"Site is ambiguous because of clustered S/T residues|Mec1/ Tel1 dependent, Rad53 independent in PMID 17563356 (3 peptides).",989,989,source workbook coordinate,P14737,MATCH,102.0,102.0,0.0,0.398252491058502,True,False,False,include: sequence-validated raw-screen strain,True
PBY565,RAD9,YDR217C,RAD9 S990,990.0,S,A,True,False,True,point mutation to alanine,Site is ambiguous because of clustered S/T residues.,990,990,source workbook coordinate,P14737,MATCH,102.0,102.0,0.0,0.52501694002294,True,False,False,include: sequence-validated raw-screen strain,True
PBY566,SWI4,YER111C,SWI4 S1003,1003.0,S,A,True,False,True,point mutation to alanine,,1003,1003,source workbook coordinate,P25302,MATCH,102.0,102.0,18.0,5.94503008447599e-14,True,False,True,exclude: Supplementary Data 8 scar-control correlation,False
PBY567,SWI4,YER111C,SWI4 S1007,1007.0,S,A,True,False,True,point mutation to alanine,,1007,1007,source workbook coordinate,P25302,MATCH,102.0,102.0,17.0,9.74005971287012e-10,True,False,True,exclude: Supplementary Data 8 scar-control correlation,False
PBY569,SWI4,YER111C,SWI4 S1056,1056.0,S,A,True,False,True,point mutation to alanine,,1056,1056,source workbook coordinate,P25302,MATCH,102.0,102.0,0.0,0.317499587634022,True,False,True,exclude: Supplementary Data 8 scar-control correlation,False
PBY570,ENO1,YGR254W,ENO1 Y12,12.0,Y,A,True,False,True,point mutation to alanine,,12,12,source workbook coordinate,P00924,MATCH,102.0,102.0,0.0,0.367556865169801,True,False,False,include: sequence-validated raw-screen strain,True
PBY571,ENO1,YGR254W,ENO1 S10,10.0,S,A,True,False,True,point mutation to alanine,,10,10,source workbook coordinate,P00924,MATCH,102.0,102.0,0.0,0.396922419912938,True,False,False,include: sequence-validated raw-screen strain,True
PBY572,MKK1,YOR231W,MKK1 S163,163.0,S,A,True,False,True,point mutation to alanine,,163,163,source workbook coordinate,P32490,MATCH,102.0,102.0,1.0,0.0187928028333063,True,False,False,include: sequence-validated raw-screen strain,True
PBY573,MKK1,YOR231W,MKK1 S191,191.0,S,A,True,False,True,point mutation to alanine,,191,191,source workbook coordinate,P32490,MATCH,102.0,102.0,0.0,0.373158548260427,True,False,False,include: sequence-validated raw-screen strain,True
PBY574,SLT2,YHR030C,SLT2 T190,190.0,T,A,True,False,True,point mutation to alanine,,190,190,source workbook coordinate,Q00772,MATCH,101.0,101.0,28.0,3.79744107932824e-143,True,False,False,include: sequence-validated raw-screen strain,True
PBY575,SLT2,YHR030C,SLT2 Y192,192.0,Y,A,True,False,True,point mutation to alanine,2 peptide occurrences in PMID 17330950.,192,192,source workbook coordinate,Q00772,MATCH,100.0,100.0,28.0,2.3286657935162e-137,True,False,False,include: sequence-validated raw-screen strain,True
PBY578,VMA2,YBR127C,VMA2 T83,83.0,T,A,True,False,True,point mutation to alanine,,83,83,source workbook coordinate,P16140,MATCH,102.0,102.0,0.0,0.0649878753453478,True,False,False,include: sequence-validated raw-screen strain,True
PBY579,GCN5,YGR252W,GCN5 Y212,212.0,Y,A,True,False,True,point mutation to alanine,A Gcn5-4A mutation inhibits Snf1-dependent activation of HIS3.,212,212,source workbook coordinate,Q03330,MATCH,102.0,102.0,3.0,0.000545126146495998,True,False,False,include: sequence-validated raw-screen strain,True
PBY580,MKK1,YOR231W,MKK1 S180,180.0,S,A,True,False,True,point mutation to alanine,,180,180,source workbook coordinate,P32490,MATCH,102.0,102.0,0.0,0.0566922673808374,True,False,False,include: sequence-validated raw-screen strain,True
PBY581,PIL1,YGR086C,PIL1 S163,163.0,S,A,True,False,True,point mutation to alanine,4 peptide occurrences in PMID 17330950.,163,163,source workbook coordinate,P53252,MATCH,102.0,102.0,8.0,0.00125694319719676,True,False,False,include: sequence-validated raw-screen strain,True
PBY582,PIL1,YGR086C,PIL1 T101,101.0,T,A,True,False,True,point mutation to alanine,,101,101,source workbook coordinate,P53252,MATCH,102.0,102.0,1.0,0.0369029136689705,True,False,False,include: sequence-validated raw-screen strain,True
PBY583,PIL1,YGR086C,PIL1 S16,16.0,S,A,True,False,True,point mutation to alanine,Deletion of protein Kinase YDL108W/KIN28 causes Fold Change logFC 1.523 - PMID 21177495|Deletion of protein Phosphatase YDL134C/PPH21 causes Fold Change logFC -3.1 - PMID 21177495|Deletion of protein Kinase YPL026C/SKS1 causes Fold Change logFC -1.99 - PMID 21177495|Deletion of protein Kinase YPL042C/SSN3 causes Fold Change logFC 1.761 - PMID 21177495.,16,16,source workbook coordinate,P53252,MATCH,102.0,102.0,0.0,0.19244856899946,True,False,False,include: sequence-validated raw-screen strain,True
PBY584,PIL1,YGR086C,PIL1 S59,59.0,S,A,True,False,True,point mutation to alanine,PMID 21126336: Predicted protein kinase = CLA4,59,59,source workbook coordinate,P53252,MATCH,102.0,102.0,8.0,3.58647872585437e-10,True,False,False,include: sequence-validated raw-screen strain,True
PBY585,SLA1,YBL007C,SLA1 T904,904.0,T,A,True,False,True,point mutation to alanine,,904,904,source workbook coordinate,P32790,MATCH,102.0,102.0,0.0,0.227889772089932,True,False,False,include: sequence-validated raw-screen strain,True
PBY586,SLA1,YBL007C,SLA1 T1075,1075.0,T,A,True,False,True,point mutation to alanine,,1075,1075,source workbook coordinate,P32790,MATCH,102.0,102.0,14.0,2.01635905760355e-67,True,False,False,include: sequence-validated raw-screen strain,True
PBY587,SLA1,YBL007C,SLA1 S787,787.0,S,A,True,False,True,point mutation to alanine,,787,787,source workbook coordinate,P32790,MATCH,102.0,102.0,0.0,0.123003531856908,True,False,False,include: sequence-validated raw-screen strain,True
PBY588,SLA1,YBL007C,SLA1 S996,996.0,S,A,True,False,True,point mutation to alanine,,996,996,source workbook coordinate,P32790,MATCH,102.0,102.0,10.0,0.000750532133511679,True,False,False,include: sequence-validated raw-screen strain,True
PBY589,SLA1,YBL007C,SLA1 T877,877.0,T,A,True,False,True,point mutation to alanine,,877,877,source workbook coordinate,P32790,MATCH,102.0,102.0,0.0,0.344357659521183,True,False,False,include: sequence-validated raw-screen strain,True
PBY590,SKY1,YMR216C,SKY1 S445,445.0,S,A,True,False,True,point mutation to alanine,PMID 19684113: Down-regulated by rapamycin|PMID 20702584: down-regulated in rapamycin treated cells.,445,445,source workbook coordinate,Q03656,MATCH,102.0,102.0,4.0,0.000727220683850761,True,False,False,include: sequence-validated raw-screen strain,True
PBY592,SKY1,YMR216C,SKY1 S417,417.0,S,A,True,False,True,point mutation to alanine,,417,417,source workbook coordinate,Q03656,MATCH,102.0,102.0,0.0,0.245013787390774,True,False,False,include: sequence-validated raw-screen strain,True
PBY593,SKY1,YMR216C,SKY1 T338,338.0,T,A,True,False,True,point mutation to alanine,,338,338,source workbook coordinate,Q03656,MATCH,101.0,101.0,8.0,1.62587029036118e-06,True,False,False,include: sequence-validated raw-screen strain,True
PBY595,LHP1,YDL051W,LHP1 S19,19.0,S,A,True,False,True,point mutation to alanine,14 peptide occurrences in PMID 17330950|PMID 19684113: Up-regulated by rapamycin|Tap42-dependent PMID 20702584: down-regulated in rapamycin treated cells|PMID 21126336: Predicted protein kinase = TPK1|Deletion of protein Kinase YHR030C/SLT2 causes Fold Change logFC 1.98 - PMID 21177495|Deletion of protein Kinase YJL164C/TPK1 causes Fold Change logFC 1.663 - PMID 21177495|Deletion of protein Phosphatase YPL179W/PPQ1 causes Fold Change logFC 1.559 - PMID 21177495.,19,19,source workbook coordinate,P33399,MATCH,102.0,102.0,28.0,1.32236186704426e-20,True,False,False,include: sequence-validated raw-screen strain,True
PBY596,LHP1,YDL051W,LHP1 S259,259.0,S,A,True,False,True,point mutation to alanine,,259,259,source workbook coordinate,P33399,MATCH,102.0,102.0,1.0,2.81570241824974e-19,True,False,False,include: sequence-validated raw-screen strain,True
PBY598,PIL1,YGR086C,PIL1 S299,299.0,S,A,True,False,True,point mutation to alanine,,299,299,source workbook coordinate,P53252,MATCH,102.0,102.0,7.0,3.458472929757e-10,True,False,False,include: sequence-validated raw-screen strain,True
PBY600,PIL1,YGR086C,PIL1 S45,45.0,S,A,True,False,True,point mutation to alanine,PMID 21126336: Predicted protein kinase = CLA4,45,45,source workbook coordinate,P53252,MATCH,102.0,102.0,12.0,1.35114205947482e-08,True,False,False,include: sequence-validated raw-screen strain,True
PBY601,PIL1,YGR086C,PIL1 T237,237.0,T,A,True,False,True,point mutation to alanine,,237,237,source workbook coordinate,P53252,MATCH,,,,,False,False,False,exclude: no raw screening profile,False
PBY603,PIL1,YGR086C,PIL1 T233,233.0,T,A,True,False,True,point mutation to alanine,"12 peptide occurrences in PMID 17330950|19779198,17563356,17330950|Deletion of protein Phosphatase YDL006W/PTC1 causes Fold Change logFC 1.636 - PMID 21177495|Deletion of protein Kinase YKL126W/YPK1 causes Fold Change logFC 1.52 - PMID 21177495|Deletion of protein Kinase YKL139W/CTK1 causes Fold Change logFC 1.957 - PMID 21177495|Deletion of protein Kinase YPL203W/TPK2 causes Fold Change logFC -1.533 - PMID 21177495.",233,233,source workbook coordinate,P53252,MATCH,,,,,False,False,False,exclude: no raw screening profile,False
PBY605,PIL1,YGR086C,PIL1 S230,230.0,S,A,True,False,True,point mutation to alanine,Deletion of protein Phosphatase YDL006W/PTC1 causes Fold Change logFC 1.636 - PMID 21177495.,230,230,source workbook coordinate,P53252,MATCH,102.0,102.0,19.0,2.1413050323194701e-38,True,False,False,include: sequence-validated raw-screen strain,True
PBY607,PIL1,YGR086C,PIL1 Y158,158.0,Y,A,True,False,True,point mutation to alanine,,158,158,source workbook coordinate,P53252,MATCH,102.0,102.0,0.0,0.19244856899946,True,False,False,include: sequence-validated raw-screen strain,True
PBY610,VMA2,YBR127C,VMA2 S137,137.0,S,A,True,False,True,point mutation to alanine,,137,137,source workbook coordinate,P16140,MATCH,102.0,102.0,0.0,0.115300438018315,True,False,False,include: sequence-validated raw-screen strain,True
PBY611,CHD1,YER164W,CHD1 S1364,1364.0,S,A,True,False,True,point mutation to alanine,,1364,1364,source workbook coordinate,P32657,MATCH,102.0,102.0,18.0,8.14552749773376e-144,True,False,True,exclude: Supplementary Data 8 scar-control correlation,False
PBY613,CHD1,YER164W,CHD1 T1302,1302.0,T,A,True,False,True,point mutation to alanine,,1302,1302,source workbook coordinate,P32657,MATCH,102.0,102.0,1.0,0.0475959565524747,True,False,True,exclude: Supplementary Data 8 scar-control correlation,False
PBY615,PIL1,YGR086C,PIL1 T27,27.0,T,A,True,False,True,point mutation to alanine,Deletion of protein Kinase YDR477W/SNF1 causes Fold Change logFC -1.562 - PMID 21177495|Deletion of protein Kinase YKL139W/CTK1 causes Fold Change logFC 1.818 - PMID 21177495|Deletion of protein Kinase YOR231W/MKK1 causes Fold Change logFC -2.057 - PMID 21177495|Deletion of protein Kinase YPL042C/SSN3 causes Fold Change logFC 1.761 - PMID 21177495.,27,27,source workbook coordinate,P53252,MATCH,102.0,102.0,2.0,0.00621464393928717,True,False,False,include: sequence-validated raw-screen strain,True
PBY617,SLA1,YBL007C,SLA1 S785,785.0,S,A,True,False,True,point mutation to alanine,,785,785,source workbook coordinate,P32790,MATCH,102.0,102.0,35.0,1.82301836597647e-33,True,False,False,include: sequence-validated raw-screen strain,True
PBY618,SLA1,YBL007C,SLA1 S901,901.0,S,A,True,False,True,point mutation to alanine,,901,901,source workbook coordinate,P32790,MATCH,102.0,102.0,1.0,6.66918586082762e-24,True,False,False,include: sequence-validated raw-screen strain,True
PBY619,SLA1,YBL007C,SLA1 T984,984.0,T,A,True,False,True,point mutation to alanine,,984,984,source workbook coordinate,P32790,MATCH,102.0,102.0,0.0,0.496913011210665,True,False,False,include: sequence-validated raw-screen strain,True
PBY620,SLA1,YBL007C,SLA1 T818,818.0,T,A,True,False,True,point mutation to alanine,"PMID 19823750: 5,20 min 0.4M NaCl ratio (log2); 0.434,0.894|PMID 19823750: best predicted motif = Polo box.",818,818,source workbook coordinate,P32790,MATCH,102.0,102.0,0.0,0.590132522988244,True,False,False,include: sequence-validated raw-screen strain,True
PBY622,SLA1,YBL007C,SLA1 T955,955.0,T,A,True,False,True,point mutation to alanine,,955,955,source workbook coordinate,P32790,MATCH,102.0,102.0,1.0,0.000318351830012078,True,False,False,include: sequence-validated raw-screen strain,True
PBY623,PIL1,YGR086C,PIL1 S98,98.0,S,A,True,False,True,point mutation to alanine,,98,98,source workbook coordinate,P53252,MATCH,102.0,102.0,4.0,5.01330393472826e-07,True,False,False,include: sequence-validated raw-screen strain,True
PBY625,PIL1,YGR086C,PIL1 S180,180.0,S,A,True,False,True,point mutation to alanine,,180,180,source workbook coordinate,P53252,MATCH,102.0,102.0,0.0,0.105541607145151,True,False,False,include: sequence-validated raw-screen strain,True
PBY626,PIL1,YGR086C,PIL1 T14,14.0,T,A,True,False,True,point mutation to alanine,"PMID 21126336: Predicted protein kinase = SNF1, accumulates in nat3 cells|Deletion of protein Phosphatase YDL230W/PTP1 causes Fold Change logFC -1.675 - PMID 21177495|Deletion of protein Kinase YJL165C/HAL5 causes Fold Change logFC -1.609 - PMID 21177495|Deletion of protein Phosphatase YNL099C/OCA1 causes Fold Change logFC -3.596 - PMID 21177495.",14,14,source workbook coordinate,P53252,MATCH,102.0,102.0,0.0,0.526456578959529,True,False,False,include: sequence-validated raw-screen strain,True
PBY627,SIC1,YLR079W,SIC1 S145,145.0,S,A,True,False,True,point mutation to alanine,"Phosphorylation of SIC1 at T45, T48, S146, T173 and S201 is insufficient to trigger degradation|Reported as S146 in PMID 16776651.",145,145,source workbook coordinate,P38634,MATCH,102.0,102.0,0.0,0.313907079361963,True,False,False,include: sequence-validated raw-screen strain,True
PBY629,SIC1,YLR079W,SIC1 S191,191.0,S,A,True,False,True,point mutation to alanine,BindS CDC4 WD40 domain|Deletion of protein Kinase YAL017W/PSK1 causes Fold Change logFC -1.715 - PMID 21177495|Deletion of protein Phosphatase YDL047W/SIT4 causes Fold Change logFC 1.634 - PMID 21177495|Deletion of protein Kinase YHR030C/SLT2 causes Fold Change logFC -1.583 - PMID 21177495|Deletion of protein Kinase YIL095W/PRK1 causes Fold Change logFC -1.548 - PMID 21177495|Deletion of protein Kinase YKL139W/CTK1 causes Fold Change logFC 1.801 - PMID 21177495|Deletion of protein Phosphatase YNR032W/PPG1 causes Fold Change logFC -1.715 - PMID 21177495|Deletion of protein Kinase YOL045W/PSK2 causes Fold Change logFC -2.016 - PMID 21177495|Deletion of protein Kinase YPL140C/MKK2 causes Fold Change logFC 2.859 - PMID 21177495.,191,191,source workbook coordinate,P38634,MATCH,102.0,102.0,0.0,0.440312231941198,True,False,False,include: sequence-validated raw-screen strain,True
PBY631,SIC1,YLR079W,SIC1 S201,201.0,S,A,True,False,True,point mutation to alanine,S to A mutation inhibits CLB5/CDC28|Phosphorylated Sic1 was a more effective inhibitor of Cdk2/cyclinA in vitro; 2 peptide occurrences in PMID 17330950.,201,201,source workbook coordinate,P38634,MATCH,102.0,102.0,3.0,4.74095400219754e-05,True,False,False,include: sequence-validated raw-screen strain,True
PBY633,SIC1,YLR079W,SIC1 S198,198.0,S,A,True,False,True,point mutation to alanine,PMID 21126336: Predicted protein kinase = CKA2|Deletion of protein Kinase YAL017W/PSK1 causes Fold Change logFC -1.556 - PMID 21177495.,198,198,source workbook coordinate,P38634,MATCH,102.0,102.0,0.0,0.385607072009929,True,False,False,include: sequence-validated raw-screen strain,True
PBY635,SIC1,YLR079W,SIC1 T2,2.0,T,A,True,False,True,point mutation to alanine,"Bind CDC4 WD40 domain, phosphorylation at a minimum of 6 CDC28-dependent sites are required for interaction with CDC4|PMID 21126336: Predicted protein kinase = CDC28",2,2,source workbook coordinate,P38634,MATCH,102.0,102.0,0.0,0.271137965105278,True,False,False,include: sequence-validated raw-screen strain,True
PBY637,SIC1,YLR079W,SIC1 T33,33.0,T,A,True,False,True,point mutation to alanine,"Bind CDC4 WD40 domain, phosphorylation at a minimum of 6 CDC28-dependent sites are required for interaction with CDC4.",33,33,source workbook coordinate,P38634,MATCH,102.0,102.0,17.0,1.55162411723191e-20,True,False,False,include: sequence-validated raw-screen strain,True
PBY638,ELM1,YKL048C,ELM1 S516,516.0,S,A,True,False,True,point mutation to alanine,,516,516,source workbook coordinate,P32801,MATCH,102.0,102.0,0.0,0.150359834331953,True,False,False,include: sequence-validated raw-screen strain,True
PBY639,RPS14A,YCR031C,RPS14A S123,123.0,S,A,True,False,True,point mutation to alanine,,123,123,source workbook coordinate,P06367,MATCH,102.0,102.0,9.0,0.000238661660095204,True,False,False,include: sequence-validated raw-screen strain,True
PBY641,RAD55,YDR076W,RAD55 S2,2.0,S,A,True,False,True,point mutation to alanine,"Mutation of Rad55 S2, S8 and S14 causes sensitivity to genotoxic stress.",2,2,source workbook coordinate,P38953,MATCH,102.0,102.0,0.0,0.334676995076706,True,False,False,include: sequence-validated raw-screen strain,True
PBY644,SKY1,YMR216C,SKY1 S362,362.0,S,A,True,False,True,point mutation to alanine,,362,362,source workbook coordinate,Q03656,MATCH,102.0,102.0,3.0,0.00020313471243073,True,False,False,include: sequence-validated raw-screen strain,True
PBY645,SWI4,YER111C,SWI4 S806,806.0,S,A,True,False,True,point mutation to alanine,0.2 Reciprocal SILAC ratio pheromone treated:untreated PMID:15665377 PMID 21126336: Predicted protein kinase = CDC28,806,806,source workbook coordinate,P25302,MATCH,102.0,102.0,11.0,4.34870241143642e-06,True,False,True,exclude: Supplementary Data 8 scar-control correlation,False
PBY646,SWI4,YER111C,SWI4 S816,816.0,S,A,True,False,True,point mutation to alanine,Deletion of protein Phosphatase YDR075W/PPH3 causes Fold Change logFC 1.541 - PMID 21177495|Deletion of protein Kinase YPL203W/TPK2 causes Fold Change logFC 1.938 - PMID 21177495.,816,816,source workbook coordinate,P25302,MATCH,102.0,102.0,0.0,0.154914309076767,True,False,True,exclude: Supplementary Data 8 scar-control correlation,False
PBY647,EFT2,YDR385W,EFT2 S569,569.0,S,A,True,False,True,point mutation to alanine,,569,569,source workbook coordinate,P32324,MATCH,102.0,102.0,4.0,0.00682367410340653,True,False,False,include: sequence-validated raw-screen strain,True
PBY648,ELM1,YKL048C,ELM1 S580,580.0,S,A,True,False,True,point mutation to alanine,,580,580,source workbook coordinate,P32801,MATCH,102.0,102.0,0.0,0.407210643837567,True,False,False,include: sequence-validated raw-screen strain,True
PBY650,ELM1,YKL048C,ELM1 S581,581.0,S,A,True,False,True,point mutation to alanine,,581,581,source workbook coordinate,P32801,MATCH,102.0,102.0,0.0,0.0609038925610995,True,False,False,include: sequence-validated raw-screen strain,True
PBY651,NEW1,YPL226W,NEW1 S1146,1146.0,S,A,True,False,True,point mutation to alanine,,1146,1146,source workbook coordinate,Q08972,MATCH,102.0,102.0,15.0,2.58904741838311e-45,True,True,False,exclude: Supplementary Data 8 WGS quality flag,False
PBY652,RPS6B,YBR181C,RPS6B S148,148.0,S,A,True,False,True,point mutation to alanine,,148,148,source workbook coordinate,P0CX38,MATCH,102.0,102.0,0.0,0.536829882120947,True,False,False,include: sequence-validated raw-screen strain,True
PBY653,SHP1,YBL058W,SHP1 S93,93.0,S,A,True,False,True,point mutation to alanine,"1 peptide occurrence in PMID 17330950|Possible PKA site PMID 19795423|PMID 19823750: 5,20 min 0.4M NaCl ratio (log2); 1.675,0.983|PMID 19823750: best predicted motif = GSK3|PMID 21126336: Predicted protein kinase = RIM11|Deletion of protein Kinase YHR135C/YCK1 causes Fold Change logFC -2.071 - PMID 21177495|Deletion of protein Kinase YIL042C/PKP1 causes Fold Change logFC 1.798 - PMID 21177495|Deletion of protein Kinase YOR061W/CKA2 causes Fold Change logFC 1.509 - PMID 21177495|Deletion of protein Kinase YOR231W/MKK1 causes Fold Change logFC 1.793 - PMID 21177495.",93,93,source workbook coordinate,P34223,MATCH,102.0,102.0,4.0,0.000155511296071182,True,False,False,include: sequence-validated raw-screen strain,True
PBY654,SHP1,YBL058W,SHP1 S94,94.0,S,A,True,False,True,point mutation to alanine,"Possible site for CK1 PMID 19795423|PMID 19823750: 5,20 min 0.4M NaCl ratio (log2); 0.451,1.538|Deletion of protein Kinase YAL017W/PSK1 causes Fold Change logFC 1.785 - PMID 21177495|Deletion of protein Kinase YIL042C/PKP1 causes Fold Change logFC 1.798 - PMID 21177495|Deletion of protein Phosphatase YML057W/CMP2 causes Fold Change logFC 1.928 - PMID 21177495|Deletion of protein Kinase YOR231W/MKK1 causes Fold Change logFC 1.619 - PMID 21177495|Deletion of protein Kinase YOR231W/MKK1 causes Fold Change logFC 1.793 - PMID 21177495.",94,94,source workbook coordinate,P34223,MATCH,102.0,102.0,0.0,0.440731565004471,True,False,False,include: sequence-validated raw-screen strain,True
PBY655,SHP1,YBL058W,SHP1 S97,97.0,S,A,True,False,True,point mutation to alanine,"PMID 19823750: 5,20 min 0.4M NaCl ratio (log2); 0.7,1.567|PMID 19823750: best predicted motif = CK1|Deletion of protein Kinase YAL017W/PSK1 causes Fold Change logFC 1.785 - PMID 21177495|Deletion of protein Phosphatase YML057W/CMP2 causes Fold Change logFC 1.928 - PMID 21177495|Deletion of protein Kinase YOR061W/CKA2 causes Fold Change logFC 1.509 - PMID 21177495|Deletion of protein Kinase YOR231W/MKK1 causes Fold Change logFC 1.619 - PMID 21177495.",97,97,source workbook coordinate,P34223,MATCH,102.0,102.0,0.0,0.572113984333543,True,False,False,include: sequence-validated raw-screen strain,True
PBY657,MIG1,YGL035C,MIG1 S278,278.0,S,A,True,False,True,point mutation to alanine,PMID 19684113: Down-regulated by cycloheximide|A Mig1-4A mutation prevents nuclear export|Deletion of protein Kinase YAL017W/PSK1 causes Fold Change logFC -2.191 - PMID 21177495|Deletion of protein Phosphatase YDL047W/SIT4 causes Fold Change logFC -2.915 - PMID 21177495|Deletion of protein Kinase YGL059W/PKP2 causes Fold Change logFC -1.686 - PMID 21177495|Deletion of protein Kinase YJL106W/IME2 causes Fold Change logFC -1.612 - PMID 21177495|Deletion of protein Kinase YJR066W/TOR1 causes Fold Change logFC -2.639 - PMID 21177495|Deletion of protein Kinase YKL139W/CTK1 causes Fold Change logFC 2.293 - PMID 21177495|Deletion of protein Kinase YKL166C/TPK3 causes Fold Change logFC -1.519 - PMID 21177495|Deletion of protein Phosphatase YLR433C/CNA1 causes Decreased logFC -6.857 - PMID 21177495|Deletion of protein Kinase YOR231W/MKK1 causes Fold Change logFC -1.856 - PMID 21177495|Deletion of protein Kinase YPL203W/TPK2 causes Fold Change logFC -1.579 - PMID 21177495.,278,278,source workbook coordinate,P27705,MATCH,102.0,102.0,0.0,0.340502294518915,True,False,False,include: sequence-validated raw-screen strain,True
PBY659,MIG1,YGL035C,MIG1 S377,377.0,S,A,True,False,True,point mutation to alanine,Deletion of protein Kinase YAL017W/PSK1 causes Fold Change logFC -1.69 - PMID 21177495|Deletion of protein Phosphatase YDL047W/SIT4 causes Fold Change logFC -1.84 - PMID 21177495|Deletion of protein Phosphatase YDL188C/PPH22 causes Fold Change logFC -2.288 - PMID 21177495|Deletion of protein Kinase YDR477W/SNF1 causes Fold Change logFC -1.83 - PMID 21177495|Deletion of protein Kinase YGR262C/BUD32 causes Fold Change logFC -1.637 - PMID 21177495|Deletion of protein Kinase YOL100W/PKH2 causes Fold Change logFC -1.823 - PMID 21177495|Deletion of protein Kinase YOR061W/CKA2 causes Fold Change logFC -2.154 - PMID 21177495.,377,377,source workbook coordinate,P27705,MATCH,102.0,102.0,0.0,0.139009232758959,True,False,False,include: sequence-validated raw-screen strain,True
PBY662,EFT2,YDR385W,EFT2 T566,566.0,T,A,True,False,True,point mutation to alanine,,566,566,source workbook coordinate,P32324,MATCH,102.0,102.0,12.0,3.06766740014872e-12,True,False,False,include: sequence-validated raw-screen strain,True
PBY663,EFT2,YDR385W,EFT2 T566A,566.0,T,A,True,False,True,point mutation to alanine,,566,566,source workbook coordinate,P32324,MATCH,102.0,102.0,3.0,3.37513718897214e-57,True,False,False,include: sequence-validated raw-screen strain,True
PBY695,APL1,YJR005W,APL1 S641,641.0,S,A,True,False,True,point mutation to alanine,,641,641,source workbook coordinate,P27351,MATCH,102.0,102.0,0.0,0.626476352801396,True,False,False,include: sequence-validated raw-screen strain,True
PBY696,BIM1,YER016W,BIM1 S166,166.0,S,A,True,False,True,point mutation to alanine,,166,166,source workbook coordinate,P40013,MATCH,102.0,102.0,0.0,0.0764857498443233,True,False,False,include: sequence-validated raw-screen strain,True
PBY697,BIM1,YER016W,BIM1 S165,165.0,S,A,True,False,True,point mutation to alanine,,165,165,source workbook coordinate,P40013,MATCH,102.0,102.0,1.0,0.00818470751257422,True,False,False,include: sequence-validated raw-screen strain,True
PBY699,BIM1,YER016W,BIM1 T142,142.0,T,A,True,False,True,point mutation to alanine,,142,142,source workbook coordinate,P40013,MATCH,102.0,102.0,26.0,2.32894218644793e-44,True,False,False,include: sequence-validated raw-screen strain,True
PBY700,BIM1,YER016W,BIM1 S139,139.0,S,A,True,False,True,point mutation to alanine,"PMID 19823750: 5,20 min 0.4M NaCl ratio (log2); 0.188,0.247|PMID 19823750: best predicted motif = CAMK2.",139,139,source workbook coordinate,P40013,MATCH,102.0,102.0,0.0,0.274845186840237,True,False,False,include: sequence-validated raw-screen strain,True
PBY701,BIM1,YER016W,BIM1 S172,172.0,S,A,True,False,True,point mutation to alanine,,172,172,source workbook coordinate,P40013,MATCH,101.0,101.0,0.0,0.359643368926366,True,False,False,include: sequence-validated raw-screen strain,True
PBY702,BIM1,YER016W,BIM1 S154,154.0,S,A,True,False,True,point mutation to alanine,Deletion of protein Phosphatase YOR208W/PTP2 causes Fold Change logFC 1.658 - PMID 21177495.,154,154,source workbook coordinate,P40013,MATCH,102.0,102.0,36.0,6.28114946132517e-31,True,False,False,include: sequence-validated raw-screen strain,True
PBY703,BIM1,YER016W,BIM1 T152,152.0,T,A,True,False,True,point mutation to alanine,,152,152,source workbook coordinate,P40013,MATCH,102.0,102.0,0.0,0.277932758691835,True,False,False,include: sequence-validated raw-screen strain,True
PBY704,BIM1,YER016W,BIM1 S149,149.0,S,A,True,False,True,point mutation to alanine,,149,149,source workbook coordinate,P40013,MATCH,102.0,102.0,0.0,0.50695525824377,True,False,False,include: sequence-validated raw-screen strain,True
PBY705,BIM1,YER016W,BIM1 S148,148.0,S,A,True,False,True,point mutation to alanine,1 peptide occurrence in PMID 17330950|Deletion of protein Phosphatase YOR208W/PTP2 causes Fold Change logFC 1.658 - PMID 21177495.,148,148,source workbook coordinate,P40013,MATCH,102.0,102.0,0.0,0.634562410494294,True,False,False,include: sequence-validated raw-screen strain,True
PBY707,CDC40,YDR364C,CDC40 S10,10.0,S,A,True,False,True,point mutation to alanine,,10,10,source workbook coordinate,P40968,MATCH,102.0,102.0,5.0,0.0153031714270705,True,False,False,include: sequence-validated raw-screen strain,True
PBY708,CHD1,YER164W,CHD1 T1229,1229.0,T,A,True,False,True,point mutation to alanine,,1229,1229,source workbook coordinate,P32657,MATCH,102.0,102.0,21.0,9.89116427642874e-08,True,False,True,exclude: Supplementary Data 8 scar-control correlation,False
PBY709,CHD1,YER164W,CHD1 S1234,1234.0,S,A,True,False,True,point mutation to alanine,,1234,1234,source workbook coordinate,P32657,MATCH,102.0,102.0,20.0,2.77494347242979e-09,True,False,True,exclude: Supplementary Data 8 scar-control correlation,False
PBY710,CHD1,YER164W,CHD1 S1339,1339.0,S,A,True,False,True,point mutation to alanine,1 peptide occurrence in PMID 17330950.,1339,1339,source workbook coordinate,P32657,MATCH,102.0,102.0,7.0,1.83709359978724e-05,True,False,True,exclude: Supplementary Data 8 scar-control correlation,False
PBY712,ENO1,YGR254W,ENO1 S188,188.0,S,A,True,False,True,point mutation to alanine,1 peptide occurrence in PMID 17330950.,188,188,source workbook coordinate,P00924,MATCH,98.0,98.0,6.0,0.00548946462954284,True,False,False,include: sequence-validated raw-screen strain,True
PBY713,GLO3,YER122C,GLO3 S389,389.0,S,A,True,False,True,point mutation to alanine,"Possible site for Rad53, PMID 19795423|PMID 19823750: 5,20 min 0.4M NaCl ratio (log2); -1.949,-0.353|PMID 21126336: Predicted protein kinase = CKA2, accumulates in nat3 cells|Deletion of protein Kinase YKL139W/CTK1 causes Fold Change logFC 1.819 - PMID 21177495|Deletion of protein Kinase YPL042C/SSN3 causes Fold Change logFC 1.871 - PMID 21177495.",389,389,source workbook coordinate,P38682,MATCH,102.0,102.0,4.0,3.75009832596305e-08,True,True,False,exclude: Supplementary Data 8 WGS quality flag,False
PBY714,GLO3,YER122C,GLO3 S390,390.0,S,A,True,False,True,point mutation to alanine,"Possible PKA site PMID 19795423|PMID 19823750: 5,20 min 0.4M NaCl ratio (log2); -1.792,-0.067|PMID 21126336: Predicted protein kinase = CKA2",390,390,source workbook coordinate,P38682,MATCH,102.0,102.0,9.0,0.000436173828438894,True,False,False,include: sequence-validated raw-screen strain,True
PBY715,GLO3,YER122C,GLO3 S398,398.0,S,A,True,False,True,point mutation to alanine,"3 peptide occurrences in PMID 17330950|Possible PKA site PMID 19795423|PMID 19823750: 5,20 min 0.4M NaCl ratio (log2); 0.2,0.238|PMID 19823750: best predicted motif = PKA.",398,398,source workbook coordinate,P38682,MATCH,102.0,102.0,0.0,0.464856709618833,True,False,False,include: sequence-validated raw-screen strain,True
PBY716,LHP1,YDL051W,LHP1 S230,230.0,S,A,True,False,True,point mutation to alanine,,230,230,source workbook coordinate,P33399,MATCH,102.0,102.0,0.0,0.526456578959529,True,False,False,include: sequence-validated raw-screen strain,True
PBY717,LSP1,YPL004C,LSP1 S30,30.0,S,A,True,False,True,point mutation to alanine,,30,30,source workbook coordinate,Q12230,MATCH,102.0,102.0,0.0,0.0621257480325211,True,False,False,include: sequence-validated raw-screen strain,True
PBY718,LSP1,YPL004C,LSP1 S41,41.0,S,A,True,False,True,point mutation to alanine,"Possible site for CK1 PMID 19795423|PMID 19823750: 5,20 min 0.4M NaCl ratio (log2); 0.375,1.961|PMID 19823750: best predicted motif = CK1.",41,41,source workbook coordinate,Q12230,MATCH,102.0,102.0,16.0,1.0976158789546e-45,True,False,False,include: sequence-validated raw-screen strain,True
PBY720,LSP1,YPL004C,LSP1 S6,6.0,S,A,True,False,True,point mutation to alanine,,6,6,source workbook coordinate,Q12230,MATCH,102.0,102.0,0.0,0.26272011586453,True,False,False,include: sequence-validated raw-screen strain,True
PBY721,LSP1,YPL004C,LSP1 T14,14.0,T,A,True,False,True,point mutation to alanine,"PMID 21126336: Predicted protein kinase = SNF1, accumulates in nat3 cells|Deletion of protein Kinase YKL139W/CTK1 causes Fold Change logFC 2.009 - PMID 21177495.",14,14,source workbook coordinate,Q12230,MATCH,102.0,102.0,0.0,0.230885469793568,True,False,False,include: sequence-validated raw-screen strain,True
PBY723,NSR1,YGR159C,NSR1 T403,403.0,T,A,True,False,True,point mutation to alanine,PMID 21126336: Predicted protein kinase = CLA4,403,403,source workbook coordinate,P27476,MATCH,102.0,102.0,0.0,0.118730433536659,True,False,False,include: sequence-validated raw-screen strain,True
PBY725,PHO23,YNL097C,PHO23 S234,234.0,S,A,True,False,True,point mutation to alanine,,234,234,source workbook coordinate,P50947,MATCH,102.0,102.0,0.0,0.355669680001583,True,False,False,include: sequence-validated raw-screen strain,True
PBY726,PIL1,YGR086C,PIL1 S41,41.0,S,A,True,False,True,point mutation to alanine,,41,41,source workbook coordinate,P53252,MATCH,102.0,102.0,14.0,1.20600322487667e-36,True,False,False,include: sequence-validated raw-screen strain,True
PBY727,PIL1,YGR086C,PIL1 S6,6.0,S,A,True,False,True,point mutation to alanine,,6,6,source workbook coordinate,P53252,MATCH,,,,,False,False,False,exclude: no raw screening profile,False
PBY728,RPS14A,YCR031C,RPS14A S125,125.0,S,A,True,False,True,point mutation to alanine,,125,125,source workbook coordinate,P06367,MATCH,102.0,102.0,4.0,0.00945177471401041,True,False,False,include: sequence-validated raw-screen strain,True
PBY730,RPS6B,YBR181C,RPS6B T180,180.0,T,A,True,False,True,point mutation to alanine,,180,180,source workbook coordinate,P0CX38,MATCH,102.0,102.0,0.0,0.403984496829354,True,False,False,include: sequence-validated raw-screen strain,True
PBY732,RPS6B,YBR181C,RPS6B S233,233.0,S,A,True,False,True,point mutation to alanine,"Similar to NIMA-related kinase site, PMID 19795423|PMID 19823750: 5,20 min 0.4M NaCl ratio (log2); -0.276,-0.124|PMID 19823750: best predicted motif = CAMK2|Deletion of protein Kinase YBR028C/YPK3 causes Decreased logFC -7.606 - PMID 21177495|Deletion of protein Kinase YAL017W/PSK1 causes Decreased logFC -6.363 - PMID 21177495|Deletion of protein Phosphatase YDL134C/PPH21 causes Decreased logFC -6.641 - PMID 21177495|Deletion of protein Phosphatase YML057W/CMP2 causes Decreased logFC -6.401 - PMID 21177495.",233,233,source workbook coordinate,P0CX38,MATCH,102.0,102.0,0.0,0.717002870036633,True,False,False,include: sequence-validated raw-screen strain,True
PBY734,RRT14,YIL127C,RRT14 S202,202.0,S,A,True,False,True,point mutation to alanine,,202,202,source workbook coordinate,P40470,MATCH,102.0,102.0,3.0,0.00539361066652127,True,False,False,include: sequence-validated raw-screen strain,True
PBY736,SHP1,YBL058W,SHP1 Y100,100.0,Y,A,True,False,True,point mutation to alanine,,100,100,source workbook coordinate,P34223,MATCH,102.0,102.0,0.0,0.743889088406169,True,False,False,include: sequence-validated raw-screen strain,True
PBY737,SKY1,YMR216C,SKY1 S414,414.0,S,A,True,False,True,point mutation to alanine,PMID 19684113: Up-regulated by cycloheximide.,414,414,source workbook coordinate,Q03656,MATCH,102.0,102.0,0.0,0.590132522988244,True,False,False,include: sequence-validated raw-screen strain,True
PBY738,SKY1,YMR216C,SKY1 S410,410.0,S,A,True,False,True,point mutation to alanine,PMID 19684113: Up-regulated by cycloheximide.,410,410,source workbook coordinate,Q03656,MATCH,102.0,102.0,0.0,0.190004378535822,True,False,False,include: sequence-validated raw-screen strain,True
PBY740,SKY1,YMR216C,SKY1 S393,393.0,S,A,True,False,True,point mutation to alanine,2 peptide occurrences in PMID 17330950.,393,393,source workbook coordinate,Q03656,MATCH,102.0,102.0,11.0,6.72334612733286e-05,True,True,False,exclude: Supplementary Data 8 WGS quality flag,False
PBY741,SKY1,YMR216C,SKY1 S360,360.0,S,A,True,False,True,point mutation to alanine,,360,360,source workbook coordinate,Q03656,MATCH,102.0,102.0,0.0,0.163811670638429,True,False,False,include: sequence-validated raw-screen strain,True
PBY742,SLA1,YBL007C,SLA1 S990,990.0,S,A,True,False,True,point mutation to alanine,Deletion of protein Phosphatase YLR019W/PSR2 causes Fold Change logFC 2.17 - PMID 21177495.,990,990,source workbook coordinate,P32790,MATCH,102.0,102.0,0.0,0.122466620289377,True,False,False,include: sequence-validated raw-screen strain,True
PBY743,SLA1,YBL007C,SLA1 T923,923.0,T,A,True,False,True,point mutation to alanine,,923,923,source workbook coordinate,P32790,MATCH,102.0,102.0,0.0,0.129202295195476,True,False,False,include: sequence-validated raw-screen strain,True
PBY744,SLA1,YBL007C,SLA1 T831,831.0,T,A,True,False,True,point mutation to alanine,,831,831,source workbook coordinate,P32790,MATCH,102.0,102.0,0.0,0.0658435586273673,True,False,False,include: sequence-validated raw-screen strain,True
PBY745,SLT2,YHR030C,SLT2 T413,413.0,T,A,True,False,True,point mutation to alanine,,413,413,source workbook coordinate,Q00772,MATCH,102.0,102.0,0.0,0.090268511859258,True,False,False,include: sequence-validated raw-screen strain,True
PBY747,VMA2,YBR127C,VMA2 S84,84.0,S,A,True,False,True,point mutation to alanine,,84,84,source workbook coordinate,P16140,MATCH,102.0,102.0,0.0,0.303685624977941,True,False,False,include: sequence-validated raw-screen strain,True
PBY748,YJR056C,YJR056C,YJR056C S221,221.0,S,A,True,False,True,point mutation to alanine,Deletion of protein Phosphatase YIR026C/YVH1 causes Fold Change logFC 2.054 - PMID 21177495|Deletion of protein Kinase YGL059W/PKP2 causes Fold Change logFC 1.651 - PMID 21177495|Deletion of protein Phosphatase YGR203W/YCH1 causes Fold Change logFC 2.825 - PMID 21177495|Deletion of protein Kinase YKL171W/NNK1 causes Fold Change logFC 1.652 - PMID 21177495|Deletion of protein Phosphatase YLR433C/CNA1 causes Fold Change logFC 1.661 - PMID 21177495|Deletion of protein Phosphatase YNL032W/SIW14 causes Fold Change logFC 1.751 - PMID 21177495.,221,221,source workbook coordinate,P47115,MATCH,102.0,102.0,4.0,0.00710080864488398,True,False,False,include: sequence-validated raw-screen strain,True
PBY749,YJR056C,YJR056C,YJR056C S223,223.0,S,A,True,False,True,point mutation to alanine,,223,223,source workbook coordinate,P47115,MATCH,102.0,102.0,2.0,0.00369555675751255,True,False,False,include: sequence-validated raw-screen strain,True
PBY751,CHD1,YER164W,CHD1 S989,989.0,S,A,True,False,True,point mutation to alanine,,989,989,source workbook coordinate,P32657,MATCH,102.0,102.0,0.0,0.655114636665616,True,False,True,exclude: Supplementary Data 8 scar-control correlation,False
PBY753,DBF2,YGR092W,DBF2 S51,51.0,S,A,True,False,True,point mutation to alanine,,51,51,source workbook coordinate,P22204,MATCH,102.0,102.0,23.0,1.28721102508989e-23,True,False,False,include: sequence-validated raw-screen strain,True
PBY755,LHP1,YDL051W,LHP1 S264,264.0,S,A,True,False,True,point mutation to alanine,"PMID 21126336: Predicted protein kinase = CKA2, accumulates in nat3 cells.",264,264,source workbook coordinate,P33399,MATCH,102.0,102.0,2.0,0.0320464027772642,True,True,False,exclude: Supplementary Data 8 WGS quality flag,False
PBY757,LHP1,YDL051W,LHP1 S235,235.0,S,A,True,False,True,point mutation to alanine,Deletion of protein Phosphatase YML057W/CMP2 causes Fold Change logFC 2.225 - PMID 21177495|Deletion of protein Kinase YAL017W/PSK1 causes Fold Change logFC 1.802 - PMID 21177495|Deletion of protein Kinase YCR008W/SAT4 causes Fold Change logFC 1.822 - PMID 21177495|Deletion of protein Kinase YDR247W/VHS1 causes Fold Change logFC 2.164 - PMID 21177495|Deletion of protein Kinase YDR466W/PKH3 causes Fold Change logFC 1.688 - PMID 21177495|Deletion of protein Kinase YIL042C/PKP1 causes Fold Change logFC 1.604 - PMID 21177495|Deletion of protein Kinase YKL166C/TPK3 causes Fold Change logFC 1.505 - PMID 21177495.,235,235,source workbook coordinate,P33399,MATCH,102.0,102.0,0.0,0.407755433730979,True,False,False,include: sequence-validated raw-screen strain,True
PBY759,LHP1,YDL051W,LHP1 S233,233.0,S,A,True,False,True,point mutation to alanine,,233,233,source workbook coordinate,P33399,MATCH,102.0,102.0,0.0,0.230105162235775,True,False,False,include: sequence-validated raw-screen strain,True
PBY761,LSP1,YPL004C,LSP1 S336,336.0,S,A,True,False,True,point mutation to alanine,,336,336,source workbook coordinate,Q12230,MATCH,102.0,102.0,0.0,0.210958013937859,True,False,False,include: sequence-validated raw-screen strain,True
PBY762,LSP1,YPL004C,LSP1 S59,59.0,S,A,True,False,True,point mutation to alanine,"PMID 19823750: 5,20 min 0.4M NaCl ratio (log2); 0.637,0.585|PMID 19823750: best predicted motif = CHK1/2.",59,59,source workbook coordinate,Q12230,MATCH,102.0,102.0,0.0,0.448337872186658,True,False,False,include: sequence-validated raw-screen strain,True
PBY764,NEW1,YPL226W,NEW1 T1185,1185.0,T,A,True,False,True,point mutation to alanine,"PMID 21126336: Predicted protein kinase = CDC28, accumulates in nat3 cells.",1185,1185,source workbook coordinate,Q08972,MATCH,101.0,101.0,11.0,7.18077910006709e-27,True,True,False,exclude: Supplementary Data 8 WGS quality flag,False
PBY767,PHO23,YNL097C,PHO23 S236,236.0,S,A,True,False,True,point mutation to alanine,,236,236,source workbook coordinate,P50947,MATCH,102.0,102.0,27.0,2.44453792714554e-183,True,True,False,exclude: Supplementary Data 8 WGS quality flag,False
PBY768,PHO23,YNL097C,PHO23 S267,267.0,S,A,True,False,True,point mutation to alanine,,267,267,source workbook coordinate,P50947,MATCH,102.0,102.0,0.0,0.106837964379697,True,False,False,include: sequence-validated raw-screen strain,True
PBY769,RPS14A,YCR031C,RPS14A T119,119.0,T,A,True,False,True,point mutation to alanine,PMID 21126336: Predicted protein kinase = CDC28,119,119,source workbook coordinate,P06367,MATCH,102.0,102.0,5.0,1.68463095935613e-05,True,False,False,include: sequence-validated raw-screen strain,True
PBY771,RPS6B,YBR181C,RPS6B T163,163.0,T,A,True,False,True,point mutation to alanine,,163,163,source workbook coordinate,P0CX38,MATCH,102.0,102.0,0.0,0.402801359621904,True,False,False,include: sequence-validated raw-screen strain,True
PBY773,RPS6B,YBR181C,RPS6B S232,232.0,S,A,True,False,True,point mutation to alanine,"PMID 19823750: 5,20 min 0.4M NaCl ratio (log2); -0.773,0.121|PMID 19823750: best predicted motif = PKA/AKT|Deletion of protein Kinase YBR028C/YPK3 causes Decreased logFC -7.606 - PMID 21177495|Deletion of protein Kinase YAL017W/PSK1 causes Decreased logFC -6.363 - PMID 21177495|Deletion of protein Phosphatase YDL134C/PPH21 causes Decreased logFC -6.641 - PMID 21177495|Deletion of protein Phosphatase YML057W/CMP2 causes Decreased logFC -6.401 - PMID 21177495.",232,232,source workbook coordinate,P0CX38,MATCH,102.0,102.0,0.0,0.354234382602569,True,False,False,include: sequence-validated raw-screen strain,True
PBY775,RRT14,YIL127C,RRT14 S197,197.0,S,A,True,False,True,point mutation to alanine,PMID 19823750: best predicted motif = CK2.,197,197,source workbook coordinate,P40470,MATCH,102.0,102.0,17.0,1.29929298277194e-61,True,False,False,include: sequence-validated raw-screen strain,True
PBY777,SKY1,YMR216C,SKY1 S427,427.0,S,A,True,False,True,point mutation to alanine,,427,427,source workbook coordinate,Q03656,MATCH,102.0,102.0,2.0,0.0136554214948102,True,False,False,include: sequence-validated raw-screen strain,True
PBY779,SKY1,YMR216C,SKY1 S388,388.0,S,A,True,False,True,point mutation to alanine,,388,388,source workbook coordinate,Q03656,MATCH,102.0,102.0,6.0,0.000497705958523277,True,False,False,include: sequence-validated raw-screen strain,True
PBY780,SLA1,YBL007C,SLA1 T913,913.0,T,A,True,False,True,point mutation to alanine,,913,913,source workbook coordinate,P32790,MATCH,102.0,102.0,1.0,0.00462308108869161,True,True,False,exclude: Supplementary Data 8 WGS quality flag,False
PBY782,SWI3,YJL176C,SWI3 S230,230.0,S,A,True,False,True,point mutation to alanine,PMID 21126336: Predicted protein kinase = SNF1,230,230,source workbook coordinate,P32591,MATCH,102.0,102.0,0.0,0.183225143902534,True,False,False,include: sequence-validated raw-screen strain,True
PBY783,SWI3,YJL176C,SWI3 S231,231.0,S,A,True,False,True,point mutation to alanine,"Possible site for GSK3 PMID 19795423|PMID 19823750: 5,20 min 0.4M NaCl ratio (log2); -0.143,-0.181.",231,231,source workbook coordinate,P32591,MATCH,102.0,102.0,0.0,0.473306373952067,True,False,False,include: sequence-validated raw-screen strain,True
PBY784,SWI3,YJL176C,SWI3 S237,237.0,S,A,True,False,True,point mutation to alanine,"Possible PKA site PMID 19795423|PMID 19823750: 5,20 min 0.4M NaCl ratio (log2); 1.312,0.601.",237,237,source workbook coordinate,P32591,MATCH,102.0,102.0,26.0,8.28889227986137e-24,True,False,False,include: sequence-validated raw-screen strain,True
PBY786,YCR087C-A,YCR087C-A,YCR087C-A Y121,121.0,Y,A,True,False,True,point mutation to alanine,,121,121,source workbook coordinate,P37263,MATCH,102.0,102.0,24.0,1.89234520712342e-65,True,False,False,include: sequence-validated raw-screen strain,True
PBY788,YCR087C-A,YCR087C-A,YCR087C-A S53,53.0,S,A,True,False,True,point mutation to alanine,Deletion of protein Kinase YKL101W/HSL1 causes Fold Change logFC 2.277 - PMID 21177495|Deletion of protein Kinase YKL101W/HSL1 causes Fold Change logFC 2.736 - PMID 21177495|Deletion of protein Kinase YOR231W/MKK1 causes Fold Change logFC 4.267 - PMID 21177495.,53,53,source workbook coordinate,P37263,MATCH,102.0,102.0,0.0,0.626272913484416,True,False,False,include: sequence-validated raw-screen strain,True
PBY789,YCR087C-A,YCR087C-A,YCR087C-A T126,126.0,T,A,True,False,True,point mutation to alanine,,126,126,source workbook coordinate,P37263,MATCH,102.0,102.0,0.0,0.177825894080998,True,False,False,include: sequence-validated raw-screen strain,True
PBY791,NVJ2,YPR091C,NVJ2 S669,669.0,S,A,True,False,True,point mutation to alanine,7 peptide occurrences in PMID 17330950|Deletion of protein Phosphatase YLR433C/CNA1 causes Fold Change logFC 1.52 - PMID 21177495.,669,669,source workbook coordinate,Q06833,MATCH,102.0,102.0,0.0,0.530441002173554,True,False,False,include: sequence-validated raw-screen strain,True
PBY792,NVJ2,YPR091C,NVJ2 S723,723.0,S,A,True,False,True,point mutation to alanine,"1 peptide occurrence in PMID 17330950|PMID 19823750: 5,20 min 0.4M NaCl ratio (log2); -0.82,-1.724|PMID 19823750: best predicted motif = CK1|Deletion of protein Phosphatase YIR026C/YVH1 causes Fold Change logFC -1.517 - PMID 21177495.",723,723,source workbook coordinate,Q06833,MATCH,102.0,102.0,0.0,0.288398747821036,True,False,False,include: sequence-validated raw-screen strain,True
PBY793,NVJ2,YPR091C,NVJ2 S593,593.0,S,A,True,False,True,point mutation to alanine,1 peptide occurrence in PMID 17330950.,593,593,source workbook coordinate,Q06833,MATCH,102.0,102.0,0.0,0.420883353138692,True,False,False,include: sequence-validated raw-screen strain,True
PBY794,NVJ2,YPR091C,NVJ2 S714,714.0,S,A,True,False,True,point mutation to alanine,"Possible site for CDK, PMID 19795423|PMID 19823750: 5,20 min 0.4M NaCl ratio (log2); 0.097,0.229|PMID 19823750: best predicted motif = CAMK2|PMID 21126336: Predicted protein kinase = SCH9|Deletion of protein Kinase YBR274W/CHK1 causes Fold Change logFC -1.767 - PMID 21177495|Deletion of protein Phosphatase YIR026C/YVH1 causes Fold Change logFC -1.517 - PMID 21177495|Deletion of protein Kinase YKL101W/HSL1 causes Fold Change logFC -1.915 - PMID 21177495.",714,714,source workbook coordinate,Q06833,MATCH,102.0,102.0,22.0,2.21277134416762e-48,True,False,False,include: sequence-validated raw-screen strain,True
PBY796,NVJ2,YPR091C,NVJ2 S716,716.0,S,A,True,False,True,point mutation to alanine,1 peptide occurrence in PMID 17330950|Deletion of protein Kinase YBR274W/CHK1 causes Fold Change logFC -1.767 - PMID 21177495|Deletion of protein Phosphatase YIR026C/YVH1 causes Fold Change logFC -1.517 - PMID 21177495|Deletion of protein Kinase YKL101W/HSL1 causes Fold Change logFC -1.915 - PMID 21177495.,716,716,source workbook coordinate,Q06833,MATCH,102.0,102.0,1.0,0.0420654282427994,True,False,False,include: sequence-validated raw-screen strain,True
PBY798,RPA34,YJL148W,RPA34 Y8,8.0,Y,A,True,False,True,point mutation to alanine,,8,8,source workbook coordinate,P47006,MATCH,102.0,102.0,1.0,0.0319660158606074,True,False,False,include: sequence-validated raw-screen strain,True
PBY800,RPA34,YJL148W,RPA34 Y150,150.0,Y,A,True,False,True,point mutation to alanine,,150,150,source workbook coordinate,P47006,MATCH,102.0,102.0,0.0,0.198244274119323,True,False,False,include: sequence-validated raw-screen strain,True
PBY802,RPA34,YJL148W,RPA34 S113,113.0,S,A,True,False,True,point mutation to alanine,,113,113,source workbook coordinate,P47006,MATCH,102.0,102.0,0.0,0.374892540651397,True,False,False,include: sequence-validated raw-screen strain,True
PBY804,RPA34,YJL148W,RPA34 S12,12.0,S,A,True,False,True,point mutation to alanine,1 peptide occurrence in PMID 17330950.,12,12,source workbook coordinate,P47006,MATCH,102.0,102.0,0.0,0.541279418902755,True,False,False,include: sequence-validated raw-screen strain,True
PBY805,RPA43,YOR340C,RPA43 S269,269.0,S,A,True,False,True,point mutation to alanine,,269,269,source workbook coordinate,P46669,MATCH,102.0,102.0,23.0,1.08248524061707e-52,True,False,False,include: sequence-validated raw-screen strain,True
PBY806,RPA43,YOR340C,RPA43 S251,251.0,S,A,True,False,True,point mutation to alanine,,251,251,source workbook coordinate,P46669,MATCH,102.0,102.0,0.0,0.124729522189189,True,False,False,include: sequence-validated raw-screen strain,True
PBY808,RPA43,YOR340C,RPA43 S208,208.0,S,A,True,False,True,point mutation to alanine,1 peptide occurrence in PMID 17330950.,208,208,source workbook coordinate,P46669,MATCH,102.0,102.0,1.0,0.0404121226604487,True,False,False,include: sequence-validated raw-screen strain,True
PBY810,RPA43,YOR340C,RPA43 T25,25.0,T,A,True,False,True,point mutation to alanine,PMID 21126336: Predicted protein kinase = SNF1,25,25,source workbook coordinate,P46669,MATCH,102.0,102.0,0.0,0.0589136435188703,True,False,False,include: sequence-validated raw-screen strain,True
PBY811,RPA43,YOR340C,RPA43 S285,285.0,S,A,True,False,True,point mutation to alanine,"1 peptide occurrence in PMID 17330950|PMID 19823750: 5,20 min 0.4M NaCl ratio (log2); -0.276,-0.159|PMID 19823750: best predicted motif = PLK1.",285,285,source workbook coordinate,P46669,MATCH,102.0,102.0,0.0,0.487307202065336,True,False,False,include: sequence-validated raw-screen strain,True
PBY813,RPA43,YOR340C,RPA43 S265,265.0,S,A,True,False,True,point mutation to alanine,PMID 21126336: Predicted protein kinase = CKA2,265,265,source workbook coordinate,P46669,MATCH,102.0,102.0,0.0,0.509414854355498,True,False,False,include: sequence-validated raw-screen strain,True
PBY815,RPA43,YOR340C,RPA43 S263,263.0,S,A,True,False,True,point mutation to alanine,1 peptide occurrence in PMID 17330950.,263,263,source workbook coordinate,P46669,MATCH,102.0,102.0,4.0,0.00362577250184206,True,False,False,include: sequence-validated raw-screen strain,True
PBY817,RPA43,YOR340C,RPA43 S262,262.0,S,A,True,False,True,point mutation to alanine,1 peptide occurrence in PMID 17330950.,262,262,source workbook coordinate,P46669,MATCH,102.0,102.0,0.0,0.434586950950504,True,False,False,include: sequence-validated raw-screen strain,True
PBY819,RPA49,YNL248C,RPA49 S8,8.0,S,A,True,False,True,point mutation to alanine,,8,8,source workbook coordinate,Q01080,MATCH,102.0,102.0,0.0,0.407755433730979,True,False,False,include: sequence-validated raw-screen strain,True
PBY820,RPA49,YNL248C,RPA49 S169,169.0,S,A,True,False,True,point mutation to alanine,,169,169,source workbook coordinate,Q01080,MATCH,102.0,102.0,0.0,0.123003531856908,True,False,False,include: sequence-validated raw-screen strain,True
PBY822,RPA49,YNL248C,RPA49 T167,167.0,T,A,True,False,True,point mutation to alanine,,167,167,source workbook coordinate,Q01080,MATCH,102.0,102.0,0.0,0.18973127734026,True,False,False,include: sequence-validated raw-screen strain,True
PBY824,RPB2,YOR151C,RPB2 S919,919.0,S,A,True,False,True,point mutation to alanine,2 peptide occurrences in PMID 17330950.,919,919,source workbook coordinate,P08518,MATCH,102.0,102.0,32.0,2.87544143950908e-207,True,False,True,exclude: Supplementary Data 8 scar-control correlation,False
PBY825,RPB2,YOR151C,RPB2 Y890,890.0,Y,A,True,False,True,point mutation to alanine,,890,890,source workbook coordinate,P08518,MATCH,101.0,101.0,18.0,1.21929992470935e-40,True,False,True,exclude: Supplementary Data 8 scar-control correlation,False
PBY827,RPC53,YDL150W,RPC53 S116,116.0,S,A,True,False,True,point mutation to alanine,PMID 21126336: Predicted protein kinase = SNF1,116,116,source workbook coordinate,P25441,MATCH,102.0,102.0,0.0,0.655114636665616,True,False,False,include: sequence-validated raw-screen strain,True
PBY828,RPC53,YDL150W,RPC53 T232,232.0,T,A,True,False,True,point mutation to alanine,"5.5 Reciprocal SILAC ratio pheromone treated:untreated PMID:15665377|Possible site for Aurora Kinase/ Ipl1, PMID 19795423|PMID 19823750: 5,20 min 0.4M NaCl ratio (log2); 0.468,0.855|PMID 19823750: best predicted motif = CAMK2|Deletion of protein Kinase YNL307C/MCK1 causes Decreased logFC -8.137 - PMID 21177495|Deletion of protein Kinase YLL019C/KNS1 causes Fold Change logFC -3.777 - PMID 21177495.",232,232,source workbook coordinate,P25441,MATCH,102.0,102.0,7.0,0.00570936159642404,True,False,False,include: sequence-validated raw-screen strain,True
PBY830,RPC53,YDL150W,RPC53 S224,224.0,S,A,True,False,True,point mutation to alanine,"4 peptide occurrences in PMID 17330950|PMID 19823750: 5,20 min 0.4M NaCl ratio (log2); 0.011,0.304|Deletion of protein Kinase YNL307C/MCK1 causes Decreased logFC -8.137 - PMID 21177495|Deletion of protein Kinase YDL108W/KIN28 causes Fold Change logFC -1.775 - PMID 21177495|Deletion of protein Kinase YLL019C/KNS1 causes Fold Change logFC -3.777 - PMID 21177495|Deletion of protein Kinase YPL031C/PHO85 causes Fold Change logFC -1.86 - PMID 21177495.",224,224,source workbook coordinate,P25441,MATCH,102.0,102.0,0.0,0.509711998633551,True,False,False,include: sequence-validated raw-screen strain,True
PBY831,RPC53,YDL150W,RPC53 S182,182.0,S,A,True,False,True,point mutation to alanine,5 peptide occurrences in PMID 17330950|PMID 19684113: Up-regulated by rapamycin.,182,182,source workbook coordinate,P25441,MATCH,102.0,102.0,31.0,1.33739928596457e-17,True,False,False,include: sequence-validated raw-screen strain,True
PBY832,RPC53,YDL150W,RPC53 S178,178.0,S,A,True,False,True,point mutation to alanine,"4 peptide occurrences in PMID 17330950|PMID 19823750: 5,20 min 0.4M NaCl ratio (log2); -1.254,-3.527|PMID 19823750: best predicted motif = GSK3|PMID 19684113: Up-regulated by rapamycin.",178,178,source workbook coordinate,P25441,MATCH,102.0,102.0,0.0,0.717701447242188,True,False,False,include: sequence-validated raw-screen strain,True
PBY834,RPC53,YDL150W,RPC53 S138,138.0,S,A,True,False,True,point mutation to alanine,"PMID 19823750: 5,20 min 0.4M NaCl ratio (log2); -0.01,0.262|PMID 19823750: best predicted motif = CK2.",138,138,source workbook coordinate,P25441,MATCH,102.0,102.0,0.0,0.096146785978519,True,False,False,include: sequence-validated raw-screen strain,True
PBY836,RPC53,YDL150W,RPC53 T130,130.0,T,A,True,False,True,point mutation to alanine,"PMID 21126336: Predicted protein kinase = CKA2, accumulates in nat3 cells.",130,130,source workbook coordinate,P25441,MATCH,102.0,102.0,0.0,0.236093577687394,True,False,False,include: sequence-validated raw-screen strain,True
PBY838,RPC53,YDL150W,RPC53 S119,119.0,S,A,True,False,True,point mutation to alanine,"PMID 19823750: 5,20 min 0.4M NaCl ratio (log2); -0.393,0.054|PMID 19823750: best predicted motif = CK1.",119,119,source workbook coordinate,P25441,MATCH,102.0,102.0,0.0,0.247509386338965,True,False,False,include: sequence-validated raw-screen strain,True
PBY839,RPC53,YDL150W,RPC53 S27,27.0,S,A,True,False,True,point mutation to alanine,,27,27,source workbook coordinate,P25441,MATCH,102.0,102.0,0.0,0.153178067135897,True,False,False,include: sequence-validated raw-screen strain,True
PBY840,RPC82,YPR190C,RPC82 Y494,494.0,Y,A,True,False,True,point mutation to alanine,,494,494,source workbook coordinate,P32349,MATCH,102.0,102.0,0.0,0.510848591637485,True,False,False,include: sequence-validated raw-screen strain,True
PBY842,RPC82,YPR190C,RPC82 Y492,492.0,Y,A,True,False,True,point mutation to alanine,,492,492,source workbook coordinate,P32349,MATCH,102.0,102.0,0.0,0.627334278267794,True,False,False,include: sequence-validated raw-screen strain,True
PBY844,RPC82,YPR190C,RPC82 Y106,106.0,Y,A,True,False,True,point mutation to alanine,,106,106,source workbook coordinate,P32349,MATCH,102.0,102.0,11.0,6.25398608459726e-06,True,False,False,include: sequence-validated raw-screen strain,True
PBY845,RPO21,YDL140C,RPO21 T1471,1471.0,T,A,True,False,True,point mutation to alanine,,1471,1471,source workbook coordinate,P04050,MATCH,102.0,102.0,0.0,0.110091863125234,True,False,False,include: sequence-validated raw-screen strain,True
PBY847,RPO21,YDL140C,RPO21 T1460,1460.0,T,A,True,False,True,point mutation to alanine,,1460,1460,source workbook coordinate,P04050,MATCH,102.0,102.0,0.0,0.471414250067525,True,False,False,include: sequence-validated raw-screen strain,True
PBY848,SNX3,YOR357C,SNX3 S83,83.0,S,A,True,False,True,point mutation to alanine,,83,83,source workbook coordinate,Q08826,MATCH,,,,,False,False,False,exclude: no raw screening profile,False
PBY850,MSL5,YLR116W,MSL5 Y100,100.0,Y,A,True,False,True,point mutation to alanine,Deletion of protein Kinase YBR274W/CHK1 causes Fold Change logFC 1.807 - PMID 21177495|Deletion of protein Kinase YLL019C/KNS1 causes Fold Change logFC -1.855 - PMID 21177495.,100,100,source workbook coordinate,Q12186,MATCH,102.0,102.0,2.0,0.0214962252422644,True,False,False,include: sequence-validated raw-screen strain,True
PBY852,PRM15,YMR278W,PRM15 S158,158.0,S,A,True,False,True,point mutation to alanine,"1 peptide occurrence in PMID 17330950|PMID 19823750: 5,20 min 0.4M NaCl ratio (log2); -0.051,0.207.",158,158,source workbook coordinate,Q03262,MATCH,102.0,102.0,1.0,0.0187928028333063,True,False,False,include: sequence-validated raw-screen strain,True
PBY853,PUP2,YGR253C,PUP2 S16,16.0,S,A,True,False,True,point mutation to alanine,Deletion of protein Phosphatase YNL099C/OCA1 causes Fold Change logFC -1.586 - PMID 21177495.,16,16,source workbook coordinate,P32379,MATCH,102.0,102.0,0.0,0.0949311161426169,True,False,False,include: sequence-validated raw-screen strain,True
PBY854,DBP5,YOR046C,DBP5 S86,86.0,S,A,True,False,True,point mutation to alanine,"1 peptide occurrence in PMID 17330950|PMID 21126336: Predicted protein kinase = PHO85, accumulates in nat3 cells.",86,86,source workbook coordinate,P20449,MATCH,102.0,102.0,0.0,0.618809250739345,True,False,False,include: sequence-validated raw-screen strain,True
PBY855,RCK2,YLR248W,RCK2 T516,516.0,T,A,True,False,True,point mutation to alanine,2 peptide occurrences in PMID 17330950.,516,516,source workbook coordinate,P38623,MISMATCH:S,102.0,102.0,0.0,0.161488261623078,True,False,False,exclude: mismatch:s at resolved coordinate,False
PBY856,STE20,YHL007C,STE20 T547,547.0,T,A,True,False,True,point mutation to alanine,"Mutation of this residue did not produce a detectable phenotype; 6 peptide occurrences in PMID 17330950|Possible PKA site PMID 19795423|AKT PMID 19823750: 5,20 min 0.4M NaCl ratio (log2); -0.1,-0.267|PMID 19823750: best predicted motif = CK1|Deletion of protein Phosphatase YLL010C/PSR1 causes Fold Change logFC 2.216 - PMID 21177495|Deletion of protein Phosphatase YDL134C/PPH21 causes Fold Change logFC 2.114 - PMID 21177495|Deletion of protein Kinase YIL035C/CKA1 causes Fold Change logFC 2.344 - PMID 21177495|Deletion of protein Kinase YIL042C/PKP1 causes Fold Change logFC 1.523 - PMID 21177495|Deletion of protein Kinase YIL095W/PRK1 causes Fold Change logFC 2.15 - PMID 21177495|Deletion of protein Kinase YOL045W/PSK2 causes Fold Change logFC 2.405 - PMID 21177495|Deletion of protein Kinase YOR061W/CKA2 causes Fold Change logFC 2.162 - PMID 21177495.",547,547,source workbook coordinate,Q03497,MISMATCH:S,102.0,102.0,0.0,0.12044900436779,True,False,False,exclude: mismatch:s at resolved coordinate,False
PBY857,TDH3,YGR192C,TDH3 T151,151.0,T,A,True,False,True,point mutation to alanine,,151,151,source workbook coordinate,P00359,MATCH,102.0,102.0,1.0,3.25929658388168e-12,True,False,False,include: sequence-validated raw-screen strain,True
PBY858,RPS14A,YCR031C,RPS14A T120,119.0,T,A,True,False,True,point mutation to alanine,PMID 21126336: Predicted protein kinase = CDC28,119,119,source workbook coordinate,P06367,MATCH,102.0,102.0,7.0,5.62110742060757e-07,True,False,False,include: sequence-validated raw-screen strain,True
PBY860,TDH3,YGR192C,TDH3 S149,149.0,S,A,True,False,True,point mutation to alanine,"PMID 19823750: 5,20 min 0.4M NaCl ratio (log2); -0.121,0.021|PMID 19823750: best predicted motif = CK1.",149,149,source workbook coordinate,P00359,MATCH,102.0,102.0,1.0,0.000208853392548523,True,False,False,include: sequence-validated raw-screen strain,True
PBY861,STE11,YLR362W,STE11 T231,231.0,T,A,True,False,True,point mutation to alanine,PMID 21126336: Predicted protein kinase = SNF1,231,231,source workbook coordinate,P23561,MATCH,102.0,102.0,0.0,0.29152882155617,True,False,False,include: sequence-validated raw-screen strain,True
PBY863,STE11,YLR362W,STE11 S387,387.0,S,A,True,False,True,point mutation to alanine,,387,387,source workbook coordinate,P23561,MATCH,102.0,102.0,0.0,0.498003361577705,True,False,False,include: sequence-validated raw-screen strain,True
PBY864,CHD1,YER164W,CHD1 T1232,1232.0,T,A,True,False,True,point mutation to alanine,,1232,1232,source workbook coordinate,P32657,MATCH,102.0,102.0,5.0,0.00192676021324448,True,False,True,exclude: Supplementary Data 8 scar-control correlation,False
PBY866,RPA34,YJL148W,RPA34 S151,151.0,S,A,True,False,True,point mutation to alanine,,151,151,source workbook coordinate,P47006,MATCH,102.0,102.0,1.0,8.94837339800323e-06,True,False,False,include: sequence-validated raw-screen strain,True
PBY868,RPA34,YJL148W,RPA34 S60,60.0,S,A,True,False,True,point mutation to alanine,,60,60,source workbook coordinate,P47006,MATCH,102.0,102.0,0.0,0.654962390940278,True,False,False,include: sequence-validated raw-screen strain,True
PBY870,RPA34,YJL148W,RPA34 S14,14.0,S,A,True,False,True,point mutation to alanine,"1 peptide occurrence in PMID 17330950|Possible site for GSK3 PMID 19795423|PMID 19823750: 5,20 min 0.4M NaCl ratio (log2); 0.31,0.36|PMID 19823750: best predicted motif = CK2.",14,14,source workbook coordinate,P47006,MATCH,102.0,102.0,0.0,0.428588443854091,True,False,False,include: sequence-validated raw-screen strain,True
PBY871,RPA43,YOR340C,RPA43 S244,244.0,S,A,True,False,True,point mutation to alanine,,244,244,source workbook coordinate,P46669,MATCH,102.0,102.0,1.0,0.0242061648761209,True,False,False,include: sequence-validated raw-screen strain,True
PBY873,RPA43,YOR340C,RPA43 S220,220.0,S,A,True,False,True,point mutation to alanine,1 peptide occurrence in PMID 17330950.,220,220,source workbook coordinate,P46669,MATCH,,,,,False,False,False,exclude: no raw screening profile,False
PBY874,RPA43,YOR340C,RPA43 Y260,260.0,Y,A,True,False,True,point mutation to alanine,,260,260,source workbook coordinate,P46669,MATCH,102.0,102.0,1.0,0.0150786810957485,True,True,False,exclude: Supplementary Data 8 WGS quality flag,False
PBY876,RPA49,YNL248C,RPA49 S151,151.0,S,A,True,False,True,point mutation to alanine,,151,151,source workbook coordinate,Q01080,MATCH,102.0,102.0,22.0,2.79330843547001e-12,True,False,False,include: sequence-validated raw-screen strain,True
PBY879,RPC53,YDL150W,RPC53 S234,234.0,S,A,True,False,True,point mutation to alanine,"Possible site for Rad53, PMID 19795423|PMID 19823750: 5,20 min 0.4M NaCl ratio (log2); -0.344,0.792|Deletion of protein Kinase YDL108W/KIN28 causes Fold Change logFC -1.775 - PMID 21177495|Deletion of protein Kinase YLL019C/KNS1 causes Fold Change logFC -1.906 - PMID 21177495|Deletion of protein Kinase YPL031C/PHO85 causes Fold Change logFC -1.86 - PMID 21177495.",234,234,source workbook coordinate,P25441,MATCH,102.0,102.0,0.0,0.0700582490166043,True,False,False,include: sequence-validated raw-screen strain,True
PBY881,RPC53,YDL150W,RPC53 S181,181.0,S,A,True,False,True,point mutation to alanine,PMID 19684113: Up-regulated by rapamycin.,181,181,source workbook coordinate,P25441,MATCH,102.0,102.0,0.0,0.298585361274788,True,False,False,include: sequence-validated raw-screen strain,True
PBY882,PDA1,YER178W,PDA1 S313,313.0,S,A,True,False,True,point mutation to alanine,"13 peptide occurrences in PMID 17330950|PMID 19684113: Up-regulated by cycloheximide|PMID 21126336: Predicted protein kinase = CKA2, accumulates in nat3 cells|Deletion of protein Kinase YIL042C/PKP1 causes Decreased logFC -10.47 - PMID 21177495|Deletion of protein Kinase YBR274W/CHK1 causes Fold Change logFC -2.571 - PMID 21177495|Deletion of protein Phosphatase YBR276C/PPS1 causes Fold Change logFC -2.594 - PMID 21177495|Deletion of protein Phosphatase YDL230W/PTP1 causes Fold Change logFC -3.728 - PMID 21177495|Deletion of protein Phosphatase YGR203W/YCH1 causes Fold Change logFC -3.435 - PMID 21177495|Deletion of protein Kinase YGR262C/BUD32 causes Fold Change logFC -3.551 - PMID 21177495|Deletion of protein Kinase YJL106W/IME2 causes Fold Change logFC -1.7 - PMID 21177495|Deletion of protein Kinase YJR066W/TOR1 causes Fold Change logFC -1.733 - PMID 21177495|Deletion of protein Kinase YKL139W/CTK1 causes Fold Change logFC -1.77 - PMID 21177495|Deletion of protein Phosphatase YNL099C/OCA1 causes Fold Change logFC -2.978 - PMID 21177495|Deletion of protein Kinase YNL298W/CLA4 causes Fold Change logFC -2.551 - PMID 21177495|Deletion of protein Phosphatase YNR032W/PPG1 causes Fold Change logFC -2.092 - PMID 21177495|Deletion of protein Kinase YOL045W/PSK2 causes Fold Change logFC -2.79 - PMID 21177495|Deletion of protein Kinase YOL100W/PKH2 causes Fold Change logFC -3.917 - PMID 21177495|Deletion of protein Kinase YOR061W/CKA2 causes Fold Change logFC -1.544 - PMID 21177495|Deletion of protein Kinase YPL026C/SKS1 causes Fold Change logFC -4.292 - PMID 21177495.",313,313,source workbook coordinate,P16387,MATCH,102.0,102.0,0.0,0.251946748243047,True,False,False,include: sequence-validated raw-screen strain,True
PBY884,POR2,YIL114C,POR2 S103,103.0,S,A,True,False,True,point mutation to alanine,,103,103,source workbook coordinate,P40478,MISMATCH:T,102.0,102.0,0.0,0.232400606955275,True,False,False,exclude: mismatch:t at resolved coordinate,False
PBY886,PDA1,YER178W,PDA1 S315,315.0,S,A,True,False,True,point mutation to alanine,,315,315,source workbook coordinate,P16387,MATCH,102.0,102.0,2.0,0.0132339509352649,True,False,False,include: sequence-validated raw-screen strain,True
PBY890,GLO3,YER122C,GLO3 S390,389.0,S,A,True,False,True,point mutation to alanine,"Possible site for Rad53, PMID 19795423|PMID 19823750: 5,20 min 0.4M NaCl ratio (log2); -1.949,-0.353|PMID 21126336: Predicted protein kinase = CKA2, accumulates in nat3 cells|Deletion of protein Kinase YKL139W/CTK1 causes Fold Change logFC 1.819 - PMID 21177495|Deletion of protein Kinase YPL042C/SSN3 causes Fold Change logFC 1.871 - PMID 21177495.",389,389,source workbook coordinate,P38682,MATCH,102.0,102.0,0.0,0.370175879814332,True,False,False,include: sequence-validated raw-screen strain,True
PBY894,ARP8,YOR141C,ARP8 T235,235.0,T,A,True,False,True,point mutation to alanine,,235,235,source workbook coordinate,Q12386,MATCH,102.0,102.0,0.0,0.412129837488248,True,False,False,include: sequence-validated raw-screen strain,True
PBY895,STE11,YLR362W,STE11 S323,323.0,S,A,True,False,True,point mutation to alanine,3 peptide occurrences in PMID 17330950.,323,323,source workbook coordinate,P23561,MATCH,102.0,102.0,1.0,0.001442832588468,True,False,False,include: sequence-validated raw-screen strain,True
PBY896,STE11,YLR362W,STE11 S616,616.0,S,A,True,False,True,point mutation to alanine,,616,616,source workbook coordinate,P23561,MATCH,96.0,96.0,7.0,0.000762694752273656,True,False,False,include: sequence-validated raw-screen strain,True
PBY897,ENO1,YGR254W,ENO1 Y290,290.0,Y,A,True,False,True,point mutation to alanine,,290,290,source workbook coordinate,P00924,MATCH,102.0,102.0,0.0,0.353682760523496,True,False,False,include: sequence-validated raw-screen strain,True
PBY899,YPK1,YKL126W,YPK1 T508,508.0,T,A,True,False,True,point mutation to alanine,1 peptide occurrence in PMID 17330950.,508,508,source workbook coordinate,P12688,MATCH,102.0,102.0,25.0,4.81978753275192e-27,True,False,False,include: sequence-validated raw-screen strain,True
