Strain ID,Gene name,Systematic name,Strain name,pmt_position,pmt_aa_wt,pmt_aa_mutant,is_point_mutant,is_gene_control,inScreening,notes,Phosphogrid_notes,source_pos,pos,position_resolution,acc,check,raw_profile_rows,raw_conditions,raw_n_q05,raw_min_q,raw_profile_available,wgs_quality_flag,scar_control_correlation_flag,cohort_disposition,eligible_raw_cohort,refpby,cor_estimate,cor_pvalue,cor_fdr,label,isPhosphogrid,age_w0_group,is_disopred,disopred_score_inv,domain_uniprot,pgrid_pubmed_count,quant_top1,ptmfunc_counts,PWM_nkinTop01,sift_ala_score_inv,group,supp6_phenotypes,supp6_extremePheno,phenotypes,extremePheno,has_pheno,in_supplementary_data_6,has_annot,is_itself_annot
PBY7,MSN2,YMR037C,MSN2 S633 ,633.0,S,A,True,False,True,point mutation to alanine,,633,633,source workbook coordinate,P33748,MATCH,102.0,102.0,0.0,0.558268438061811,True,False,False,include: sequence-validated raw-screen strain,True,PBY7,-0.3529526221148,0.000294354746766991,0.00244069144194297,MSN2 S633A,False,Y2,1.0,-0.95,,1.0,2.0,17.0,1.0,-0.683287474053414,unknown,0.0,0.558268438061811,0.0,0.558268438061811,False,True,False,False
PBY9,MSN2,YMR037C,MSN2 S201 ,201.0,S,A,True,False,True,point mutation to alanine,"PMID 19823750: 5,20 min 0.4M NaCl ratio (log2); 2.167,3.015|PMID 19823750: best predicted motif = AURORA-A.",201,201,source workbook coordinate,P33748,MATCH,102.0,102.0,0.0,0.283986669115883,True,False,False,include: sequence-validated raw-screen strain,True,PBY9,-0.179882218764437,0.0718598827426737,0.200001631689399,MSN2 S201A,False,Y2,1.0,-0.94,,2.0,0.0,1.0,1.0,-0.703180381787074,unchanged,0.0,0.283986669115883,0.0,0.283986669115883,False,True,False,False
PBY11,MSN2,YMR037C,MSN2 S451 ,451.0,S,A,True,False,True,point mutation to alanine,,451,451,source workbook coordinate,P33748,MATCH,102.0,102.0,0.0,0.105541607145151,True,False,False,include: sequence-validated raw-screen strain,True,PBY11,-0.258406574016025,0.00907804366358469,0.0415294411276633,MSN2 S451A,False,Y2,1.0,-0.97,,3.0,0.0,6.0,0.0,-0.338442834652054,unknown,0.0,0.105541607145151,0.0,0.105541607145151,False,True,False,False
PBY38,INP53,YOR109W,INP53 S975 ,975.0,S,A,True,False,True,point mutation to alanine,,975,975,source workbook coordinate,Q12271,MATCH,102.0,102.0,1.0,0.0289848037097265,True,False,False,include: sequence-validated raw-screen strain,True,PBY38,0.56809397897617,7.06996329899747e-10,1.56324744055611e-08,INP53 S975A,False,Y2,1.0,-0.99,,3.0,3.0,1.0,1.0,-0.305590470343841,losses,1.0,0.0289848037097265,1.0,0.0289848037097265,True,True,True,False
PBY41,ZUO1,YGR285C,ZUO1 S50,50.0,S,A,True,False,True,point mutation to alanine,13 peptide occurrences in PMID 17330950|PMID 20702584: down-regulated in rapamycin treated cells|Deletion of protein Phosphatase YML057W/CMP2 causes Fold Change logFC 4.552 - PMID 21177495|Deletion of protein Phosphatase YIL113W/SDP1 causes Fold Change logFC 2.259 - PMID 21177495|Deletion of protein Phosphatase YDL047W/SIT4 causes Fold Change logFC -1.99 - PMID 21177495|Deletion of protein Phosphatase YLR019W/PSR2 causes Fold Change logFC 2.642 - PMID 21177495|Deletion of protein Phosphatase YLR433C/CNA1 causes Fold Change logFC 2.761 - PMID 21177495|Deletion of protein Kinase YKL198C/PTK1 causes Fold Change logFC -3.816 - PMID 21177495|Deletion of protein Kinase YAL017W/PSK1 causes Fold Change logFC 4.112 - PMID 21177495|Deletion of protein Kinase YAR019C/CDC15 causes Fold Change logFC 3.209 - PMID 21177495|Deletion of protein Kinase YBR097W/VPS15 causes Fold Change logFC 2.116 - PMID 21177495|Deletion of protein Kinase YIL042C/PKP1 causes Fold Change logFC 3.479 - PMID 21177495|Deletion of protein Kinase YKL139W/CTK1 causes Fold Change logFC -1.584 - PMID 21177495|Deletion of protein Kinase YKL161C/KDX1 causes Fold Change logFC 1.542 - PMID 21177495|Deletion of protein Kinase YLR096W/KIN2 causes Fold Change logFC 4.641 - PMID 21177495|Deletion of protein Kinase YLR240W/VPS34 causes Fold Change logFC 3.313 - PMID 21177495|Deletion of protein Kinase YOL045W/PSK2 causes Fold Change logFC 2.313 - PMID 21177495|Deletion of protein Kinase YOL128C/YGK3 causes Fold Change logFC 2.603 - PMID 21177495|Deletion of protein Kinase YOR231W/MKK1 causes Fold Change logFC 1.687 - PMID 21177495|Deletion of protein Kinase YPL026C/SKS1 causes Fold Change logFC 3.141 - PMID 21177495|Deletion of protein Kinase YPL042C/SSN3 causes Fold Change logFC -1.86 - PMID 21177495|Deletion of protein Kinase YPL203W/TPK2 causes Appears logFC 7.336 - PMID 21177495|Deletion of protein Kinase YPR106W/ISR1 causes Fold Change logFC 1.707 - PMID 21177495.,50,50,source workbook coordinate,P32527,MATCH,102.0,102.0,0.0,0.480025050194131,True,False,False,include: sequence-validated raw-screen strain,True,PBY41,0.0878320772040256,0.384869509701176,0.596023598681198,ZUO1 S50A,False,Y0,1.0,-0.54,,9.0,19.0,65.0,0.0,-0.0208481310816296,unchanged,0.0,0.480025050194131,0.0,0.480025050194131,False,True,False,False
PBY63,SSK2,YNR031C,SSK2 S1424,1424.0,S,A,True,False,True,point mutation to alanine,,1424,1424,source workbook coordinate,P53599,MATCH,102.0,102.0,1.0,0.000705135093134129,True,False,False,include: sequence-validated raw-screen strain,True,PBY63,0.206272287439914,0.0384973903135986,0.124568791421238,SSK2 S1424A,False,S1,1.0,-0.89,Protein kinase,1.0,,4.0,1.0,-0.873548692410337,unknown,1.0,0.000705135093134129,1.0,0.000705135093134129,True,True,True,False
PBY64,SNF1,YDR477W,SNF1 S487 ,487.0,S,A,True,False,True,point mutation to alanine,"PMID 21126336: Predicted protein kinase = CDC28, accumulates in nat3 cells.",487,487,source workbook coordinate,P06782,MATCH,102.0,102.0,2.0,0.00249609036819816,True,False,False,include: sequence-validated raw-screen strain,True,,,,,,,,,,,,,,,,,,,2.0,0.00249609036819816,True,False,True,False
PBY66,FMP42,YMR221C,YMR221C S249,249.0,S,A,True,False,True,point mutation to alanine,3 peptide occurrences in PMID 17330950.,249,249,source workbook coordinate,Q04991,MATCH,102.0,102.0,0.0,0.185354535953066,True,False,False,include: sequence-validated raw-screen strain,True,PBY66,-0.150419524365806,0.133242408091157,0.297924036068991,FMP42 S249A,False,S1,1.0,-0.94,,3.0,1.0,14.0,0.0,-0.0760550814209573,unchanged,1.0,0.0926777713105389,0.0,0.185354535953066,False,True,False,False
PBY69,MRC1,YCL061C,MRC1 S807 ,807.0,S,A,True,False,True,point mutation to alanine,,807,807,source workbook coordinate,P25588,MATCH,102.0,102.0,0.0,0.296155291181675,True,False,False,include: sequence-validated raw-screen strain,True,PBY69,0.0172126027755251,0.863666319956684,0.925348147442878,MRC1 S807A,False,Y1,1.0,-0.99,,1.0,,11.0,0.0,-0.0672396656529314,unchanged,0.0,0.296155291181675,0.0,0.296155291181675,False,True,False,False
PBY71,UBP1,YDL122W,UBP1 S531,531.0,S,A,True,False,True,point mutation to alanine,"5 peptide occurrences in PMID 17330950|PMID 19823750: 5,20 min 0.4M NaCl ratio (log2); -0.022,-0.226|PMID 19823750: best predicted motif = CK2|PMID 21126336: Predicted protein kinase = CKA2|Deletion of protein Kinase YIL035C/CKA1 causes Decreased logFC -7.038 - PMID 21177495|Deletion of protein Kinase YDL025C/RTK1 causes Fold Change logFC -2.047 - PMID 21177495|Deletion of protein Phosphatase YDL134C/PPH21 causes Fold Change logFC -1.516 - PMID 21177495|Deletion of protein Phosphatase YIR026C/YVH1 causes Fold Change logFC -1.609 - PMID 21177495|Deletion of protein Kinase YKL198C/PTK1 causes Fold Change logFC 3.087 - PMID 21177495.",531,531,source workbook coordinate,P25037,MATCH,102.0,102.0,0.0,0.0690440746331977,True,False,False,include: sequence-validated raw-screen strain,True,PBY71,0.167374749126423,0.0943309000717868,0.231751223633155,UBP1 S531A,False,Y1,1.0,-0.97,,9.0,6.0,41.0,0.0,-0.0862439990357343,unchanged,0.0,0.0690440746331977,0.0,0.0690440746331977,False,True,True,False
PBY72,MYO5,YMR109W,MYO5 S1205,1205.0,S,A,True,False,True,point mutation to alanine,1 peptide occurrence in PMID 17330950|PMID 19823750: best predicted motif = CAMK2.,1205,1205,source workbook coordinate,Q04439,MATCH,102.0,102.0,1.0,0.0122689296938253,True,False,False,include: sequence-validated raw-screen strain,True,PBY72,-0.0383969416372334,0.703038592520341,0.827838342671881,MYO5 S1205A,False,Y0,1.0,-0.97,,5.0,0.0,16.0,0.0,,unknown,1.0,0.0122689296938253,1.0,0.0122689296938253,True,True,True,False
PBY73,MYO5,YMR109W,MYO5 S992 ,992.0,S,A,True,False,True,point mutation to alanine,2 peptide occurrences in PMID 17330950.,992,992,source workbook coordinate,Q04439,MATCH,102.0,102.0,1.0,0.0246798086350238,True,False,False,include: sequence-validated raw-screen strain,True,PBY73,-0.148511275162823,0.138293861125987,0.302422839165621,MYO5 S992A,False,S1,1.0,-0.97,,2.0,0.0,7.0,1.0,-0.759684928848485,unknown,1.0,0.0246798086350238,1.0,0.0246798086350238,True,True,True,False
PBY74,MCK1,YNL307C,MCK1 Y199 ,199.0,Y,A,True,False,True,point mutation to alanine,Y199 is the site of tyrosine autophosphorylation on MCK1; 10 peptide occurrences in PMID 17330950|Deletion of protein Kinase YPL141C/FRK1 causes Decreased logFC -8.043 - PMID 21177495|Deletion of protein Kinase YBR274W/CHK1 causes Fold Change logFC -2.067 - PMID 21177495|Deletion of protein Phosphatase YDL230W/PTP1 causes Fold Change logFC 1.814 - PMID 21177495|Deletion of protein Kinase YDR477W/SNF1 causes Fold Change logFC 2.64 - PMID 21177495|Deletion of protein Kinase YGL021W/ALK1 causes Fold Change logFC 1.57 - PMID 21177495|Deletion of protein Kinase YKL139W/CTK1 causes Fold Change logFC -1.718 - PMID 21177495|Deletion of protein Phosphatase YLL010C/PSR1 causes Fold Change logFC 1.985 - PMID 21177495|Deletion of protein Phosphatase YLR433C/CNA1 causes Fold Change logFC -1.916 - PMID 21177495|Deletion of protein Kinase YMR216C/SKY1 causes Appears logFC 6.254 - PMID 21177495|Deletion of protein Phosphatase YNL032W/SIW14 causes Fold Change logFC 1.905 - PMID 21177495|Deletion of protein Kinase YNL307C/MCK1 causes Decreased logFC -6.691 - PMID 21177495|Deletion of protein Kinase YNR031C/SSK2 causes Fold Change logFC -2.42 - PMID 21177495|Deletion of protein Kinase YOL113W/SKM1 causes Fold Change logFC -1.537 - PMID 21177495|Deletion of protein Kinase YOR231W/MKK1 causes Fold Change logFC 1.833 - PMID 21177495|Deletion of protein Kinase YOR233W/KIN4 causes Fold Change logFC -1.523 - PMID 21177495|Deletion of protein Kinase YPL026C/SKS1 causes Fold Change logFC 1.779 - PMID 21177495|Deletion of protein Kinase YPL203W/TPK2 causes Fold Change logFC 1.759 - PMID 21177495.,199,199,source workbook coordinate,P21965,MATCH,102.0,102.0,22.0,7.22038810967585e-23,True,False,False,include: sequence-validated raw-screen strain,True,PBY74,0.700680006126283,2.44873196456342e-16,1.39227903128034e-14,MCK1 Y199A,False,Y1,0.0,-0.15,Protein kinase,7.0,14.0,32.0,2.0,0.0,losses,22.0,7.22038810967585e-23,22.0,7.22038810967585e-23,True,True,True,False
PBY76,TIP41,YPR040W,TIP41 T55,55.0,T,A,True,False,True,point mutation to alanine,,55,55,source workbook coordinate,Q12199,MATCH,102.0,102.0,0.0,0.205576117822537,True,False,False,include: sequence-validated raw-screen strain,True,PBY76,-0.159555581301134,0.110984701642297,0.261335280612439,TIP41 T55A,False,S1,1.0,-0.98,,2.0,0.0,6.0,0.0,-0.803315718510286,unchanged,0.0,0.205576117822537,0.0,0.205576117822537,False,True,False,False
PBY77,RIM15,YFL033C,RIM15 S1764  ,1764.0,S,A,True,False,True,point mutation to alanine,1 peptide occurrence in PMID 17330950.,1764,1764,source workbook coordinate,P43565,MATCH,102.0,102.0,16.0,6.23349012109029e-65,True,False,False,include: sequence-validated raw-screen strain,True,PBY77,0.756479916298275,3.78292876490815e-20,3.76401412108361e-18,RIM15 S1764A,False,Y1,1.0,-0.98,,2.0,0.0,5.0,2.0,0.0,losses,8.0,4.18787499584268e-11,16.0,6.23349012109029e-65,True,True,True,False
PBY78,RIM15,YFL033C,RIM15 S1764A ,1764.0,S,A,True,False,True,point mutation to alanine,1 peptide occurrence in PMID 17330950.,1764,1764,source workbook coordinate,P43565,MATCH,102.0,102.0,0.0,0.386029213030839,True,False,False,include: sequence-validated raw-screen strain,True,PBY78,-0.214851730679495,0.030117225904585,0.104231790521955,RIM15 S1764A,False,Y1,1.0,-0.98,,2.0,0.0,5.0,2.0,0.0,unchanged,8.0,4.18787499584268e-11,0.0,0.386029213030839,False,True,True,False
PBY79,RIM15,YFL033C,RIM15 S1764A ,1764.0,S,A,True,False,True,point mutation to alanine,1 peptide occurrence in PMID 17330950.,1764,1764,source workbook coordinate,P43565,MATCH,102.0,102.0,8.0,4.18787499584268e-11,True,False,False,include: sequence-validated raw-screen strain,True,PBY79,0.574376445178553,2.75490733534836e-10,6.85283199667906e-09,RIM15 S1764A,False,Y1,1.0,-0.98,,2.0,0.0,5.0,2.0,0.0,losses,8.0,4.18787499584268e-11,8.0,4.18787499584268e-11,True,True,True,False
PBY82,MRK1,YDL079C,MRK1 Y324A,324.0,Y,A,True,False,True,point mutation to alanine,,324,324,source workbook coordinate,P50873,MATCH,102.0,102.0,1.0,0.017174181886473,True,False,False,include: sequence-validated raw-screen strain,True,PBY82,0.114544682756116,0.254040703028168,0.448489550134556,MRK1 Y324A,False,S1,0.0,-0.17,Protein kinase,,,1.0,6.0,-0.00127833319172258,unknown,1.0,0.017174181886473,1.0,0.017174181886473,True,True,True,False
PBY86,CTR9,YOL145C,CTR9 S1017A,1017.0,S,A,True,False,True,point mutation to alanine,"12 peptide occurrences in PMID 17330950|Possible site for Aurora Kinase/ Ipl1, PMID 19795423|PMID 19823750: 5,20 min 0.4M NaCl ratio (log2); -0.326,-1.157|PMID 19823750: best predicted motif = NEK6|Deletion of protein Kinase YBR160W/CDC28 causes Fold Change logFC -2.34 - PMID 21177495|Deletion of protein Kinase YDR477W/SNF1 causes Fold Change logFC -1.539 - PMID 21177495|Deletion of protein Kinase YGL059W/PKP2 causes Fold Change logFC -1.588 - PMID 21177495.",1017,1017,source workbook coordinate,P89105,MATCH,102.0,102.0,0.0,0.659972918057668,True,False,False,include: sequence-validated raw-screen strain,True,PBY86,-0.0885425893132537,0.376180884215443,0.588278069794392,CTR9 S1017A,False,Y0,1.0,-0.99,,10.0,1.0,19.0,0.0,-0.748771267635104,unchanged,0.0,0.659972918057668,0.0,0.659972918057668,False,True,False,False
PBY89,RIM15,YFL033C,RIM15 S1525A,1525.0,S,A,True,False,True,point mutation to alanine,,1525,1525,source workbook coordinate,P43565,MATCH,102.0,102.0,7.0,0.00161105573298028,True,False,False,include: sequence-validated raw-screen strain,True,PBY89,0.280484331950213,0.00429835386748313,0.0222174654449128,RIM15 S1525A,False,Y1,1.0,-0.99,,,,,1.0,0.0,gains,7.0,0.00161105573298028,7.0,0.00161105573298028,True,True,True,False
PBY91,MRK1,YDL079C,MRK1 S98A,98.0,S,A,True,False,True,point mutation to alanine,,98,98,source workbook coordinate,P50873,MATCH,102.0,102.0,0.0,0.0800296625385515,True,False,False,include: sequence-validated raw-screen strain,True,PBY91,0.499612960346052,1.04451201833524e-07,1.6628631331897e-06,MRK1 S98A,False,,1.0,-0.95,,1.0,,,14.0,-0.75508908113515,unknown,0.0,0.0800296625385515,0.0,0.0800296625385515,False,True,True,False
PBY92,SCH9,YHR205W,SCH9 T568A ,568.0,T,A,True,False,True,point mutation to alanine,,568,568,source workbook coordinate,P11792,MATCH,102.0,102.0,6.0,1.68463095935613e-05,True,False,False,include: sequence-validated raw-screen strain,True,PBY92,-0.00280620048845839,0.977668536657893,0.987594105557973,SCH9 T568A,False,Y2,0.0,-0.26,Protein kinase,4.0,0.0,2.0,0.0,0.0,unknown,6.0,1.68463095935613e-05,6.0,1.68463095935613e-05,True,True,True,False
PBY93,SNF1,YDR477W,SNF1 S211  ,211.0,S,A,True,False,True,point mutation to alanine,,211,211,source workbook coordinate,P06782,MATCH,102.0,102.0,2.0,0.0111592253595698,True,False,False,include: sequence-validated raw-screen strain,True,PBY93,0.118953220853857,0.233733836608546,0.422845758955461,SNF1 S211A,False,S1,0.0,-0.29,Protein kinase,2.0,,2.0,0.0,0.0,unknown,2.0,0.0111592253595698,2.0,0.0111592253595698,True,True,True,False
PBY94,SNF1,YDR477W,SNF1 Y217  ,217.0,Y,A,True,False,True,point mutation to alanine,,217,217,source workbook coordinate,P06782,MATCH,102.0,102.0,26.0,6.85401848990996e-11,True,False,False,include: sequence-validated raw-screen strain,True,,,,,,,,,,,,,,,,,,,26.0,6.85401848990996e-11,True,False,True,False
PBY95,TIP41,YPR040W,TIP41A S169,169.0,S,A,True,False,True,point mutation to alanine,PMID 21126336: Predicted protein kinase = SNF1,169,169,source workbook coordinate,Q12199,MATCH,102.0,102.0,0.0,0.69383440056969,True,False,False,include: sequence-validated raw-screen strain,True,PBY95,-0.0838526559710577,0.404456291993032,0.616757104265236,TIP41 S169A,False,,0.0,-0.03,,1.0,,,0.0,-0.818736138103915,unchanged,0.0,0.69383440056969,0.0,0.69383440056969,False,True,False,False
PBY97,CTR9,YOL145C,CTR9 S1046,1046.0,S,A,True,False,True,point mutation to alanine,"PMID 19823750: 5,20 min 0.4M NaCl ratio (log2); -0.076,-0.014|PMID 19823750: best predicted motif = CK2.",1046,1046,source workbook coordinate,P89105,MATCH,102.0,102.0,0.0,0.291370745348228,True,False,False,include: sequence-validated raw-screen strain,True,PBY97,-0.0561653701668014,0.575005948840018,0.743187238213098,CTR9 S1046A,False,Y0,1.0,-0.99,,2.0,,3.0,1.0,0.0,unchanged,0.0,0.291370745348228,0.0,0.291370745348228,False,True,False,False
PBY99,MCK1,YNL307C,MCK1 S198  ,198.0,S,A,True,False,True,point mutation to alanine,2 peptide occurrences in PMID 17330950|Deletion of protein Phosphatase YLL010C/PSR1 causes Fold Change logFC 1.985 - PMID 21177495.,198,198,source workbook coordinate,P21965,MATCH,102.0,102.0,0.0,0.432562656601002,True,False,False,include: sequence-validated raw-screen strain,True,PBY99,-0.179780473148873,0.0705943403856159,0.197863010376585,MCK1 S198A,False,S1,0.0,-0.18,Protein kinase,7.0,0.0,7.0,0.0,-0.247862721202405,unchanged,0.0,0.432562656601002,0.0,0.432562656601002,False,True,True,False
PBY100,NUP2,YLR335W,NUP2 S523  ,523.0,S,A,True,False,True,point mutation to alanine,"Mec1/ Tel1/ Rad53 dependent in PMID 17563356|Induced by MMS treatment, Rad53-dependent.",523,523,source workbook coordinate,P32499,MATCH,102.0,102.0,0.0,0.383995706967098,True,False,False,include: sequence-validated raw-screen strain,True,PBY100,0.118128711367548,0.24178412056464,0.43346882876003,NUP2 S523A,False,S1,1.0,-0.98,,1.0,,1.0,3.0,-0.367347493941604,unchanged,0.0,0.383995706967098,0.0,0.383995706967098,False,True,False,False
PBY101,UBP1,YDL122W,UBP1 S638,638.0,S,A,True,False,True,point mutation to alanine,"6 peptide occurrences in PMID 17330950|PMID 19823750: 5,20 min 0.4M NaCl ratio (log2); -0.168,0.103|PMID 19823750: best predicted motif = CK2.",638,638,source workbook coordinate,P25037,MATCH,102.0,102.0,0.0,0.35819814754455,True,False,False,include: sequence-validated raw-screen strain,True,PBY101,0.329996147279772,0.000751506413337332,0.00553888060200478,UBP1 S638A,False,S1,1.0,-0.72,,5.0,1.0,44.0,1.0,-0.666009138451401,unknown,0.0,0.35819814754455,0.0,0.35819814754455,False,True,True,False
PBY102,MYO5,YMR109W,MYO5 T349  ,349.0,T,A,True,False,True,point mutation to alanine,,349,349,source workbook coordinate,Q04439,MATCH,102.0,102.0,4.0,0.00193173165404878,True,False,False,include: sequence-validated raw-screen strain,True,PBY102,0.593553101346016,6.09281291157065e-11,1.86533810677317e-09,MYO5 T349A,False,S1,0.0,-0.14,,,,1.0,0.0,-0.0272744187552405,losses,4.0,0.00193173165404878,4.0,0.00193173165404878,True,True,True,False
PBY103,MRK1,YDL079C,MRK1 S323  ,323.0,S,A,True,False,True,point mutation to alanine,,323,323,source workbook coordinate,P50873,MATCH,102.0,102.0,1.0,0.0117473514176257,True,False,False,include: sequence-validated raw-screen strain,True,PBY103,-0.275790442245024,0.00524620252527466,0.0267690846802476,MRK1 S323A,False,S1,0.0,-0.11,Protein kinase,,,1.0,1.0,-0.263055892818296,unknown,1.0,0.0117473514176257,1.0,0.0117473514176257,True,True,True,False
PBY105,CTR9,YOL145C,CTR9 S974,974.0,S,A,True,False,True,point mutation to alanine,,974,974,source workbook coordinate,P89105,MATCH,102.0,102.0,0.0,0.671070983165821,True,False,False,include: sequence-validated raw-screen strain,True,PBY105,-0.0528115091566084,0.598079251042963,0.753278251797916,CTR9 S974A,False,S1,1.0,-0.98,,1.0,0.0,4.0,0.0,-0.749335162570736,unchanged,0.0,0.671070983165821,0.0,0.671070983165821,False,True,False,False
PBY107,HOG1,YLR113W,HOG1 T178,178.0,T,A,True,False,True,point mutation to alanine,,178,174,resolved HOG1 T178A workbook label to T174A from source article and Supplementary Data 8,P32485,MATCH,102.0,102.0,26.0,1.99099863730778e-78,True,False,False,include: sequence-validated raw-screen strain,True,PBY107,0.683283548293045,3.48036419113321e-15,1.38518494807102e-13,HOG1 T178A,False,,,,,,,,,,losses,26.0,1.99099863730778e-78,26.0,1.99099863730778e-78,True,True,True,False
PBY108,MSN2,YMR037C,MSN2 S582  ,582.0,S,A,True,False,True,point mutation to alanine,Regulates nuclear export in response to carbon starvation.,582,582,source workbook coordinate,P33748,MATCH,102.0,102.0,0.0,0.101515839440197,True,False,False,include: sequence-validated raw-screen strain,True,PBY108,-0.308895214511163,0.00167251692061587,0.0105660592762717,MSN2 S582A,True,Y2,1.0,-0.98,,2.0,,3.0,1.0,-0.0451703924822409,unknown,0.0,0.101515839440197,0.0,0.101515839440197,False,True,False,False
PBY109,NUP2,YLR335W,NUP2 S512  ,512.0,S,A,True,False,True,point mutation to alanine,"Mec1/ Tel1/ Rad53 dependent in PMID 17563356|Induced by MMS treatment, Rad53-dependent.",512,512,source workbook coordinate,P32499,MATCH,102.0,102.0,0.0,0.346086146569381,True,False,False,include: sequence-validated raw-screen strain,True,PBY109,0.15053890745461,0.134915428055127,0.298363737387778,NUP2 S512A,False,S1,1.0,-0.97,,1.0,,1.0,0.0,-0.896424717584593,unchanged,0.0,0.346086146569381,0.0,0.346086146569381,False,True,False,False
PBY110,MYO5,YMR109W,MYO5 S777  ,777.0,S,A,True,False,True,point mutation to alanine,,777,777,source workbook coordinate,Q04439,MATCH,102.0,102.0,5.0,1.05861802103327e-05,True,False,False,include: sequence-validated raw-screen strain,True,PBY110,0.583866586086138,1.46838405483939e-10,4.17440609875769e-09,MYO5 S777A,False,Y0,0.0,-0.05,TH1,5.0,0.0,6.0,0.0,0.0,losses,5.0,1.05861802103327e-05,5.0,1.05861802103327e-05,True,True,True,False
PBY111,FMP42,YMR221C,FMP42 S269,269.0,S,A,True,False,True,point mutation to alanine,"2 peptide occurrences in PMID 17330950|PMID 19823750: 5,20 min 0.4M NaCl ratio (log2); 1.366,1.559|PMID 19823750: best predicted motif = AURORA-A.",269,269,source workbook coordinate,Q04991,MATCH,102.0,102.0,0.0,0.584242032504568,True,False,False,include: sequence-validated raw-screen strain,True,PBY111,-0.123831048843306,0.217295720475838,0.396714205272402,FMP42 S269A,False,Y1,1.0,-0.91,,6.0,0.0,33.0,0.0,-0.391068720482381,unchanged,0.0,0.584242032504568,0.0,0.584242032504568,False,True,False,False
PBY112,SCH9,YHR205W,SCH9 S290  ,290.0,S,A,True,False,True,point mutation to alanine,,290,290,source workbook coordinate,P11792,MATCH,102.0,102.0,7.0,0.00424434035992643,True,False,False,include: sequence-validated raw-screen strain,True,PBY112,-0.114194637099465,0.253105737577161,0.448489550134556,SCH9 S290A,False,Y2,1.0,-0.91,,2.0,,2.0,1.0,-0.685493320658301,gains,7.0,0.00424434035992643,7.0,0.00424434035992643,True,True,True,False
PBY115,MYO5,YMR109W,MYO5 Y359  ,359.0,Y,A,True,False,True,point mutation to alanine,15 peptide occurrences in PMID 17330950|Deletion of protein Kinase YDR477W/SNF1 causes Fold Change logFC 1.585 - PMID 21177495.,359,359,source workbook coordinate,Q04439,MATCH,102.0,102.0,2.0,0.0289786851672671,True,False,False,include: sequence-validated raw-screen strain,True,PBY115,0.438514536783975,4.50341268843294e-06,5.27164191175385e-05,MYO5 Y359A,False,Y0,0.0,-0.24,,4.0,0.0,6.0,0.0,-0.0367845016485513,unknown,2.0,0.0289786851672671,2.0,0.0289786851672671,True,True,True,False
PBY116,SSK2,YNR031C,SSK2 S78,78.0,S,A,True,False,True,point mutation to alanine,,78,78,source workbook coordinate,P53599,MATCH,102.0,102.0,7.0,2.73064691253204e-06,True,False,False,include: sequence-validated raw-screen strain,True,PBY116,0.0447362348601255,0.656883613799825,0.787803605703984,SSK2 S78A,False,Y2,1.0,-0.98,,2.0,0.0,2.0,1.0,-0.802727159007112,gains,7.0,2.73064691253204e-06,7.0,2.73064691253204e-06,True,True,True,False
PBY117,SNF1,YDR477W,SNF1 T210  ,210.0,T,A,True,False,True,point mutation to alanine,"Site of autophosphorylation (# 1468623), Phosphorylation of T210 is required for binding of SNF4 to SNF1, (#9600950)|Phosphorylated by Elm1, Sak1, or Tos3 in response to hypotonic, osmotic and alkaline pH stress|PMID 21464305 indicates this residue can also be dephosphorylated by Sit4.",210,210,source workbook coordinate,P06782,MATCH,102.0,102.0,13.0,3.36691891328256e-17,True,False,False,include: sequence-validated raw-screen strain,True,,,,,,,,,,,,,,,,,,,13.0,3.36691891328256e-17,True,False,True,False
PBY118,SCH9,YHR205W,SCH9 S726  ,726.0,S,A,True,False,True,point mutation to alanine,PMID 19684113: Down-regulated by rapamycin|Tap42-dependent PMID 20702584: down-regulated in rapamycin treated cells|Deletion of protein Kinase YKL139W/CTK1 causes Decreased logFC -6.013 - PMID 21177495|Deletion of protein Phosphatase YDL047W/SIT4 causes Fold Change logFC -1.732 - PMID 21177495|Deletion of protein Kinase YKL126W/YPK1 causes Fold Change logFC -1.616 - PMID 21177495|Deletion of protein Kinase YMR139W/RIM11 causes Fold Change logFC 1.685 - PMID 21177495|Deletion of protein Phosphatase YOR090C/PTC5 causes Fold Change logFC 2.023 - PMID 21177495|Deletion of protein Kinase YPL031C/PHO85 causes Fold Change logFC -2.262 - PMID 21177495|Deletion of protein Kinase YPL042C/SSN3 causes Fold Change logFC -1.56 - PMID 21177495.,726,726,source workbook coordinate,P11792,MATCH,102.0,102.0,5.0,0.000297938242153046,True,False,False,include: sequence-validated raw-screen strain,True,PBY118,-0.031039205323889,0.75679539202269,0.858132666737978,SCH9 S726A,True,Y1,0.0,-0.44,,10.0,6.0,32.0,4.0,-0.0125735892249853,unknown,5.0,0.000297938242153046,5.0,0.000297938242153046,True,True,True,False
PBY120,RIM15,YFL033C,RIM15 S1061 ,1061.0,S,A,True,False,True,point mutation to alanine,,1061,1061,source workbook coordinate,P43565,MATCH,102.0,102.0,0.0,0.50466603731015,True,False,False,include: sequence-validated raw-screen strain,True,PBY120,-0.133621942456877,0.180604534087377,0.357614948093413,RIM15 S1061A,False,Y1,1.0,-0.92,Protein kinase,1.0,,1.0,0.0,0.0,unchanged,0.0,0.50466603731015,0.0,0.50466603731015,False,True,True,False
PBY121,SCH9,YHR205W,SCH9 S288  ,288.0,S,A,True,False,True,point mutation to alanine,,288,288,source workbook coordinate,P11792,MATCH,102.0,102.0,1.0,0.0352451120768631,True,False,False,include: sequence-validated raw-screen strain,True,PBY121,-0.0464447388247611,0.64297872450904,0.784986295566252,SCH9 S288A,False,Y1,1.0,-0.92,,4.0,0.0,3.0,0.0,-0.777275911577126,unknown,1.0,0.0352451120768631,1.0,0.0352451120768631,True,True,True,False
PBY122,ARP8,YOR141C,ARP8 T237,237.0,T,A,True,False,True,point mutation to alanine,,237,237,source workbook coordinate,Q12386,MATCH,102.0,102.0,0.0,0.146499629764214,True,False,False,include: sequence-validated raw-screen strain,True,PBY122,0.102053918934205,0.312327959469963,0.507373583138961,ARP8 T237A,False,Y1,1.0,-0.95,,,,2.0,0.0,-0.739958183836758,unchanged,0.0,0.146499629764214,0.0,0.146499629764214,False,True,True,False
PBY123,MRC1,YCL061C,MRC1 S607  ,607.0,S,A,True,False,True,point mutation to alanine,"2 peptide occurrences in PMID 17330950|PMID 19823750: 5,20 min 0.4M NaCl ratio (log2); -2.706,-3.061|PMID 19823750: best predicted motif = CK2|PMID 19684113: Down-regulated by cycloheximide|Deletion of protein Kinase YGR262C/BUD32 causes Fold Change logFC -1.795 - PMID 21177495|Deletion of protein Phosphatase YIR026C/YVH1 causes Fold Change logFC -2.637 - PMID 21177495|Deletion of protein Kinase YLR096W/KIN2 causes Fold Change logFC 1.802 - PMID 21177495|Deletion of protein Phosphatase YNL099C/OCA1 causes Fold Change logFC -1.617 - PMID 21177495.",607,607,source workbook coordinate,P25588,MATCH,102.0,102.0,11.0,7.18600747992548e-05,True,False,False,include: sequence-validated raw-screen strain,True,PBY123,-0.00395903312336173,0.968498422184151,0.983322377625745,MRC1 S607A,False,Y1,1.0,-0.97,,9.0,2.0,24.0,0.0,-0.51750223102846,gains,11.0,7.18600747992548e-05,11.0,7.18600747992548e-05,True,True,False,False
PBY124,NAP1,YKR048C,NAP1 S27,27.0,S,A,True,False,True,point mutation to alanine,"Similar to CAMK2 site, PMID 19795423|PMID 19823750: 5,20 min 0.4M NaCl ratio (log2); 0.656,0.765|PMID 20702584: down-regulated in rapamycin treated cells|Deletion of protein Phosphatase YNL099C/OCA1 causes Fold Change logFC 1.83 - PMID 21177495.",27,27,source workbook coordinate,P25293,MATCH,102.0,102.0,0.0,0.0645718875889442,True,False,False,include: sequence-validated raw-screen strain,True,PBY124,0.270643895973116,0.00646066567462405,0.0313578651036631,NAP1 S27A,False,Y0,0.0,-0.46,,8.0,2.0,47.0,2.0,-0.48731194256734,unknown,0.0,0.0645718875889442,0.0,0.0645718875889442,False,True,False,False
PBY126,TMA19,YKL056C,TMA19 S9,9.0,S,A,True,False,True,point mutation to alanine,,9,9,source workbook coordinate,P35691,MATCH,102.0,102.0,0.0,0.346403455425979,True,False,False,include: sequence-validated raw-screen strain,True,PBY126,-0.191391961447905,0.0564518982223405,0.165204819797732,TMA19 S9A,False,Y0,0.0,-0.01,TCTP,,0.0,2.0,2.0,-0.087276534781496,unchanged,0.0,0.346403455425979,0.0,0.346403455425979,False,True,False,False
PBY127,TMA19,YKL056C,TMA19 S15,15.0,S,A,True,False,True,point mutation to alanine,,15,15,source workbook coordinate,P35691,MATCH,102.0,102.0,7.0,0.000474249079195647,True,False,False,include: sequence-validated raw-screen strain,True,PBY127,0.153934527794984,0.12623437090358,0.285461816020597,TMA19 S15A,False,S1,0.0,-0.01,TCTP,1.0,9.0,2.0,0.0,-0.08104869135872,gains,7.0,0.000474249079195647,7.0,0.000474249079195647,True,True,False,False
PBY128,TMA19,YKL056C,TMA19 S123,123.0,S,A,True,False,True,point mutation to alanine,,123,123,source workbook coordinate,P35691,MATCH,102.0,102.0,0.0,0.262071278313077,True,False,False,include: sequence-validated raw-screen strain,True,PBY128,0.137542675005133,0.172369510752132,0.344058941221688,TMA19 S123A,False,S1,0.0,-0.01,TCTP,2.0,,1.0,5.0,-0.238132286644835,unchanged,0.0,0.262071278313077,0.0,0.262071278313077,False,True,False,False
PBY130,TMA19,YKL056C,TMA19 S82 ,82.0,S,A,True,False,True,point mutation to alanine,,82,82,source workbook coordinate,P35691,MATCH,102.0,102.0,0.0,0.493525399974303,True,False,False,include: sequence-validated raw-screen strain,True,PBY130,-0.0628572243403663,0.534412547583984,0.717522270763938,TMA19 S82A,False,S1,0.0,-0.01,TCTP,1.0,,3.0,0.0,-0.377287388778772,unchanged,0.0,0.493525399974303,0.0,0.493525399974303,False,True,False,False
PBY132,MCK1,YNL307C,MCK1 S24  ,24.0,S,A,True,False,True,point mutation to alanine,"Possible CK2 site, PMID 19795423|PMID 19823750: 5,20 min 0.4M NaCl ratio (log2); 0.164,0.392|Deletion of protein Kinase YDR466W/PKH3 causes Fold Change logFC -2.403 - PMID 21177495.",24,24,source workbook coordinate,P21965,MATCH,102.0,102.0,0.0,0.170310398794171,True,False,False,include: sequence-validated raw-screen strain,True,PBY132,-0.0958394633614245,0.337956982546347,0.542917883296734,MCK1 S24A,False,S1,0.0,-0.11,,7.0,1.0,7.0,0.0,-0.625740271782739,unchanged,0.0,0.170310398794171,0.0,0.170310398794171,False,True,True,False
PBY133,MSN2,YMR037C,MSN2 S304  ,304.0,S,A,True,False,True,point mutation to alanine,3 peptide occurrences in PMID 17330950|Deletion of protein Kinase YDR477W/SNF1 causes Fold Change logFC 4.349 - PMID 21177495.,304,304,source workbook coordinate,P33748,MATCH,102.0,102.0,1.0,0.0444474523684817,True,False,False,include: sequence-validated raw-screen strain,True,PBY133,-0.438720145986494,4.45199491283602e-06,5.27164191175385e-05,MSN2 S304A,False,Y2,1.0,-0.92,,4.0,3.0,13.0,2.0,0.0,unknown,1.0,0.0444474523684817,1.0,0.0444474523684817,True,True,False,False
PBY134,NAP1,YKR048C,NAP1 T20,20.0,T,A,True,False,True,point mutation to alanine,"Observed on peptide with oxidized methionine; 7 peptide occurrences in PMID 17330950|PMID 19823750: 5,20 min 0.4M NaCl ratio (log2); 0.932,1.508|PMID 20702584: down-regulated in rapamycin treated cells|Deletion of protein Kinase YJR059W/PTK2 causes Decreased logFC -11.945 - PMID 21177495|Deletion of protein Kinase YDL025C/RTK1 causes Fold Change logFC 1.638 - PMID 21177495|Deletion of protein Kinase YGL059W/PKP2 causes Fold Change logFC 1.568 - PMID 21177495|Deletion of protein Kinase YGR262C/BUD32 causes Fold Change logFC 2.414 - PMID 21177495.",20,20,source workbook coordinate,P25293,MATCH,102.0,102.0,4.0,2.60808459980285e-07,True,False,False,include: sequence-validated raw-screen strain,True,PBY134,0.316463744189212,0.00133794767586085,0.00902547754224778,NAP1 T20A,False,Y0,0.0,-0.46,,11.0,8.0,129.0,1.0,0.0,unknown,4.0,2.60808459980285e-07,4.0,2.60808459980285e-07,True,True,False,False
PBY135,NAP1,YKR048C,NAP1 T53,53.0,T,A,True,False,True,point mutation to alanine,,53,53,source workbook coordinate,P25293,MATCH,102.0,102.0,0.0,0.308942085744475,True,False,False,include: sequence-validated raw-screen strain,True,PBY135,-0.0287669702533276,0.776324718223638,0.865482458972011,NAP1 T53A,False,Y0,1.0,-0.89,,,,2.0,0.0,-1.0,unchanged,0.0,0.308942085744475,0.0,0.308942085744475,False,True,False,False
PBY136,NUP2,YLR335W,NUP2 S205  ,205.0,S,A,True,False,True,point mutation to alanine,"3 peptide occurrences in PMID 17330950|PMID 19823750: 5,20 min 0.4M NaCl ratio (log2); -0.174,-0.155|Deletion of protein Kinase YBL009W/ALK2 causes Decreased logFC -5.995 - PMID 21177495|Deletion of protein Kinase YAL017W/PSK1 causes Fold Change logFC 4.131 - PMID 21177495|Deletion of protein Kinase YBL088C/TEL1 causes Fold Change logFC -4.84 - PMID 21177495|Deletion of protein Kinase YDR477W/SNF1 causes Fold Change logFC 3.299 - PMID 21177495|Deletion of protein Kinase YGL021W/ALK1 causes Fold Change logFC 1.787 - PMID 21177495|Deletion of protein Kinase YGL179C/TOS3 causes Fold Change logFC 3.138 - PMID 21177495|Deletion of protein Kinase YHR030C/SLT2 causes Fold Change logFC -1.54 - PMID 21177495|Deletion of protein Kinase YIL042C/PKP1 causes Fold Change logFC 5.802 - PMID 21177495|Deletion of protein Kinase YJL106W/IME2 causes Fold Change logFC -2.797 - PMID 21177495|Deletion of protein Kinase YKL101W/HSL1 causes Fold Change logFC -2.113 - PMID 21177495|Deletion of protein Kinase YKL166C/TPK3 causes Fold Change logFC 1.76 - PMID 21177495|Deletion of protein Kinase YKL171W/NNK1 causes Fold Change logFC 1.506 - PMID 21177495|Deletion of protein Kinase YMR291W/TDA1 causes Fold Change logFC 2.349 - PMID 21177495|Deletion of protein Kinase YNL298W/CLA4 causes Fold Change logFC 1.701 - PMID 21177495|Deletion of protein Kinase YOL016C/CMK2 causes Fold Change logFC -2.453 - PMID 21177495|Deletion of protein Kinase YOL045W/PSK2 causes Fold Change logFC 2.096 - PMID 21177495|Deletion of protein Kinase YOL113W/SKM1 causes Fold Change logFC -1.954 - PMID 21177495|Deletion of protein Kinase YPL026C/SKS1 causes Fold Change logFC 2.835 - PMID 21177495|Deletion of protein Kinase YPL203W/TPK2 causes Fold Change logFC 4.154 - PMID 21177495|Deletion of protein Kinase YPR106W/ISR1 causes Fold Change logFC 2.181 - PMID 21177495|Deletion of protein Kinase YPR111W/DBF20 causes Fold Change logFC 3.667 - PMID 21177495|Deletion of protein Phosphatase YDL230W/PTP1 causes Appears logFC 6.064 - PMID 21177495|Deletion of protein Phosphatase YBR125C/PTC4 causes Fold Change logFC -3.417 - PMID 21177495|Deletion of protein Phosphatase YLR019W/PSR2 causes Fold Change logFC 1.774 - PMID 21177495|Deletion of protein Phosphatase YML057W/CMP2 causes Fold Change logFC 4.79 - PMID 21177495|Deletion of protein Phosphatase YNL099C/OCA1 causes Fold Change logFC 2.808 - PMID 21177495.",205,205,source workbook coordinate,P32499,MATCH,102.0,102.0,8.0,1.48461261755179e-13,True,False,False,include: sequence-validated raw-screen strain,True,PBY136,-0.217421743008629,0.0297842799715403,0.103983714286606,NUP2 S205A,False,Y1,1.0,-0.98,,10.0,10.0,54.0,0.0,0.0,gains,8.0,1.48461261755179e-13,8.0,1.48461261755179e-13,True,True,False,False
PBY137,RAD7,YJR052W,RAD7 S85,85.0,S,A,True,False,True,point mutation to alanine,,85,85,source workbook coordinate,P06779,MATCH,102.0,102.0,0.0,0.45897336878036,True,False,False,include: sequence-validated raw-screen strain,True,PBY137,0.0307170264353171,0.7604181292892,0.859790953003129,RAD7 S85A,False,S1,1.0,-0.95,,2.0,0.0,4.0,0.0,-0.52324763882258,unchanged,0.0,0.45897336878036,0.0,0.45897336878036,False,True,False,False
PBY138,RAD7,YJR052W,RAD7 T87,87.0,T,A,True,False,True,point mutation to alanine,,87,87,source workbook coordinate,P06779,MATCH,102.0,102.0,0.0,0.218398881799399,True,False,False,include: sequence-validated raw-screen strain,True,PBY138,-0.348007679197367,0.000362405779178134,0.00277379807909418,RAD7 T87A,False,S1,1.0,-0.93,,1.0,,1.0,0.0,-0.748096504395028,unknown,0.0,0.218398881799399,0.0,0.218398881799399,False,True,False,False
PBY139,SNF2,YOR290C,SNF2 S1478  ,1478.0,S,A,True,False,True,point mutation to alanine,,1478,1478,source workbook coordinate,P22082,MATCH,102.0,102.0,0.0,0.510810870963897,True,False,False,include: sequence-validated raw-screen strain,True,PBY139,0.149208312892182,0.136432104477567,0.299999876144043,SNF2 S1478A,False,Y2,1.0,-0.98,,2.0,0.0,1.0,2.0,-0.78014067815326,unchanged,0.0,0.510810870963897,0.0,0.510810870963897,False,True,True,False
PBY140,UBP1,YDL122W,UBP1 S530,530.0,S,A,True,False,True,point mutation to alanine,"4 peptide occurrences in PMID 17330950|PMID 21126336: Predicted protein kinase = CKA2, accumulates in nat3 cells|Deletion of protein Kinase YIL035C/CKA1 causes Decreased logFC -7.038 - PMID 21177495|Deletion of protein Kinase YDL025C/RTK1 causes Fold Change logFC -2.047 - PMID 21177495|Deletion of protein Phosphatase YDL134C/PPH21 causes Fold Change logFC -1.516 - PMID 21177495|Deletion of protein Phosphatase YIR026C/YVH1 causes Fold Change logFC -1.609 - PMID 21177495|Deletion of protein Kinase YKL198C/PTK1 causes Fold Change logFC 3.087 - PMID 21177495.",530,530,source workbook coordinate,P25037,MATCH,102.0,102.0,0.0,0.593143377234975,True,False,False,include: sequence-validated raw-screen strain,True,PBY140,-0.109250784793729,0.27679409559682,0.46935377327846,UBP1 S530A,False,Y1,1.0,-0.97,,7.0,6.0,37.0,0.0,-0.745734772720433,unchanged,0.0,0.593143377234975,0.0,0.593143377234975,False,True,True,False
PBY145,SNF1,YDR477W,SNF1 S413 ,413.0,S,A,True,False,True,point mutation to alanine,"3 peptide occurrences in PMID 17330950|PMID 19823750: 5,20 min 0.4M NaCl ratio (log2); -0.032,0.162|PMID 19823750: best predicted motif = NEK6.",413,413,source workbook coordinate,P06782,MATCH,102.0,102.0,0.0,0.161488261623078,True,False,False,include: sequence-validated raw-screen strain,True,PBY145,-0.434178367446964,5.13553003288752e-06,5.83983129454067e-05,SNF1 S413A,False,Y1,1.0,-0.96,,9.0,0.0,20.0,0.0,-0.15093658564235,unknown,0.0,0.161488261623078,0.0,0.161488261623078,False,True,True,False
PBY177,SSK2,YNR031C,SSK2 S1468,1468.0,S,A,True,False,True,point mutation to alanine,,1468,1468,source workbook coordinate,P53599,MATCH,102.0,102.0,0.0,0.326236033074383,True,False,False,include: sequence-validated raw-screen strain,True,PBY177,0.0287152422347654,0.775604837987255,0.865482458972011,SSK2 S1468A,False,S1,0.0,-0.26,Protein kinase,,,1.0,0.0,-1.0,unchanged,0.0,0.326236033074383,0.0,0.326236033074383,False,True,True,False
PBY178,SSK2,YNR031C,SSK2 T1460,1460.0,T,A,True,False,True,point mutation to alanine,,1460,1460,source workbook coordinate,P53599,MATCH,102.0,102.0,0.0,0.595202749824717,True,False,False,include: sequence-validated raw-screen strain,True,PBY178,0.267690657835268,0.00680272957848829,0.032231980621885,SSK2 T1460A,False,Y0,0.0,-0.1,Protein kinase,1.0,,1.0,0.0,0.0,unknown,0.0,0.595202749824717,0.0,0.595202749824717,False,True,True,False
PBY179,ELO3,YLR372W,ELO3 T331,331.0,T,A,True,False,True,point mutation to alanine,,331,331,source workbook coordinate,P40319,MATCH,102.0,102.0,0.0,0.125258543080244,True,False,False,include: sequence-validated raw-screen strain,True,PBY179,-0.0145122480460332,0.886048942316285,0.938376267678005,ELO3 T331A,False,S1,1.0,-0.98,,,,1.0,1.0,-0.866903352458069,unchanged,0.0,0.125258543080244,0.0,0.125258543080244,False,True,False,False
PBY183,ELO3,YLR372W,ELO3 S336,336.0,S,A,True,False,True,point mutation to alanine,,336,336,source workbook coordinate,P40319,MATCH,102.0,102.0,0.0,0.462082466982199,True,False,False,include: sequence-validated raw-screen strain,True,PBY183,0.048867770636575,0.629221813118872,0.775325949291985,ELO3 S336A,False,S1,1.0,-0.99,,,,1.0,0.0,-0.871303051996313,unchanged,0.0,0.462082466982199,0.0,0.462082466982199,False,True,False,False
PBY185,ELO3,YLR372W,ELO3 T335,335.0,T,A,True,False,True,point mutation to alanine,,335,335,source workbook coordinate,P40319,MATCH,102.0,102.0,0.0,0.730979652471375,True,False,False,include: sequence-validated raw-screen strain,True,PBY185,0.154470585331942,0.124903976247953,0.284067328838202,ELO3 T335A,False,S1,1.0,-0.98,,,,1.0,1.0,-0.853680326820016,unchanged,0.0,0.730979652471375,0.0,0.730979652471375,False,True,False,False
PBY187,ELO3,YLR372W,ELO3 S327,327.0,S,A,True,False,True,point mutation to alanine,,327,327,source workbook coordinate,P40319,MATCH,102.0,102.0,0.0,0.584242032504568,True,False,False,include: sequence-validated raw-screen strain,True,PBY187,0.059684606938945,0.555278841822868,0.730294677597207,ELO3 S327A,False,,1.0,-0.97,,1.0,0.0,,0.0,-0.744948374126083,unchanged,0.0,0.584242032504568,0.0,0.584242032504568,False,True,False,False
PBY189,ERG6,YML008C,ERG6 T219,219.0,T,A,True,False,True,point mutation to alanine,,219,219,source workbook coordinate,P25087,MATCH,102.0,102.0,0.0,0.536829882120947,True,False,False,include: sequence-validated raw-screen strain,True,PBY189,0.111117968557091,0.268617674067515,0.464825366429873,ERG6 T219A,False,S1,0.0,-0.01,,,,1.0,0.0,-0.114315871498256,unchanged,0.0,0.536829882120947,0.0,0.536829882120947,False,True,False,False
PBY191,ERG6,YML008C,ERG6 Y223,223.0,Y,A,True,False,True,point mutation to alanine,,223,223,source workbook coordinate,P25087,MATCH,102.0,102.0,0.0,0.310437429317295,True,False,False,include: sequence-validated raw-screen strain,True,PBY191,-0.0628868358139761,0.532130574788892,0.717522270763938,ERG6 Y223A,False,Y0,0.0,-0.01,,,,1.0,0.0,-0.011319565536846,unchanged,0.0,0.310437429317295,0.0,0.310437429317295,False,True,False,False
PBY192,ERG6,YML008C,ERG6 T228,228.0,T,A,True,False,True,point mutation to alanine,,228,228,source workbook coordinate,P25087,MATCH,102.0,102.0,0.0,0.662623851053297,True,False,False,include: sequence-validated raw-screen strain,True,PBY192,-0.0098707952265854,0.921957810697498,0.958065818949358,ERG6 T228A,False,S1,0.0,-0.01,,,,1.0,1.0,-0.00747342237344974,unchanged,0.0,0.662623851053297,0.0,0.662623851053297,False,True,False,False
PBY193,ERG6,YML008C,ERG6 T373,373.0,T,A,True,False,True,point mutation to alanine,PMID 21126336: Predicted protein kinase = CDC28,373,373,source workbook coordinate,P25087,MATCH,102.0,102.0,0.0,0.718865811866032,True,False,False,include: sequence-validated raw-screen strain,True,PBY193,0.224207380562862,0.0241970117485612,0.0908529309049752,ERG6 T373A,False,S1,1.0,-0.87,,3.0,0.0,1.0,0.0,,unchanged,0.0,0.718865811866032,0.0,0.718865811866032,False,True,False,False
PBY195,INO1,YJL153C,INO1 S368 ,368.0,S,A,True,False,True,point mutation to alanine,,368,368,source workbook coordinate,P11986,MATCH,102.0,102.0,2.0,5.12337904671879e-20,True,False,False,include: sequence-validated raw-screen strain,True,PBY195,0.227490554283879,0.0228318453222683,0.086543566078693,INO1 S368A,False,S1,0.0,-0.21,,1.0,,1.0,5.0,-0.0224619949488832,unknown,2.0,5.12337904671879e-20,2.0,5.12337904671879e-20,True,True,True,False
PBY197,INO1,YJL153C,INO1 S375 ,375.0,S,A,True,False,True,point mutation to alanine,,375,375,source workbook coordinate,P11986,MATCH,102.0,102.0,0.0,0.0974742305152843,True,False,False,include: sequence-validated raw-screen strain,True,PBY197,-0.126256354019211,0.210677111317971,0.394174351084015,INO1 S375A,False,Y1,0.0,-0.17,,,,1.0,7.0,-0.138549283680525,unchanged,0.0,0.0974742305152843,0.0,0.0974742305152843,False,True,True,False
PBY198,IPT1,YDR072C,IPT1 S380 ,380.0,S,A,True,False,True,point mutation to alanine,,380,380,source workbook coordinate,P38954,MATCH,102.0,102.0,1.0,0.0325344018011549,True,False,False,include: sequence-validated raw-screen strain,True,PBY198,-0.0806033004270698,0.422972405347348,0.628389741669136,IPT1 S380A,False,S1,1.0,-0.94,,,,1.0,0.0,-0.550516322106349,unknown,1.0,0.0325344018011549,1.0,0.0325344018011549,True,True,False,False
PBY199,IPT1,YDR072C,IPT1 S384 ,384.0,S,A,True,False,True,point mutation to alanine,,384,384,source workbook coordinate,P38954,MATCH,102.0,102.0,2.0,0.0118264172829688,True,False,False,include: sequence-validated raw-screen strain,True,PBY199,0.146157662861827,0.144722828111833,0.31304176950277,IPT1 S384A,False,S1,1.0,-0.91,,,,1.0,0.0,-0.87204230144701,unknown,2.0,0.0118264172829688,2.0,0.0118264172829688,True,True,False,False
PBY200,IPT1,YDR072C,IPT1 S393 ,393.0,S,A,True,False,True,point mutation to alanine,,393,393,source workbook coordinate,P38954,MATCH,102.0,102.0,0.0,0.396299784172673,True,False,False,include: sequence-validated raw-screen strain,True,PBY200,-0.000837522754331581,0.993367875590922,0.99604177705549,IPT1 S393A,False,S1,1.0,-0.65,,1.0,,1.0,3.0,-0.641683420182057,unchanged,0.0,0.396299784172673,0.0,0.396299784172673,False,True,False,False
PBY202,NSG1,YHR133C,NSG1 S76  ,76.0,S,A,True,False,True,point mutation to alanine,,76,76,source workbook coordinate,P38837,MATCH,102.0,102.0,24.0,2.03919023304979e-15,True,False,False,include: sequence-validated raw-screen strain,True,PBY202,0.102145325488234,0.309423913922461,0.504716056316145,NSG1 S76A,False,,1.0,-0.95,,1.0,0.0,,1.0,-0.755396726309104,gains,24.0,2.03919023304979e-15,24.0,2.03919023304979e-15,True,True,False,False
PBY203,SAT4,YCR008W,SAT4 S155,155.0,S,A,True,False,True,point mutation to alanine,,155,155,source workbook coordinate,P25333,MATCH,102.0,102.0,6.0,0.00257249718063742,True,False,False,include: sequence-validated raw-screen strain,True,PBY203,0.162168719478201,0.105182146890194,0.253550790449796,SAT4 S155A,False,,1.0,-0.99,,1.0,,,0.0,-0.799577959575643,unknown,6.0,0.00257249718063742,6.0,0.00257249718063742,True,True,True,False
PBY205,HMG1,YML075C,HMG1 S575,575.0,S,A,True,False,True,point mutation to alanine,,575,575,source workbook coordinate,P12683,MATCH,102.0,102.0,1.0,0.0301136693179006,True,False,False,include: sequence-validated raw-screen strain,True,PBY205,0.0602967480283315,0.54918791762003,0.730294677597207,HMG1 S575A,False,S1,1.0,-0.99,,,,,0.0,-0.839302311324101,unknown,1.0,0.0301136693179006,1.0,0.0301136693179006,True,True,True,False
PBY206,HMG1,YML075C,HMG1 S577,577.0,S,A,True,False,True,point mutation to alanine,,577,577,source workbook coordinate,P12683,MATCH,102.0,102.0,1.0,0.00706245067471091,True,False,False,include: sequence-validated raw-screen strain,True,PBY206,-0.241709738530262,0.0148860345116486,0.0630109082672326,HMG1 S577A,False,S1,1.0,-0.99,,,,1.0,2.0,-0.428571774479517,unknown,1.0,0.00706245067471091,1.0,0.00706245067471091,True,True,True,False
PBY207,HMG2,YLR450W,HMG2 S556,556.0,S,A,True,False,True,point mutation to alanine,PMID 21126336: Predicted protein kinase = RIM11,556,556,source workbook coordinate,P12684,MATCH,102.0,102.0,7.0,0.000157898608128594,True,False,False,include: sequence-validated raw-screen strain,True,PBY207,0.284580454644825,0.00392299322143904,0.0208609582307019,HMG2 S556A,False,,1.0,-0.96,,1.0,,,0.0,-0.603716393766617,gains,7.0,0.000157898608128594,7.0,0.000157898608128594,True,True,True,False
PBY208,HMG2,YLR450W,HMG2 T565,565.0,T,A,True,False,True,point mutation to alanine,3 peptide occurrences in PMID 17330950.,565,565,source workbook coordinate,P12684,MATCH,102.0,102.0,0.0,0.464856709618833,True,False,False,include: sequence-validated raw-screen strain,True,PBY208,0.0426752547443829,0.671758555446209,0.800478757687398,HMG2 T565A,False,S1,1.0,-0.96,,2.0,0.0,4.0,0.0,-0.714706315985082,unchanged,0.0,0.464856709618833,0.0,0.464856709618833,False,True,True,False
PBY209,NSG2,YNL156C,NSG2 S81  ,81.0,S,A,True,False,True,point mutation to alanine,,81,81,source workbook coordinate,P53898,MATCH,102.0,102.0,0.0,0.312425083197648,True,False,False,include: sequence-validated raw-screen strain,True,PBY209,0.133832655147072,0.184349648164078,0.36322356420447,NSG2 S81A,False,S1,1.0,-0.95,,2.0,7.0,1.0,0.0,,unchanged,0.0,0.312425083197648,0.0,0.312425083197648,False,True,False,False
PBY211,NSG2,YNL156C,NSG2 S100  ,100.0,S,A,True,False,True,point mutation to alanine,,100,100,source workbook coordinate,P53898,MATCH,102.0,102.0,0.0,0.37587172780242,True,False,False,include: sequence-validated raw-screen strain,True,PBY211,0.0456928349675535,0.651687211435727,0.787555373384739,NSG2 S100A,False,S1,1.0,-0.88,,,,1.0,0.0,-0.477744769512976,unchanged,0.0,0.37587172780242,0.0,0.37587172780242,False,True,False,False
PBY212,YGK3,YOL128C,YGK3 S211,211.0,S,A,True,False,True,point mutation to alanine,,211,211,source workbook coordinate,Q12222,MATCH,102.0,102.0,0.0,0.102873687799141,True,False,False,include: sequence-validated raw-screen strain,True,PBY212,0.476079061346494,4.85632259601426e-07,6.44272131071226e-06,YGK3 S211A,False,S1,0.0,-0.07,Protein kinase,1.0,,2.0,0.0,0.0,unknown,0.0,0.102873687799141,0.0,0.102873687799141,False,True,True,False
PBY213,PTK2,YJR059W,PTK2 S726  ,726.0,S,A,True,False,True,point mutation to alanine,2 peptide occurrences in PMID 17330950.,726,726,source workbook coordinate,P47116,MATCH,102.0,102.0,0.0,0.653236796948093,True,False,False,include: sequence-validated raw-screen strain,True,PBY213,0.175640569387025,0.0789383685186471,0.20718744208309,PTK2 S726A,False,S1,1.0,-0.99,,3.0,0.0,6.0,3.0,-0.766213491075585,unchanged,0.0,0.653236796948093,0.0,0.653236796948093,False,True,True,False
PBY215,PTK2,YJR059W,PTK2 T730  ,730.0,T,A,True,False,True,point mutation to alanine,"4 peptide occurrences in PMID 17330950|Possible site for CK1 PMID 19795423|PMID 19823750: 5,20 min 0.4M NaCl ratio (log2); 0.115,-0.003|PMID 19823750: best predicted motif = WW GroupIV.",730,730,source workbook coordinate,P47116,MATCH,102.0,102.0,0.0,0.205108023235302,True,False,False,include: sequence-validated raw-screen strain,True,PBY215,0.0599159823731688,0.551717704173167,0.730294677597207,PTK2 T730A,False,S1,1.0,-0.99,,6.0,1.0,8.0,1.0,-0.771589264607509,unchanged,0.0,0.205108023235302,0.0,0.205108023235302,False,True,True,False
PBY216,RSC2,YLR357W,RSC2 S682   ,682.0,S,A,True,False,True,point mutation to alanine,"1 peptide occurrence in PMID 17330950|PMID 20702584: accumulates in rapamycin-treated cells|PMID 21126336: Predicted protein kinase = CDC28, accumulates in nat3 cells|Deletion of protein Phosphatase YGR203W/YCH1 causes Fold Change logFC -1.501 - PMID 21177495|Deletion of protein Kinase YNL307C/MCK1 causes Fold Change logFC -1.51 - PMID 21177495.",682,682,source workbook coordinate,Q06488,MATCH,102.0,102.0,0.0,0.211972035036169,True,False,False,include: sequence-validated raw-screen strain,True,PBY216,0.0257056688895515,0.79959846989974,0.88332026350032,RSC2 S682A,False,S1,1.0,-0.98,,8.0,0.0,18.0,7.0,-0.722617780718919,unchanged,0.0,0.211972035036169,0.0,0.211972035036169,False,True,False,False
PBY217,TDA1,YMR291W,TDA1 T513,513.0,T,A,True,False,True,point mutation to alanine,"Possible PKA site PMID 19795423|PMID 19823750: 5,20 min 0.4M NaCl ratio (log2); 0.05,1.448|PMID 19823750: best predicted motif = CDK1|Deletion of protein Kinase YJL128C/PBS2 causes Fold Change logFC -1.571 - PMID 21177495|Deletion of protein Kinase YPL140C/MKK2 causes Fold Change logFC -2.572 - PMID 21177495.",513,513,source workbook coordinate,Q03533,MATCH,102.0,102.0,2.0,0.00066898071859529,True,False,False,include: sequence-validated raw-screen strain,True,PBY217,0.01331426682325,0.894867991114309,0.942320257797212,TDA1 T513A,False,Y2,1.0,-0.96,,4.0,2.0,4.0,2.0,-0.0457561774013002,unknown,2.0,0.00066898071859529,2.0,0.00066898071859529,True,True,True,False
PBY219,TDA1,YMR291W,TDA1 S522,522.0,S,A,True,False,True,point mutation to alanine,"PMID 19823750: 5,20 min 0.4M NaCl ratio (log2); 0.731,1.463|PMID 19823750: best predicted motif = CHK1/2.",522,522,source workbook coordinate,Q03533,MATCH,102.0,102.0,0.0,0.257697487877019,True,False,False,include: sequence-validated raw-screen strain,True,PBY219,0.107196851708277,0.28597933784515,0.476233374319539,TDA1 S522A,False,Y2,1.0,-0.98,,3.0,,5.0,2.0,0.0,unchanged,0.0,0.257697487877019,0.0,0.257697487877019,False,True,True,False
PBY220,RPD3,YNL330C,RPD3 T6 ,6.0,T,A,True,False,True,point mutation to alanine,,6,6,source workbook coordinate,P32561,MATCH,102.0,102.0,0.0,0.207614533196671,True,False,False,include: sequence-validated raw-screen strain,True,PBY220,-0.220921410963109,0.026411674181763,0.0947013182373125,RPD3 T6A,False,S1,1.0,-0.88,,1.0,,1.0,0.0,,unchanged,0.0,0.207614533196671,0.0,0.207614533196671,False,True,True,False
PBY221,RPD3,YNL330C,RPD3 S418  ,418.0,S,A,True,False,True,point mutation to alanine,Possible site for CK1 PMID 19795423|PMID 19823750: best predicted motif = CK1.,418,418,source workbook coordinate,P32561,MATCH,102.0,102.0,18.0,3.76207740620068e-38,True,False,False,include: sequence-validated raw-screen strain,True,,,,,,,,,,,,,,,,,,,18.0,3.76207740620068e-38,True,False,True,False
PBY223,CTR9,YOL145C,CTR9 S1056,1056.0,S,A,True,False,True,point mutation to alanine,,1056,1056,source workbook coordinate,P89105,MATCH,102.0,102.0,0.0,0.454790316522047,True,False,False,include: sequence-validated raw-screen strain,True,PBY223,-0.0351858406075981,0.725521828101099,0.840965386883734,CTR9 S1056A,False,S1,1.0,-0.99,,,,1.0,1.0,-1.0,unchanged,0.0,0.454790316522047,0.0,0.454790316522047,False,True,False,False
PBY225,PBS2,YJL128C,PBS2 S248 ,248.0,S,A,True,False,True,point mutation to alanine,"Similar to PKD site, PMID 19795423|PMID 19823750: 5,20 min 0.4M NaCl ratio (log2); 1.964,1.318|Deletion of protein Kinase YIL042C/PKP1 causes Fold Change logFC -2.171 - PMID 21177495|Deletion of protein Kinase YNL020C/ARK1 causes Fold Change logFC -1.554 - PMID 21177495|Deletion of protein Kinase YPL026C/SKS1 causes Fold Change logFC -2.205 - PMID 21177495.",248,248,source workbook coordinate,P08018,MATCH,102.0,102.0,0.0,0.149941104554343,True,False,False,include: sequence-validated raw-screen strain,True,PBY225,0.175232722918839,0.07964743376561,0.20718744208309,PBS2 S248A,False,Y2,1.0,-0.98,,8.0,6.0,5.0,0.0,-0.513489650798978,unchanged,0.0,0.149941104554343,0.0,0.149941104554343,False,True,True,False
PBY227,SWI3,YJL176C,SWI3 Y354,354.0,Y,A,True,False,True,point mutation to alanine,,354,354,source workbook coordinate,P32591,MATCH,102.0,102.0,0.0,0.371215528219365,True,False,False,include: sequence-validated raw-screen strain,True,PBY227,-0.0669207799284588,0.508268405919176,0.69755457088218,SWI3 Y354A,False,Y1,0.0,-0.01,SWIRM,1.0,,1.0,0.0,0.0,unchanged,0.0,0.371215528219365,0.0,0.371215528219365,False,True,False,False
PBY232,ECM22,YLR228C,ECM22 S87 ,87.0,S,A,True,False,True,point mutation to alanine,,87,87,source workbook coordinate,Q05958,MATCH,102.0,102.0,0.0,0.587871590064451,True,False,False,include: sequence-validated raw-screen strain,True,PBY232,0.219045347260675,0.0285548401169663,0.101471663987077,ECM22 S87A,False,S1,1.0,-0.99,,,,1.0,2.0,-0.55976095570635,unchanged,0.0,0.587871590064451,0.0,0.587871590064451,False,True,False,False
PBY233,ECM22,YLR228C,ECM22 S431 ,431.0,S,A,True,False,True,point mutation to alanine,,431,431,source workbook coordinate,Q05958,MATCH,102.0,102.0,4.0,0.0351436565927944,True,False,False,include: sequence-validated raw-screen strain,True,PBY233,0.473993665555187,6.3153328036059e-07,8.1080724381779e-06,ECM22 S431A,False,S1,1.0,-0.95,,1.0,,2.0,0.0,-0.67591401644031,unknown,4.0,0.0351436565927944,4.0,0.0351436565927944,True,True,False,False
PBY234,ERG6,YML008C,ERG6 T377 ,377.0,T,A,True,False,True,point mutation to alanine,,377,377,source workbook coordinate,P25087,MATCH,102.0,102.0,3.0,4.63295036325376e-08,True,False,False,include: sequence-validated raw-screen strain,True,PBY234,0.168683576265494,0.0917468822429228,0.22822036957927,ERG6 T377A,False,S1,1.0,-0.96,,,,1.0,0.0,,unknown,3.0,4.63295036325376e-08,3.0,4.63295036325376e-08,True,True,False,False
PBY236,ERG6,YML008C,ERG6 S37 8,37.0,S,A,True,False,True,point mutation to alanine,,37,37,source workbook coordinate,P25087,MATCH,102.0,102.0,5.0,0.00220990902438276,True,False,False,include: sequence-validated raw-screen strain,True,PBY236,-0.145286402321362,0.1471590468599,0.315791396431171,ERG6 S37A,False,,0.0,-0.3,,,,,1.0,-0.740607715747711,unknown,5.0,0.00220990902438276,5.0,0.00220990902438276,True,True,False,False
PBY238,ERG6,YML008C,ERG6 S99 ,99.0,S,A,True,False,True,point mutation to alanine,,99,99,source workbook coordinate,P25087,MATCH,102.0,102.0,0.0,0.465287244743143,True,False,False,include: sequence-validated raw-screen strain,True,PBY238,0.174648242399481,0.0806724667423315,0.208491180282129,ERG6 S99A,False,,0.0,-0.02,,1.0,,,3.0,-0.377427518926376,unchanged,0.0,0.465287244743143,0.0,0.465287244743143,False,True,False,False
PBY239,ARV1,YLR242C,ARV1 S165 ,165.0,S,A,True,False,True,point mutation to alanine,,165,165,source workbook coordinate,Q06541,MATCH,102.0,102.0,0.0,0.397255819853228,True,False,False,include: sequence-validated raw-screen strain,True,PBY239,-0.037101900049186,0.71400648929565,0.833356547623663,ARV1 S165A,False,S1,0.0,-0.03,,,,1.0,0.0,-0.745392388287345,unchanged,0.0,0.397255819853228,0.0,0.397255819853228,False,True,False,False
PBY241,CTR9,YOL145C,CTR9 S1054,1054.0,S,A,True,False,True,point mutation to alanine,,1054,1054,source workbook coordinate,P89105,MATCH,102.0,102.0,0.0,0.418511866645759,True,False,False,include: sequence-validated raw-screen strain,True,PBY241,-0.136579423625095,0.17105931837514,0.344058941221688,CTR9 S1054A,False,S1,1.0,-0.99,,,,1.0,2.0,-0.392853287665401,unchanged,0.0,0.418511866645759,0.0,0.418511866645759,False,True,False,False
PBY245,PTK2,YJR059W,PTK2 S623  ,623.0,S,A,True,False,True,point mutation to alanine,"PMID 19823750: 5,20 min 0.4M NaCl ratio (log2); 1.45,2.411|PMID 19823750: best predicted motif = CK2|PMID 21126336: Predicted protein kinase = CKA2|Deletion of protein Kinase YKL198C/PTK1 causes Fold Change logFC 2.06 - PMID 21177495.",623,623,source workbook coordinate,P47116,MATCH,102.0,102.0,0.0,0.301324297197692,True,False,False,include: sequence-validated raw-screen strain,True,PBY245,0.208634381259136,0.0362822118352028,0.119341490168684,PTK2 S623A,False,Y2,1.0,-0.94,,7.0,1.0,18.0,0.0,-0.316307448280888,unchanged,0.0,0.301324297197692,0.0,0.301324297197692,False,True,True,False
PBY246,NSG2,YNL156C,NSG2 S93  ,93.0,S,A,True,False,True,point mutation to alanine,2 peptide occurrences in PMID 17330950|PMID 20702584: accumulates in rapamycin-treated cells|Deletion of protein Kinase YKL126W/YPK1 causes Decreased logFC -6.317 - PMID 21177495|Deletion of protein Kinase YDR477W/SNF1 causes Fold Change logFC -1.596 - PMID 21177495|Deletion of protein Kinase YIL035C/CKA1 causes Fold Change logFC -3.019 - PMID 21177495|Deletion of protein Kinase YIL042C/PKP1 causes Fold Change logFC -1.637 - PMID 21177495|Deletion of protein Kinase YKL101W/HSL1 causes Fold Change logFC -1.723 - PMID 21177495|Deletion of protein Kinase YNL298W/CLA4 causes Fold Change logFC -1.975 - PMID 21177495|Deletion of protein Kinase YPL026C/SKS1 causes Fold Change logFC -1.686 - PMID 21177495.,93,93,source workbook coordinate,P53898,MATCH,102.0,102.0,1.0,0.00310648955554662,True,False,False,include: sequence-validated raw-screen strain,True,PBY246,0.0492043208964836,0.626859652606111,0.774904270394975,NSG2 S93A,False,S1,1.0,-0.96,,8.0,2.0,7.0,1.0,-0.248141378161399,unknown,1.0,0.00310648955554662,1.0,0.00310648955554662,True,True,False,False
PBY247,NSG2,YNL156C,NSG2 S92  ,92.0,S,A,True,False,True,point mutation to alanine,1 peptide occurrence in PMID 17330950|Deletion of protein Kinase YKL126W/YPK1 causes Decreased logFC -6.317 - PMID 21177495|Deletion of protein Kinase YDR477W/SNF1 causes Fold Change logFC -1.596 - PMID 21177495|Deletion of protein Kinase YIL035C/CKA1 causes Fold Change logFC -3.019 - PMID 21177495|Deletion of protein Kinase YIL042C/PKP1 causes Fold Change logFC -1.637 - PMID 21177495|Deletion of protein Kinase YPL026C/SKS1 causes Fold Change logFC -1.686 - PMID 21177495.,92,92,source workbook coordinate,P53898,MATCH,102.0,102.0,0.0,0.621262973761764,True,False,False,include: sequence-validated raw-screen strain,True,PBY247,-0.0197891772990987,0.845061886820256,0.9164431361157,NSG2 S92A,False,S1,1.0,-0.96,,4.0,1.0,5.0,0.0,-0.781119465841118,unchanged,0.0,0.621262973761764,0.0,0.621262973761764,False,True,False,False
PBY250,NSG2,YNL156C,NSG2 S18  ,18.0,S,A,True,False,True,point mutation to alanine,4 peptide occurrences in PMID 17330950.,18,18,source workbook coordinate,P53898,MATCH,102.0,102.0,0.0,0.369815896660677,True,False,False,include: sequence-validated raw-screen strain,True,PBY250,-0.0811419691489377,0.422239109548677,0.628389741669136,NSG2 S18A,False,S1,0.0,-0.19,,2.0,,2.0,0.0,-0.108904477364819,unchanged,0.0,0.369815896660677,0.0,0.369815896660677,False,True,False,False
PBY251,NSG2,YNL156C,NSG2 S15  ,15.0,S,A,True,False,True,point mutation to alanine,3 peptide occurrences in PMID 17330950.,15,15,source workbook coordinate,P53898,MATCH,102.0,102.0,0.0,0.105875672367905,True,False,False,include: sequence-validated raw-screen strain,True,PBY251,0.0148036966405604,0.883776318029354,0.938376267678005,NSG2 S15A,False,Y2,0.0,-0.27,,2.0,,3.0,7.0,-0.201867137362632,unchanged,0.0,0.105875672367905,0.0,0.105875672367905,False,True,False,False
PBY252,RPD3,YNL330C,RPD3 S388  ,388.0,S,A,True,False,True,point mutation to alanine,,388,388,source workbook coordinate,P32561,MATCH,102.0,102.0,1.0,0.000947841205826314,True,False,False,include: sequence-validated raw-screen strain,True,PBY252,-0.0190939233029484,0.849685055075965,0.918952858478897,RPD3 S388A,False,S1,0.0,-0.06,,1.0,0.0,,0.0,-0.154671359656412,unknown,1.0,0.000947841205826314,1.0,0.000947841205826314,True,True,True,False
PBY253,CHO1,YER026C,CHO1 S46,46.0,S,A,True,False,True,point mutation to alanine,18 peptide occurrences in PMID 17330950|A Cho1-46/47A mutant has decreased PS synthetase activity|PMID 21126336: Predicted protein kinase = TPK1|Deletion of protein Phosphatase YIR026C/YVH1 causes Decreased logFC -7.135 - PMID 21177495|Deletion of protein Kinase YKL171W/NNK1 causes Fold Change logFC -2.342 - PMID 21177495.,46,46,source workbook coordinate,P08456,MATCH,102.0,102.0,1.0,0.0415451205860937,True,False,False,include: sequence-validated raw-screen strain,True,PBY253,-0.10373231854437,0.299486413085498,0.494587520365261,CHO1 S46A,True,Y0,1.0,-0.97,,9.0,2.0,154.0,0.0,-0.779086720966233,unknown,1.0,0.0415451205860937,1.0,0.0415451205860937,True,True,False,False
PBY254,CHO1,YER026C,CHO1 S42,42.0,S,A,True,False,True,point mutation to alanine,2 peptide occurrence in PMID 17330950.,42,42,source workbook coordinate,P08456,MATCH,102.0,102.0,1.0,0.0450138198124545,True,False,False,include: sequence-validated raw-screen strain,True,PBY254,0.0579703223492108,0.562762658178843,0.734359140836654,CHO1 S42A,False,Y2,1.0,-0.98,,3.0,0.0,19.0,0.0,-0.402040315909558,unknown,1.0,0.0450138198124545,1.0,0.0450138198124545,True,True,False,False
PBY255,PTK2,YJR059W,PTK2 T727  ,727.0,T,A,True,False,True,point mutation to alanine,2 peptide occurrences in PMID 17330950.,727,727,source workbook coordinate,P47116,MATCH,102.0,102.0,0.0,0.636058457084016,True,False,False,include: sequence-validated raw-screen strain,True,PBY255,0.0121864885518341,0.903728484743353,0.946536676125933,PTK2 T727A,False,S1,1.0,-0.99,,2.0,0.0,7.0,3.0,-0.820247074314362,unchanged,0.0,0.636058457084016,0.0,0.636058457084016,False,True,True,False
PBY256,RSC1,YGR056W,RSC1 S795 ,795.0,S,A,True,False,True,point mutation to alanine,,795,795,source workbook coordinate,P53236,MATCH,102.0,102.0,0.0,0.38819625170302,True,False,False,include: sequence-validated raw-screen strain,True,PBY256,0.24418280220059,0.0143527884793974,0.0620914110304365,RSC1 S795A,False,S1,0.0,-0.14,,,,1.0,0.0,-0.185651980461419,unchanged,0.0,0.38819625170302,0.0,0.38819625170302,False,True,False,False
PBY257,KIN1,YDR122W,KIN1 S1000  ,1000.0,S,A,True,False,True,point mutation to alanine,"Possible site for CHK1, PMID 19795423|PMID 19823750: 5,20 min 0.4M NaCl ratio (log2); -0.062,0.12|PMID 19823750: best predicted motif = CK1.",1000,1000,source workbook coordinate,P13185,MATCH,102.0,102.0,0.0,0.536829882120947,True,False,False,include: sequence-validated raw-screen strain,True,PBY257,0.00528553627686976,0.958163637407085,0.977818276123128,KIN1 S1000A,False,Y1,1.0,-0.98,,3.0,,,0.0,-0.507119304734588,unchanged,0.0,0.536829882120947,0.0,0.536829882120947,False,True,True,False
PBY259,RAD9,YDR217C,RAD9 S1136,1136.0,S,A,True,False,True,point mutation to alanine,,1136,1136,source workbook coordinate,P14737,MATCH,102.0,102.0,0.0,0.169404448465606,True,False,False,include: sequence-validated raw-screen strain,True,PBY259,0.160077683298948,0.111625622372147,0.261335280612439,RAD9 S1136A,False,S1,0.0,-0.13,,2.0,0.0,1.0,1.0,-0.620177063399448,unchanged,0.0,0.169404448465606,0.0,0.169404448465606,False,True,False,False
PBY266,UPC2,YDR213W,UPC2 S560,560.0,S,A,True,False,True,point mutation to alanine,,560,560,source workbook coordinate,Q12151,MATCH,102.0,102.0,4.0,3.61317042974072e-72,True,False,False,include: sequence-validated raw-screen strain,True,PBY266,0.755452683706659,1.06819975284677e-19,8.50287003266026e-18,UPC2 S560A,False,,1.0,-0.95,,1.0,,,1.0,-0.632250182358208,losses,4.0,3.61317042974072e-72,4.0,3.61317042974072e-72,True,True,False,False
PBY267,ECM22,YLR228C,ECM22 S434,434.0,S,A,True,False,True,point mutation to alanine,,434,434,source workbook coordinate,Q05958,MATCH,102.0,102.0,0.0,0.549992080280796,True,False,False,include: sequence-validated raw-screen strain,True,PBY267,0.179374154521356,0.0741473859909088,0.203305587894021,ECM22 S434A,False,S1,1.0,-0.95,,1.0,,1.0,0.0,-0.746418768512041,unchanged,0.0,0.549992080280796,0.0,0.549992080280796,False,True,False,False
PBY268,PTK2,YJR059W,PTK2 T737  ,737.0,T,A,True,False,True,point mutation to alanine,"Possible site for CK1 PMID 19795423|PMID 19823750: 5,20 min 0.4M NaCl ratio (log2); 0.44,0.475.",737,737,source workbook coordinate,P47116,MATCH,102.0,102.0,6.0,0.000417911439281005,True,False,False,include: sequence-validated raw-screen strain,True,PBY268,-0.271295982392482,0.00606548359565199,0.029803240383574,PTK2 T737A,False,S1,1.0,-0.98,,3.0,0.0,,3.0,,unknown,6.0,0.000417911439281005,6.0,0.000417911439281005,True,True,True,False
PBY271,MSN4,YKL062W,MSN4 S316  ,316.0,S,A,True,False,True,point mutation to alanine,2.0 Reciprocal SILAC ratio pheromone treated:untreated PMID:15665377; 3 peptide occurrences in PMID 17330950|Deletion of protein Kinase YAL017W/PSK1 causes Fold Change logFC -1.867 - PMID 21177495|Deletion of protein Kinase YCR008W/SAT4 causes Fold Change logFC -2.271 - PMID 21177495|Deletion of protein Phosphatase YDL188C/PPH22 causes Fold Change logFC -1.554 - PMID 21177495|Deletion of protein Kinase YGL059W/PKP2 causes Fold Change logFC 1.683 - PMID 21177495|Deletion of protein Kinase YGR262C/BUD32 causes Fold Change logFC -1.614 - PMID 21177495|Deletion of protein Kinase YIL042C/PKP1 causes Fold Change logFC -1.85 - PMID 21177495|Deletion of protein Kinase YJL106W/IME2 causes Fold Change logFC -2.35 - PMID 21177495|Deletion of protein Kinase YJR066W/TOR1 causes Fold Change logFC 1.794 - PMID 21177495|Deletion of protein Kinase YKL198C/PTK1 causes Fold Change logFC -1.571 - PMID 21177495|Deletion of protein Kinase YPL031C/PHO85 causes Fold Change logFC -2.091 - PMID 21177495|Deletion of protein Kinase YPR111W/DBF20 causes Fold Change logFC 1.648 - PMID 21177495.,316,316,source workbook coordinate,P33749,MATCH,102.0,102.0,0.0,0.19586261529835,True,False,False,include: sequence-validated raw-screen strain,True,PBY271,-0.204632276887335,0.041125716279266,0.130944280633183,MSN4 S316A,False,S1,1.0,-0.97,,4.0,5.0,14.0,0.0,-0.587109303473597,unchanged,0.0,0.19586261529835,0.0,0.19586261529835,False,True,False,False
PBY272,HSP82,YPL240C,HSP82 S604  ,604.0,S,A,True,False,True,point mutation to alanine,,604,604,source workbook coordinate,P02829,MATCH,102.0,102.0,0.0,0.711050054120979,True,False,False,include: sequence-validated raw-screen strain,True,PBY272,0.0296191988916809,0.771029662603903,0.865482458972011,HSP82 S604A,False,S1,0.0,-0.26,,,,1.0,2.0,-0.813339745875564,unchanged,0.0,0.711050054120979,0.0,0.711050054120979,False,True,True,False
PBY273,NSG2,YNL156C,NSG2 T215  ,215.0,T,A,True,False,True,point mutation to alanine,,215,215,source workbook coordinate,P53898,MATCH,102.0,102.0,3.0,0.00167900167395172,True,False,False,include: sequence-validated raw-screen strain,True,PBY273,-0.167017870859597,0.0967399035065853,0.234771229241591,NSG2 T215A,False,S1,0.0,-0.01,,1.0,,1.0,2.0,-0.418167582742806,unknown,3.0,0.00167900167395172,3.0,0.00167900167395172,True,True,False,False
PBY274,NSG1,YHR133C,NSG1 S37  ,37.0,S,A,True,False,True,point mutation to alanine,"Possible site for CK1 PMID 19795423|PMID 19823750: 5,20 min 0.4M NaCl ratio (log2); -0.007,-0.415.",37,37,source workbook coordinate,P38837,MATCH,102.0,102.0,0.0,0.234110763905962,True,False,False,include: sequence-validated raw-screen strain,True,PBY274,-0.0397910373796793,0.692788349246327,0.820224063119526,NSG1 S37A,False,,1.0,-0.83,,2.0,,,1.0,-0.807310052461852,unchanged,0.0,0.234110763905962,0.0,0.234110763905962,False,True,False,False
PBY275,SAT4,YCR008W,SAT4 S123,123.0,S,A,True,False,True,point mutation to alanine,,123,123,source workbook coordinate,P25333,MATCH,102.0,102.0,2.0,0.00647907498615624,True,False,False,include: sequence-validated raw-screen strain,True,PBY275,0.179053386104009,0.0732012379790932,0.202320088303327,SAT4 S123A,False,,1.0,-0.98,,1.0,,,0.0,-0.0592570777671942,unknown,2.0,0.00647907498615624,2.0,0.00647907498615624,True,True,True,False
PBY281,YGL140C,YGL140C,YGL140 S1212,1212.0,S,A,True,False,True,point mutation to alanine,,1212,1212,source workbook coordinate,P53120,MATCH,102.0,102.0,0.0,0.32798831301245,True,False,False,include: sequence-validated raw-screen strain,True,PBY281,-0.136001732535319,0.172893940312406,0.344058941221688,YGL140C S1212A,False,S1,1.0,-0.69,,1.0,,1.0,1.0,0.0,unchanged,0.0,0.32798831301245,0.0,0.32798831301245,False,True,False,False
PBY285,TPK1,YJL164C,TPK1 T241,241.0,T,A,True,False,True,point mutation to alanine,,241,241,source workbook coordinate,P06244,MATCH,102.0,102.0,8.0,7.0915255565103e-18,True,False,False,include: sequence-validated raw-screen strain,True,PBY285,0.216108828661884,0.0308109538081736,0.104932222518474,TPK1 T241A,False,Y1,0.0,-0.03,Protein kinase,4.0,,2.0,0.0,0.0,gains,8.0,7.0915255565103e-18,8.0,7.0915255565103e-18,True,True,True,False
PBY286,SWI3,YJL176C,SWI3 S451,451.0,S,A,True,False,True,point mutation to alanine,,451,451,source workbook coordinate,P32591,MATCH,102.0,102.0,10.0,2.47575449412829e-09,True,False,False,include: sequence-validated raw-screen strain,True,PBY286,0.197618426955822,0.0487444035559329,0.150389710195824,SWI3 S451A,False,S1,1.0,-0.78,,,,1.0,0.0,-0.204443585142973,gains,10.0,2.47575449412829e-09,10.0,2.47575449412829e-09,True,True,False,False
PBY288,SWI3,YJL176C,SWI3 S657,657.0,S,A,True,False,True,point mutation to alanine,,657,657,source workbook coordinate,P32591,MATCH,102.0,102.0,0.0,0.663887081443261,True,False,False,include: sequence-validated raw-screen strain,True,PBY288,0.0356257785219423,0.724920398426,0.840965386883734,SWI3 S657A,False,S1,1.0,-0.92,,1.0,,1.0,0.0,0.0,unchanged,0.0,0.663887081443261,0.0,0.663887081443261,False,True,False,False
PBY291,KIN1,YDR122W,KIN1 T990  ,990.0,T,A,True,False,True,point mutation to alanine,,990,990,source workbook coordinate,P13185,MATCH,102.0,102.0,1.0,1.60684544912064e-13,True,False,False,include: sequence-validated raw-screen strain,True,PBY291,-0.329453626561117,0.000767679975539233,0.00555521145935663,KIN1 T990A,False,S1,1.0,-0.99,,,,,1.0,-0.763916481946295,unknown,1.0,1.60684544912064e-13,1.0,1.60684544912064e-13,True,True,True,False
PBY292,PAM1,YDR251W,PAM1 S659,659.0,S,A,True,False,True,point mutation to alanine,1 peptide occurrence in PMID 17330950|PMID 21126336: Predicted protein kinase = YPK2|Deletion of protein Kinase YDR477W/SNF1 causes Fold Change logFC -2.091 - PMID 21177495|Deletion of protein Kinase YKL126W/YPK1 causes Fold Change logFC -1.57 - PMID 21177495|Deletion of protein Kinase YOL045W/PSK2 causes Fold Change logFC 1.734 - PMID 21177495.,659,659,source workbook coordinate,P37304,MATCH,102.0,102.0,0.0,0.498150393850481,True,False,False,include: sequence-validated raw-screen strain,True,PBY292,-0.255064912700262,0.0104343990863766,0.0471919413224761,PAM1 S659A,False,S1,1.0,-0.97,,7.0,0.0,27.0,0.0,0.0,unknown,0.0,0.498150393850481,0.0,0.498150393850481,False,True,False,False
PBY293,PAM1,YDR251W,PAM1 S767,767.0,S,A,True,False,True,point mutation to alanine,"Possible site for CK1 PMID 19795423|PMID 19823750: 5,20 min 0.4M NaCl ratio (log2); -0.782,-0.142.",767,767,source workbook coordinate,P37304,MATCH,102.0,102.0,0.0,0.56850192468766,True,False,False,include: sequence-validated raw-screen strain,True,PBY293,-0.075580370772641,0.454839472123993,0.656959463818821,PAM1 S767A,False,S1,1.0,-0.98,,4.0,0.0,2.0,0.0,-0.675791392617925,unchanged,0.0,0.56850192468766,0.0,0.56850192468766,False,True,False,False
PBY295,HSP82,YPL240C,HSP82 S282,282.0,S,A,True,False,True,point mutation to alanine,,282,282,source workbook coordinate,P02829,MATCH,102.0,102.0,0.0,0.698171298591582,True,False,False,include: sequence-validated raw-screen strain,True,PBY295,-0.27510745035751,0.00585289549950039,0.0291181551100145,HSP82 S282A,False,Y0,0.0,-0.07,,,,1.0,0.0,-0.637613980100774,unknown,0.0,0.698171298591582,0.0,0.698171298591582,False,True,True,False
PBY298,HSP82,YPL240C,HSP82 T612  ,612.0,T,A,True,False,True,point mutation to alanine,,612,612,source workbook coordinate,P02829,MATCH,102.0,102.0,1.0,0.00986117576391521,True,False,False,include: sequence-validated raw-screen strain,True,PBY298,0.234628008407956,0.0194079090075673,0.0771850508168524,HSP82 T612A,False,Y0,0.0,-0.23,,,,1.0,0.0,-0.463846167990699,unknown,1.0,0.00986117576391521,1.0,0.00986117576391521,True,True,True,False
PBY303,TDA1,YMR291W,TDA1 S449,449.0,S,A,True,False,True,point mutation to alanine,"1 peptide occurrence in PMID 17330950|PMID 19823750: 5,20 min 0.4M NaCl ratio (log2); 0.9,1.728|PMID 19823750: best predicted motif = PKD.",449,449,source workbook coordinate,Q03533,MATCH,102.0,102.0,0.0,0.589450991712011,True,False,False,include: sequence-validated raw-screen strain,True,PBY303,-0.093612806428662,0.351784515442198,0.56004094858398,TDA1 S449A,False,Y2,1.0,-0.87,,5.0,2.0,6.0,2.0,0.0,unchanged,0.0,0.589450991712011,0.0,0.589450991712011,False,True,True,False
PBY304,RPD3,YNL330C,RPD3 Y385  ,385.0,Y,A,True,False,True,point mutation to alanine,,385,385,source workbook coordinate,P32561,MATCH,102.0,102.0,0.0,0.485930611752796,True,False,False,include: sequence-validated raw-screen strain,True,PBY304,-0.00432428501114733,0.965767074959202,0.983057022592742,RPD3 Y385A,False,Y2,0.0,-0.04,,,,,0.0,-0.512144928263015,unchanged,0.0,0.485930611752796,0.0,0.485930611752796,False,True,True,False
PBY306,RPD3,YNL330C,RPD3 S408  ,408.0,S,A,True,False,True,point mutation to alanine,,408,408,source workbook coordinate,P32561,MATCH,102.0,102.0,0.0,0.387035671730877,True,False,False,include: sequence-validated raw-screen strain,True,PBY306,0.284197277054146,0.00397377217748333,0.0208609582307019,RPD3 S408A,False,Y1,1.0,-0.94,,3.0,0.0,5.0,0.0,-0.569794079336508,unknown,0.0,0.387035671730877,0.0,0.387035671730877,False,True,True,False
PBY310,YHP1,YDR451C,YHP1 T313,313.0,T,A,True,False,True,point mutation to alanine,,313,313,source workbook coordinate,Q04116,MATCH,102.0,102.0,0.0,0.169404448465606,True,False,False,include: sequence-validated raw-screen strain,True,PBY310,-0.0551658060057184,0.583742637539088,0.746403947034319,YHP1 T313A,False,,1.0,-0.97,,,,,0.0,-0.106632528290648,unchanged,0.0,0.169404448465606,0.0,0.169404448465606,False,True,False,False
PBY311,HOG1,YLR113W,HOG1 Y176,176.0,Y,A,True,False,True,point mutation to alanine,"Activating phosphorylations on HOG1 MAP kinase, mutation of these residues prevent growth on 0.4M KCl|Deletion of protein Kinase YGR262C/BUD32 causes Fold Change logFC -4.367 - PMID 21177495.",176,176,source workbook coordinate,P32485,MATCH,100.0,100.0,10.0,0.000106778784669747,True,False,False,include: sequence-validated raw-screen strain,True,PBY311,0.234002590116832,0.0197432558470297,0.0771850508168524,HOG1 Y176A,True,Y0,0.0,-0.02,Protein kinase,8.0,11.0,24.0,1.0,-0.00254194048314922,gains,10.0,0.000106778784669747,10.0,0.000106778784669747,True,True,True,False
PBY312,MSN4,YKL062W,MSN4 S319  ,319.0,S,A,True,False,True,point mutation to alanine,2.0 Reciprocal SILAC ratio pheromone treated:untreated PMID:15665377; 4 peptide occurrences in PMID 17330950|Deletion of protein Kinase YAL017W/PSK1 causes Fold Change logFC -1.867 - PMID 21177495|Deletion of protein Kinase YCR008W/SAT4 causes Fold Change logFC -2.271 - PMID 21177495|Deletion of protein Phosphatase YDL188C/PPH22 causes Fold Change logFC -1.554 - PMID 21177495|Deletion of protein Kinase YDR477W/SNF1 causes Fold Change logFC -2.263 - PMID 21177495|Deletion of protein Kinase YGR262C/BUD32 causes Fold Change logFC -1.614 - PMID 21177495|Deletion of protein Kinase YIL042C/PKP1 causes Fold Change logFC -1.85 - PMID 21177495|Deletion of protein Kinase YJL106W/IME2 causes Fold Change logFC -2.35 - PMID 21177495|Deletion of protein Kinase YKL139W/CTK1 causes Decreased logFC -7.03 - PMID 21177495|Deletion of protein Kinase YKL198C/PTK1 causes Fold Change logFC -1.571 - PMID 21177495|Deletion of protein Kinase YPL031C/PHO85 causes Fold Change logFC -2.091 - PMID 21177495|Deletion of protein Phosphatase YPL179W/PPQ1 causes Fold Change logFC -1.896 - PMID 21177495.,319,319,source workbook coordinate,P33749,MATCH,102.0,102.0,0.0,0.233121476951377,True,False,False,include: sequence-validated raw-screen strain,True,PBY312,-0.15757018116683,0.117421404505577,0.27013710400705,MSN4 S319A,False,S1,1.0,-0.95,,5.0,11.0,9.0,0.0,,unchanged,0.0,0.233121476951377,0.0,0.233121476951377,False,True,False,False
PBY314,MSN4,YKL062W,MSN4 S360  ,360.0,S,A,True,False,True,point mutation to alanine,,360,360,source workbook coordinate,P33749,MATCH,102.0,102.0,0.0,0.830860061482082,True,False,False,include: sequence-validated raw-screen strain,True,PBY314,0.00620575918359988,0.951137846801029,0.974383156217415,MSN4 S360A,False,Y2,1.0,-0.85,,2.0,1.0,5.0,0.0,-0.77421026736667,unchanged,0.0,0.830860061482082,0.0,0.830860061482082,False,True,False,False
PBY316,MSN4,YKL062W,MSN4 S523  ,523.0,S,A,True,False,True,point mutation to alanine,Deletion of protein Phosphatase YCR079W/PTC6 causes Fold Change logFC 1.622 - PMID 21177495|Deletion of protein Kinase YDL025C/RTK1 causes Fold Change logFC 1.872 - PMID 21177495|Deletion of protein Kinase YKL198C/PTK1 causes Fold Change logFC -1.86 - PMID 21177495|Deletion of protein Kinase YMR291W/TDA1 causes Fold Change logFC 1.604 - PMID 21177495.,523,523,source workbook coordinate,P33749,MATCH,102.0,102.0,0.0,0.639148212989297,True,False,False,include: sequence-validated raw-screen strain,True,PBY316,0.115555708087228,0.252263486301125,0.448489550134556,MSN4 S523A,False,Y2,1.0,-0.7,,1.0,1.0,2.0,1.0,-0.90231217379934,unchanged,0.0,0.639148212989297,0.0,0.639148212989297,False,True,False,False
PBY318,MSN4,YKL062W,MSN4 S532  ,532.0,S,A,True,False,True,point mutation to alanine,PMID 19684113: Down-regulated by rapamycin|Sch9-dependent|Deletion of protein Phosphatase YCR079W/PTC6 causes Fold Change logFC 2.333 - PMID 21177495|Deletion of protein Kinase YAL017W/PSK1 causes Fold Change logFC 1.822 - PMID 21177495|Deletion of protein Kinase YCR008W/SAT4 causes Fold Change logFC 1.836 - PMID 21177495|Deletion of protein Kinase YKL171W/NNK1 causes Fold Change logFC 1.961 - PMID 21177495|Deletion of protein Phosphatase YML057W/CMP2 causes Fold Change logFC 1.995 - PMID 21177495|Deletion of protein Kinase YNL020C/ARK1 causes Fold Change logFC 1.538 - PMID 21177495|Deletion of protein Phosphatase YNL032W/SIW14 causes Fold Change logFC 1.719 - PMID 21177495|Deletion of protein Kinase YOL045W/PSK2 causes Fold Change logFC 1.971 - PMID 21177495|Deletion of protein Kinase YOR231W/MKK1 causes Fold Change logFC 2.444 - PMID 21177495|Deletion of protein Kinase YPL026C/SKS1 causes Fold Change logFC 2.464 - PMID 21177495|Deletion of protein Kinase YPR111W/DBF20 causes Fold Change logFC 2.696 - PMID 21177495.,532,532,source workbook coordinate,P33749,MATCH,102.0,102.0,22.0,6.0225161838359e-12,True,False,False,include: sequence-validated raw-screen strain,True,PBY318,-0.167157096830858,0.0964581301451436,0.234771229241591,MSN4 S532A,False,Y2,1.0,-0.74,,3.0,5.0,3.0,0.0,-0.989551949100647,gains,22.0,6.0225161838359e-12,22.0,6.0225161838359e-12,True,True,False,False
PBY320,PTK2,YJR059W,PTK2 S587  ,587.0,S,A,True,False,True,point mutation to alanine,,587,587,source workbook coordinate,P47116,MATCH,102.0,102.0,1.0,0.00225771716117078,True,False,False,include: sequence-validated raw-screen strain,True,PBY320,-0.323172049175164,0.000979557592376798,0.00672179175458562,PTK2 S587A,False,Y2,1.0,-0.89,,2.0,0.0,,18.0,-0.599431563436165,unknown,1.0,0.00225771716117078,1.0,0.00225771716117078,True,True,True,False
PBY321,PTK2,YJR059W,PTK2 S781  ,781.0,S,A,True,False,True,point mutation to alanine,"Similar to PKD site, PMID 19795423|PMID 19823750: 5,20 min 0.4M NaCl ratio (log2); 0.328,0.17|PMID 19823750: best predicted motif = CK1|PMID 19684113: Down-regulated by cycloheximide|PMID 21126336: Predicted protein kinase = SNF1|Deletion of protein Kinase YCR008W/SAT4 causes Fold Change logFC 1.606 - PMID 21177495.",781,781,source workbook coordinate,P47116,MATCH,102.0,102.0,0.0,0.319642004919347,True,False,False,include: sequence-validated raw-screen strain,True,PBY321,-0.130790419857634,0.192344678630593,0.371617388810562,PTK2 S781A,False,S1,1.0,-0.99,,9.0,0.0,21.0,0.0,-0.257447723473969,unchanged,0.0,0.319642004919347,0.0,0.319642004919347,False,True,True,False
PBY323,NSG1,YHR133C,NSG1 T41  ,41.0,T,A,True,False,True,point mutation to alanine,"Similar to CAMK2 site, PMID 19795423|PMID 19823750: 5,20 min 0.4M NaCl ratio (log2); -0.047,-0.378.",41,41,source workbook coordinate,P38837,MATCH,102.0,102.0,0.0,0.564654350597551,True,False,False,include: sequence-validated raw-screen strain,True,PBY323,-0.131410612051948,0.190226226738033,0.369350696207833,NSG1 T41A,False,,0.0,-0.3,,2.0,,,1.0,-0.106072136700253,unchanged,0.0,0.564654350597551,0.0,0.564654350597551,False,True,False,False
PBY325,NSG1,YHR133C,NSG1 S39  ,39.0,S,A,True,False,True,point mutation to alanine,"PMID 19823750: 5,20 min 0.4M NaCl ratio (log2); -0.224,-0.942.",39,39,source workbook coordinate,P38837,MATCH,102.0,102.0,0.0,0.698953511370703,True,False,False,include: sequence-validated raw-screen strain,True,PBY325,-0.013143688581622,0.896207353311304,0.942320257797212,NSG1 S39A,False,Y2,1.0,-0.69,,5.0,0.0,4.0,0.0,-0.145919776567288,unchanged,0.0,0.698953511370703,0.0,0.698953511370703,False,True,False,False
PBY326,CHO1,YER026C,CHO1 S50,50.0,S,A,True,False,True,point mutation to alanine,14 peptide occurrences in PMID 17330950|Deletion of protein Kinase YKL171W/NNK1 causes Fold Change logFC -2.342 - PMID 21177495.,50,50,source workbook coordinate,P08456,MATCH,102.0,102.0,27.0,1.18188683988777e-58,True,False,False,include: sequence-validated raw-screen strain,True,PBY326,-0.286965656011609,0.00345277221778229,0.0188247033243473,CHO1 S50A,False,Y1,1.0,-0.95,,6.0,1.0,62.0,1.0,-0.739459010341912,gains,27.0,1.18188683988777e-58,27.0,1.18188683988777e-58,True,True,False,False
PBY327,INO1,YJL153C,INO1 S42  ,42.0,S,A,True,False,True,point mutation to alanine,,42,42,source workbook coordinate,P11986,MATCH,102.0,102.0,21.0,1.63730770927758e-66,True,False,False,include: sequence-validated raw-screen strain,True,PBY327,-0.418963833172171,1.43592821213999e-05,0.000154459304981545,INO1 S42A,False,S1,0.0,-0.01,,1.0,0.0,1.0,0.0,-0.710364963531387,gains,21.0,1.63730770927758e-66,21.0,1.63730770927758e-66,True,True,True,False
PBY328,INO1,YJL153C,INO1 T48  ,48.0,T,A,True,False,True,point mutation to alanine,,48,48,source workbook coordinate,P11986,MATCH,102.0,102.0,0.0,0.0607685498885857,True,False,False,include: sequence-validated raw-screen strain,True,PBY328,0.36868170159431,0.000160440310509772,0.00145125553597475,INO1 T48A,False,Y1,0.0,-0.01,,1.0,,1.0,0.0,-0.750417070807187,unknown,0.0,0.0607685498885857,0.0,0.0607685498885857,False,True,True,False
PBY330,ERG6,YML008C,ERG6 S375,375.0,S,A,True,False,True,point mutation to alanine,,375,375,source workbook coordinate,P25087,MATCH,102.0,102.0,0.0,0.125306293645565,True,False,False,include: sequence-validated raw-screen strain,True,PBY330,0.0927262685668608,0.356384100769492,0.565103076120549,ERG6 S375A,False,S1,1.0,-0.91,,1.0,0.0,1.0,0.0,,unchanged,0.0,0.125306293645565,0.0,0.125306293645565,False,True,False,False
PBY333,CTR9,YOL145C,CTR9 Y642 ,642.0,Y,A,True,False,True,point mutation to alanine,,642,642,source workbook coordinate,P89105,MATCH,102.0,102.0,0.0,0.513757304414455,True,False,False,include: sequence-validated raw-screen strain,True,PBY333,-0.192981657481767,0.051979063190514,0.159135901152497,CTR9 Y642A,False,S1,0.0,-0.02,,,,,0.0,-0.040943631745922,unchanged,0.0,0.513757304414455,0.0,0.513757304414455,False,True,False,False
PBY334,ECM22,YLR228C,ECM22 S464,464.0,S,A,True,False,True,point mutation to alanine,,464,464,source workbook coordinate,Q05958,MATCH,102.0,102.0,39.0,8.88868666333722e-95,True,False,False,include: sequence-validated raw-screen strain,True,,,,,,,,,,,,,,,,,,,39.0,8.88868666333722e-95,True,False,False,False
PBY335,HSP82,YPL240C,HSP82 S297,297.0,S,A,True,False,True,point mutation to alanine,,297,297,source workbook coordinate,P02829,MATCH,102.0,102.0,3.0,0.0170420378125957,True,False,False,include: sequence-validated raw-screen strain,True,PBY335,0.628090348305576,3.43195078057502e-12,1.13826367555738e-10,HSP82 S297A,False,Y0,0.0,-0.01,,,,2.0,0.0,-0.255934246434032,losses,3.0,0.0170420378125957,3.0,0.0170420378125957,True,True,True,False
PBY336,HSP82,YPL240C,HSP82 S379  ,379.0,S,A,True,False,True,point mutation to alanine,,379,379,source workbook coordinate,P02829,MATCH,102.0,102.0,0.0,0.340887474081811,True,False,False,include: sequence-validated raw-screen strain,True,PBY336,0.306739206468129,0.00201469401459253,0.011967883847878,HSP82 S379A,False,S1,0.0,-0.2,,,,1.0,1.0,-0.0185220311049886,unknown,0.0,0.340887474081811,0.0,0.340887474081811,False,True,True,False
PBY337,MSN4,YKL062W,MSN4 S263  ,263.0,S,A,True,False,True,point mutation to alanine,1 peptide occurrence in PMID 17330950.,263,263,source workbook coordinate,P33749,MATCH,102.0,102.0,0.0,0.457741329247964,True,False,False,include: sequence-validated raw-screen strain,True,PBY337,-0.126091174628913,0.211279482810023,0.394174351084015,MSN4 S263A,False,Y2,1.0,-0.75,,2.0,0.0,8.0,1.0,-0.0561061119106317,unchanged,0.0,0.457741329247964,0.0,0.457741329247964,False,True,False,False
PBY338,MSN4,YKL062W,MSN4 S279  ,279.0,S,A,True,False,True,point mutation to alanine,,279,279,source workbook coordinate,P33749,MATCH,101.0,101.0,23.0,3.71263229308973e-16,True,False,False,include: sequence-validated raw-screen strain,True,,,,,,,,,,,,,,,,,,,23.0,3.71263229308973e-16,True,False,False,False
PBY340,NSG2,YNL156C,NSG2 T13  ,13.0,T,A,True,False,True,point mutation to alanine,2 peptide occurrences in PMID 17330950.,13,13,source workbook coordinate,P53898,MATCH,102.0,102.0,22.0,2.9469052388719e-38,True,False,False,include: sequence-validated raw-screen strain,True,PBY340,-0.171132019137269,0.0886827696115464,0.224813645257296,NSG2 T13A,False,,0.0,-0.29,,1.0,,,2.0,-0.781863359426795,gains,22.0,2.9469052388719e-38,22.0,2.9469052388719e-38,True,True,False,False
PBY342,HMG1,YML075C,HMG1 S551,551.0,S,A,True,False,True,point mutation to alanine,"PMID 21126336: Predicted protein kinase = SNF1, accumulates in nat3 cells.",551,551,source workbook coordinate,P12683,MATCH,102.0,102.0,5.0,0.00960142143437758,True,False,False,include: sequence-validated raw-screen strain,True,PBY342,0.125273944627508,0.211942992793918,0.394174351084015,HMG1 S551A,False,,1.0,-0.97,,1.0,,,1.0,-0.766469369088013,unknown,5.0,0.00960142143437758,5.0,0.00960142143437758,True,True,True,False
PBY343,HMG1,YML075C,HMG1 S580,580.0,S,A,True,False,True,point mutation to alanine,3 peptide occurrences in PMID 17330950.,580,580,source workbook coordinate,P12683,MATCH,102.0,102.0,0.0,0.131312346921491,True,False,False,include: sequence-validated raw-screen strain,True,PBY343,-0.145127437745445,0.147606855015902,0.315791396431171,HMG1 S580A,False,S1,1.0,-0.99,,3.0,0.0,6.0,0.0,-0.838948789778347,unchanged,0.0,0.131312346921491,0.0,0.131312346921491,False,True,True,False
PBY345,CHO1,YER026C,CHO1 T54,54.0,T,A,True,False,True,point mutation to alanine,,54,54,source workbook coordinate,P08456,MATCH,102.0,102.0,0.0,0.814833638404028,True,False,False,include: sequence-validated raw-screen strain,True,PBY345,-0.052538882216598,0.599972878944571,0.753278251797916,CHO1 T54A,False,Y2,1.0,-0.91,,2.0,0.0,4.0,0.0,-0.798107841126168,unchanged,0.0,0.814833638404028,0.0,0.814833638404028,False,True,False,False
PBY346,CHO1,YER026C,CHO1 Y32,32.0,Y,A,True,False,True,point mutation to alanine,,32,32,source workbook coordinate,P08456,MATCH,102.0,102.0,0.0,0.244170330894677,True,False,False,include: sequence-validated raw-screen strain,True,PBY346,0.220971071132777,0.0256242540248694,0.0944301213138705,CHO1 Y32A,False,S1,1.0,-0.97,,1.0,,1.0,0.0,-0.454502828286188,unchanged,0.0,0.244170330894677,0.0,0.244170330894677,False,True,False,False
PBY347,CHO1,YER026C,CHO1 S4,4.0,S,A,True,False,True,point mutation to alanine,5 peptide occurrences in PMID 17330950.,4,4,source workbook coordinate,P08456,MATCH,102.0,102.0,1.0,0.0347244820852125,True,False,False,include: sequence-validated raw-screen strain,True,PBY347,0.18667182498525,0.0602982633194333,0.175173056942587,CHO1 S4A,False,S1,1.0,-0.96,,3.0,0.0,19.0,0.0,,unknown,1.0,0.0347244820852125,1.0,0.0347244820852125,True,True,False,False
PBY348,CHO1,YER026C,CHO1 S47,47.0,S,A,True,False,True,point mutation to alanine,14 peptide occurrences in PMID 17330950|A Cho1-46/47A mutant has decreased PS synthetase activity.,47,47,source workbook coordinate,P08456,MATCH,102.0,102.0,0.0,0.0837302599220986,True,False,False,include: sequence-validated raw-screen strain,True,PBY348,-0.125311884133455,0.20949926277153,0.394174351084015,CHO1 S47A,True,Y0,1.0,-0.97,,8.0,12.0,142.0,0.0,-0.917622402538218,unchanged,0.0,0.0837302599220986,0.0,0.0837302599220986,False,True,False,False
PBY350,CHO1,YER026C,CHO1 T53,53.0,T,A,True,False,True,point mutation to alanine,2 peptide occurrences in PMID 17330950.,53,53,source workbook coordinate,P08456,MATCH,102.0,102.0,0.0,0.198244274119323,True,False,False,include: sequence-validated raw-screen strain,True,PBY350,-0.0340615026047614,0.733959507003747,0.84671270663041,CHO1 T53A,False,S1,1.0,-0.93,,3.0,0.0,6.0,0.0,-0.868139571603254,unchanged,0.0,0.198244274119323,0.0,0.198244274119323,False,True,False,False
PBY352,ECM22,YLR228C,ECM22 S445,445.0,S,A,True,False,True,point mutation to alanine,,445,445,source workbook coordinate,Q05958,MATCH,102.0,102.0,0.0,0.168181548976965,True,False,False,include: sequence-validated raw-screen strain,True,PBY352,0.375737239676831,0.000117021358349199,0.00110891668149956,ECM22 S445A,False,Y2,1.0,-0.94,,1.0,0.0,1.0,0.0,-0.499521873855843,unknown,0.0,0.168181548976965,0.0,0.168181548976965,False,True,False,False
PBY353,HSP82,YPL240C,HSP82 T533  ,533.0,T,A,True,False,True,point mutation to alanine,,533,533,source workbook coordinate,P02829,MATCH,102.0,102.0,1.0,2.38608855437731e-07,True,False,False,include: sequence-validated raw-screen strain,True,PBY353,0.132748280447684,0.190243449051773,0.369350696207833,HSP82 T533A,False,Y0,1.0,-0.74,,,,1.0,0.0,-0.506703569863367,unknown,1.0,2.38608855437731e-07,1.0,2.38608855437731e-07,True,True,True,False
PBY354,RAD9,YDR217C,RAD9 S937,937.0,S,A,True,False,True,point mutation to alanine,,937,937,source workbook coordinate,P14737,MATCH,102.0,102.0,0.0,0.496615281715871,True,False,False,include: sequence-validated raw-screen strain,True,PBY354,0.20558090288341,0.0401759985842713,0.128951995455967,RAD9 S937A,False,Y2,1.0,-0.97,,2.0,6.0,2.0,0.0,-0.327170752773838,unchanged,0.0,0.496615281715871,0.0,0.496615281715871,False,True,False,False
PBY357,SWI3,YJL176C,SWI3 T446,446.0,T,A,True,False,True,point mutation to alanine,,446,446,source workbook coordinate,P32591,MATCH,102.0,102.0,0.0,0.300926102921686,True,False,False,include: sequence-validated raw-screen strain,True,PBY357,-0.0732093286506338,0.469150949355389,0.666864563726589,SWI3 T446A,False,S1,1.0,-0.88,,,,1.0,0.0,-0.26755626205433,unchanged,0.0,0.300926102921686,0.0,0.300926102921686,False,True,False,False
PBY359,STE20,YHL007C,STE20 S502,502.0,S,A,True,False,True,point mutation to alanine,"Mutation of this residue did not produce a detectable phenotype|PMID 19823750: 5,20 min 0.4M NaCl ratio (log2); 0.359,-0.376|PMID 19823750: best predicted motif = CDK2.",502,502,source workbook coordinate,Q03497,MATCH,102.0,102.0,0.0,0.509414854355498,True,False,False,include: sequence-validated raw-screen strain,True,PBY359,-0.161907025372241,0.105752339735342,0.253550790449796,STE20 S502A,False,Y2,1.0,-0.98,,7.0,0.0,28.0,1.0,-0.212654901548213,unchanged,0.0,0.509414854355498,0.0,0.509414854355498,False,True,True,False
PBY365,STE20,YHL007C,STE20 T575,575.0,T,A,True,False,True,point mutation to alanine,,575,575,source workbook coordinate,Q03497,MATCH,100.0,100.0,0.0,0.422315041205267,True,False,False,include: sequence-validated raw-screen strain,True,PBY365,-0.0451577129468919,0.657162806768148,0.787803605703984,STE20 T575A,False,S1,1.0,-0.99,,1.0,,,0.0,-0.751755192664423,unchanged,0.0,0.422315041205267,0.0,0.422315041205267,False,True,True,False
PBY419,MKK1,YOR231W,MKK1 S192 ,192.0,S,A,True,False,True,point mutation to alanine,,192,192,source workbook coordinate,P32490,MATCH,102.0,102.0,1.0,2.95029682422946e-05,True,False,False,include: sequence-validated raw-screen strain,True,PBY419,0.114975272523406,0.254669945553793,0.448489550134556,MKK1 S192A,False,S1,1.0,-0.97,,2.0,,1.0,0.0,-0.757221326736499,unknown,1.0,2.95029682422946e-05,1.0,2.95029682422946e-05,True,True,True,False
PBY420,MKK1,YOR231W,MKK1 S194 ,194.0,S,A,True,False,True,point mutation to alanine,,194,194,source workbook coordinate,P32490,MATCH,102.0,102.0,1.0,0.013622832537106,True,False,False,include: sequence-validated raw-screen strain,True,PBY420,0.0923833589796572,0.360624543820981,0.56955781127282,MKK1 S194A,False,,1.0,-0.94,,2.0,,,0.0,-0.745266339060234,unknown,1.0,0.013622832537106,1.0,0.013622832537106,True,True,True,False
PBY421,MKK1,YOR231W,MKK1 Y195 ,195.0,Y,A,True,False,True,point mutation to alanine,,195,195,source workbook coordinate,P32490,MATCH,102.0,102.0,24.0,1.00631427875458e-15,True,False,False,include: sequence-validated raw-screen strain,True,PBY421,0.353302160552574,0.000311418400329643,0.00252948006798363,MKK1 Y195A,False,,1.0,-0.93,,1.0,,,3.0,-0.526899724419981,gains,24.0,1.00631427875458e-15,24.0,1.00631427875458e-15,True,True,True,False
PBY423,MKK1,YOR231W,MKK1 S458 ,458.0,S,A,True,False,True,point mutation to alanine,,458,458,source workbook coordinate,P32490,MATCH,102.0,102.0,1.0,0.00248304302622025,True,False,False,include: sequence-validated raw-screen strain,True,PBY423,0.298651970432766,0.0025430641881517,0.0146686890852808,MKK1 S458A,False,,0.0,-0.03,Protein kinase,1.0,,,0.0,-0.0596373104595885,unknown,1.0,0.00248304302622025,1.0,0.00248304302622025,True,True,True,False
PBY425,SLT2,YHR030C,SLT2 S340 ,340.0,S,A,True,False,True,point mutation to alanine,,340,340,source workbook coordinate,Q00772,MATCH,102.0,102.0,0.0,0.436826619288754,True,False,False,include: sequence-validated raw-screen strain,True,PBY425,-0.162021850634312,0.112843923403185,0.262642581955951,SLT2 S340A,False,,0.0,-0.07,,1.0,,,0.0,-0.754596752358425,unchanged,0.0,0.436826619288754,0.0,0.436826619288754,False,True,True,False
PBY426,SLT2,YHR030C,SLT2 S414 ,414.0,S,A,True,False,True,point mutation to alanine,,414,414,source workbook coordinate,Q00772,MATCH,102.0,102.0,12.0,2.66561261561669e-10,True,False,False,include: sequence-validated raw-screen strain,True,PBY426,0.695340834270485,2.72874179867358e-15,1.20671026208009e-13,SLT2 S414A,False,,1.0,-0.98,,1.0,,,0.0,-0.74649817469443,losses,12.0,2.66561261561669e-10,12.0,2.66561261561669e-10,True,True,True,False
PBY427,SLT2,YHR030C,SLT2 T453 ,453.0,T,A,True,False,True,point mutation to alanine,,453,453,source workbook coordinate,Q00772,MATCH,102.0,102.0,0.0,0.405812828876238,True,False,False,include: sequence-validated raw-screen strain,True,PBY427,0.313939806372402,0.00173954132229605,0.0108177725980285,SLT2 T453A,False,,1.0,-0.97,,1.0,,,0.0,-0.694330432561418,unknown,0.0,0.405812828876238,0.0,0.405812828876238,False,True,True,False
PBY428,ASF1,YJL115W,ASF1 T270,270.0,T,A,True,False,True,point mutation to alanine,"Similar to NEK6 site, PMID 19795423|PMID 19823750: 5,20 min 0.4M NaCl ratio (log2); -0.754,-0.502|PMID 19823750: best predicted motif = Polo box|Deletion of protein Kinase YKL171W/NNK1 causes Fold Change logFC 1.666 - PMID 21177495.",270,270,source workbook coordinate,P32447,MATCH,102.0,102.0,0.0,0.717107585997569,True,False,False,include: sequence-validated raw-screen strain,True,PBY428,-0.0623815293953581,0.53543747340927,0.717522270763938,ASF1 T270A,False,Y0,1.0,-0.97,,7.0,2.0,6.0,0.0,,unchanged,0.0,0.717107585997569,0.0,0.717107585997569,False,True,False,False
PBY430,SHP1,YBL058W,SHP1 S128 ,128.0,S,A,True,False,True,point mutation to alanine,PMID 21126336: Predicted protein kinase = SCH9,128,128,source workbook coordinate,P34223,MATCH,102.0,102.0,0.0,0.343084254249889,True,False,False,include: sequence-validated raw-screen strain,True,PBY430,0.00352440625095132,0.972238375171688,0.984607820148427,SHP1 S128A,False,Y2,1.0,-0.82,,2.0,,18.0,0.0,-0.035597592004858,unchanged,0.0,0.343084254249889,0.0,0.343084254249889,False,True,False,False
PBY431,SHP1,YBL058W,SHP1 S315 ,315.0,S,A,True,False,True,point mutation to alanine,"6 peptide occurrences in PMID 17330950|PMID 19823750: 5,20 min 0.4M NaCl ratio (log2); 0.19,0.391|PMID 19823750: best predicted motif = CAMK2|PMID 21126336: Predicted protein kinase = CDC28",315,315,source workbook coordinate,P34223,MATCH,102.0,102.0,0.0,0.244095692681387,True,False,False,include: sequence-validated raw-screen strain,True,PBY431,-0.0893061341939469,0.37691182863711,0.588278069794392,SHP1 S315A,False,Y0,1.0,-0.79,,11.0,2.0,111.0,0.0,-0.0765785673563349,unchanged,0.0,0.244095692681387,0.0,0.244095692681387,False,True,False,False
PBY432,SHP1,YBL058W,SHP1 S321 ,321.0,S,A,True,False,True,point mutation to alanine,1 peptide occurrence in PMID 17330950|Deletion of protein Kinase YDR466W/PKH3 causes Fold Change logFC 1.648 - PMID 21177495|Deletion of protein Kinase YGR262C/BUD32 causes Fold Change logFC 1.754 - PMID 21177495|Deletion of protein Kinase YMR216C/SKY1 causes Fold Change logFC 1.976 - PMID 21177495|Deletion of protein Kinase YPL140C/MKK2 causes Fold Change logFC -1.612 - PMID 21177495.,321,321,source workbook coordinate,P34223,MATCH,102.0,102.0,0.0,0.405812828876238,True,False,False,include: sequence-validated raw-screen strain,True,PBY432,-0.169781122882685,0.0912674441275455,0.22822036957927,SHP1 S321A,False,S1,1.0,-0.94,,6.0,3.0,14.0,0.0,-0.779792667304438,unchanged,0.0,0.405812828876238,0.0,0.405812828876238,False,True,False,False
PBY434,DBF20,YPR111W,DBF20 T359,359.0,T,A,True,False,True,point mutation to alanine,,359,359,source workbook coordinate,P32328,MATCH,102.0,102.0,0.0,0.237441544678512,True,False,False,include: sequence-validated raw-screen strain,True,PBY434,0.0532215758022753,0.598959466968224,0.753278251797916,DBF20 T359A,False,S1,0.0,-0.08,Protein kinase,,,1.0,1.0,-0.652582103654679,unchanged,0.0,0.237441544678512,0.0,0.237441544678512,False,True,True,False
PBY435,ELM1,YKL048C,ELM1 T551,551.0,T,A,True,False,True,point mutation to alanine,Mutation of this residue produces an enlarged cell phenotype.,551,551,source workbook coordinate,P32801,MATCH,102.0,102.0,0.0,0.498003361577705,True,False,False,include: sequence-validated raw-screen strain,True,PBY435,-0.141804525438292,0.161482137163693,0.336491573775654,ELM1 T551A,False,,1.0,-0.92,,1.0,,,3.0,-0.288111295826267,unchanged,0.0,0.498003361577705,0.0,0.498003361577705,False,True,True,False
PBY436,NHP10,YDL002C,NHP10 S47 ,47.0,S,A,True,False,True,point mutation to alanine,,47,47,source workbook coordinate,Q03435,MATCH,102.0,102.0,0.0,0.557131770836727,True,False,False,include: sequence-validated raw-screen strain,True,PBY436,-0.111363718175985,0.26755382601941,0.464825366429873,NHP10 S47A,False,S1,0.0,-0.23,,1.0,,1.0,1.0,-0.626165566196818,unchanged,0.0,0.557131770836727,0.0,0.557131770836727,False,True,False,False
PBY437,CDC40,YDR364C,CDC40 S11,11.0,S,A,True,False,True,point mutation to alanine,,11,11,source workbook coordinate,P40968,MATCH,102.0,102.0,0.0,0.342276840635633,True,False,False,include: sequence-validated raw-screen strain,True,PBY437,-0.0717781718578367,0.475657959505623,0.671318680437014,CDC40 S11A,False,Y2,1.0,-0.85,,,,1.0,0.0,-0.916492217382271,unchanged,0.0,0.342276840635633,0.0,0.342276840635633,False,True,False,False
PBY438,HIR1,YBL008W,HIR1 S581,581.0,S,A,True,False,True,point mutation to alanine,,581,581,source workbook coordinate,P32479,MATCH,102.0,102.0,0.0,0.322120953117854,True,False,False,include: sequence-validated raw-screen strain,True,PBY438,-0.0795322206564076,0.431533554640761,0.633765146667981,HIR1 S581A,False,S1,1.0,-0.98,,,0.0,1.0,1.0,-0.15432273831882,unchanged,0.0,0.322120953117854,0.0,0.322120953117854,False,True,False,False
PBY440,HIR1,YBL008W,HIR1 S602,602.0,S,A,True,False,True,point mutation to alanine,,602,602,source workbook coordinate,P32479,MATCH,102.0,102.0,0.0,0.324248956220136,True,False,False,include: sequence-validated raw-screen strain,True,PBY440,-0.240209054001713,0.0160732494193428,0.0659500336999837,HIR1 S602A,False,S1,1.0,-0.96,,1.0,,1.0,0.0,-0.772002336305857,unchanged,0.0,0.324248956220136,0.0,0.324248956220136,False,True,False,False
PBY441,PHO23,YNL097C,PHO23 S150 ,150.0,S,A,True,False,True,point mutation to alanine,,150,150,source workbook coordinate,P50947,MATCH,102.0,102.0,0.0,0.172394696024746,True,False,False,include: sequence-validated raw-screen strain,True,PBY441,0.233635512802929,0.0187017334472241,0.0751847465858102,PHO23 S150A,False,S1,1.0,-0.85,,,,1.0,0.0,-1.0,unchanged,0.0,0.172394696024746,0.0,0.172394696024746,False,True,True,False
PBY445,PHO23,YNL097C,PHO23 S264 ,264.0,S,A,True,False,True,point mutation to alanine,,264,264,source workbook coordinate,P50947,MATCH,102.0,102.0,0.0,0.271930876236206,True,False,False,include: sequence-validated raw-screen strain,True,PBY445,-0.0143800730792232,0.886506222730979,0.938376267678005,PHO23 S264A,False,S1,1.0,-0.97,,,,1.0,0.0,-0.508077518571925,unchanged,0.0,0.271930876236206,0.0,0.271930876236206,False,True,True,False
PBY447,RVB2,YPL235W,RVB2 T11 ,11.0,T,A,True,False,True,point mutation to alanine,,11,11,source workbook coordinate,Q12464,MATCH,102.0,102.0,0.0,0.666146455571907,True,False,False,include: sequence-validated raw-screen strain,True,PBY447,,,1.0,RVB2 T11A,False,S1,1.0,-0.88,,,,1.0,0.0,-0.336946052163344,unchanged,0.0,0.666146455571907,0.0,0.666146455571907,False,True,True,False
PBY448,SKY1,YMR216C,SKY1 S725 ,725.0,S,A,True,False,True,point mutation to alanine,,725,725,source workbook coordinate,Q03656,MATCH,102.0,102.0,0.0,0.397137581322312,True,False,False,include: sequence-validated raw-screen strain,True,PBY448,0.000804129034903297,0.993632306108262,0.99604177705549,SKY1 S725A,False,,0.0,-0.33,,1.0,,,0.0,-0.07043765450453,unchanged,0.0,0.397137581322312,0.0,0.397137581322312,False,True,True,False
PBY450,LHP1,YDL051W,LHP1 S15 ,15.0,S,A,True,False,True,point mutation to alanine,"Possible CK2 site, PMID 19795423|PMID 19823750: 5,20 min 0.4M NaCl ratio (log2); -0.304,-0.116|PMID 19823750: best predicted motif = GSK3.",15,15,source workbook coordinate,P33399,MATCH,102.0,102.0,0.0,0.414075077924099,True,False,False,include: sequence-validated raw-screen strain,True,PBY450,0.01848951814395,0.854389941590815,0.919469340420067,LHP1 S15A,False,S1,1.0,-0.93,,3.0,1.0,7.0,1.0,-0.461204354603484,unchanged,0.0,0.414075077924099,0.0,0.414075077924099,False,True,False,False
PBY451,LHP1,YDL051W,LHP1 T26 ,26.0,T,A,True,False,True,point mutation to alanine,"Similar to FHA KAPP site, PMID 19795423|PMID 19823750: 5,20 min 0.4M NaCl ratio (log2); 0.486,0.334.",26,26,source workbook coordinate,P33399,MATCH,102.0,102.0,1.0,0.0472049244419657,True,False,False,include: sequence-validated raw-screen strain,True,PBY451,0.126498493447464,0.207474425340535,0.393213434693014,LHP1 T26A,False,,0.0,-0.28,HTH La-type RNA-binding,2.0,,,1.0,,unknown,1.0,0.0472049244419657,1.0,0.0472049244419657,True,True,False,False
PBY453,SKY1,YMR216C,SKY1 S396 ,396.0,S,A,True,False,True,point mutation to alanine,,396,396,source workbook coordinate,Q03656,MATCH,102.0,102.0,0.0,0.0775247196572651,True,False,False,include: sequence-validated raw-screen strain,True,PBY453,-0.0171419143236708,0.864898268464197,0.925348147442878,SKY1 S396A,False,S1,1.0,-0.98,Protein kinase,2.0,,1.0,2.0,-1.0,unchanged,0.0,0.0775247196572651,0.0,0.0775247196572651,False,True,True,False
PBY454,SLA1,YBL007C,SLA1 T1065,1065.0,T,A,True,False,True,point mutation to alanine,,1065,1065,source workbook coordinate,P32790,MATCH,102.0,102.0,0.0,0.211804223546018,True,False,False,include: sequence-validated raw-screen strain,True,PBY454,-0.157829233198515,0.116812077537742,0.27013710400705,SLA1 T1065A,False,,1.0,-0.98,,1.0,,,0.0,-0.186148513975624,unchanged,0.0,0.211804223546018,0.0,0.211804223546018,False,True,False,False
PBY455,SLA1,YBL007C,SLA1 T797,797.0,T,A,True,False,True,point mutation to alanine,"3 peptide occurrences in PMID 17330950|Resembles WW GroupIV motif, PMID 1979523.",797,797,source workbook coordinate,P32790,MATCH,102.0,102.0,0.0,0.599112295121273,True,False,False,include: sequence-validated raw-screen strain,True,PBY455,0.0105939323379725,0.916685020959311,0.955080205083261,SLA1 T797A,False,Y1,1.0,-0.98,,4.0,0.0,2.0,1.0,-0.0276372470587073,unchanged,0.0,0.599112295121273,0.0,0.599112295121273,False,True,False,False
PBY456,SLA1,YBL007C,SLA1 S799,799.0,S,A,True,False,True,point mutation to alanine,"1 peptide occurrence in PMID 17330950|PMID 19823750: 5,20 min 0.4M NaCl ratio (log2); 0.146,0.197.",799,799,source workbook coordinate,P32790,MATCH,102.0,102.0,0.0,0.268027877844914,True,False,False,include: sequence-validated raw-screen strain,True,PBY456,-0.24137702376598,0.0155499547713454,0.0644675208228694,SLA1 S799A,False,Y1,1.0,-0.98,,7.0,0.0,5.0,0.0,0.0,unchanged,0.0,0.268027877844914,0.0,0.268027877844914,False,True,False,False
PBY457,SLA1,YBL007C,SLA1 T834,834.0,T,A,True,False,True,point mutation to alanine,,834,834,source workbook coordinate,P32790,MATCH,102.0,102.0,0.0,0.691786642044746,True,False,False,include: sequence-validated raw-screen strain,True,PBY457,-0.00712474185563908,0.943913061193283,0.970742631408079,SLA1 T834A,False,Y2,1.0,-0.97,,1.0,,,1.0,-0.759218033033336,unchanged,0.0,0.691786642044746,0.0,0.691786642044746,False,True,False,False
PBY458,SLA1,YBL007C,SLA1 T945,945.0,T,A,True,False,True,point mutation to alanine,,945,945,source workbook coordinate,P32790,MATCH,102.0,102.0,0.0,0.474619930791378,True,False,False,include: sequence-validated raw-screen strain,True,PBY458,-0.13818321654241,0.170360538689848,0.344058941221688,SLA1 T945A,False,Y2,1.0,-0.97,,,,2.0,1.0,-0.658922719215542,unchanged,0.0,0.474619930791378,0.0,0.474619930791378,False,True,False,False
PBY459,VMA2,YBR127C,VMA2 T501,501.0,T,A,True,False,True,point mutation to alanine,PMID 21126336: Predicted protein kinase = CKA2,501,501,source workbook coordinate,P16140,MATCH,102.0,102.0,0.0,0.377343567960878,True,False,False,include: sequence-validated raw-screen strain,True,PBY459,-0.079723347658032,0.430423946188814,0.633765146667981,VMA2 T501A,False,S1,1.0,-0.99,,3.0,0.0,2.0,0.0,,unchanged,0.0,0.377343567960878,0.0,0.377343567960878,False,True,True,False
PBY461,VMA2,YBR127C,VMA2 S378,378.0,S,A,True,False,True,point mutation to alanine,,378,378,source workbook coordinate,P16140,MATCH,102.0,102.0,6.0,0.00582198894432339,True,False,False,include: sequence-validated raw-screen strain,True,PBY461,0.0950326797634691,0.346956217851815,0.554572589176797,VMA2 S378A,False,S1,0.0,-0.08,,,,1.0,0.0,0.0,unknown,6.0,0.00582198894432339,6.0,0.00582198894432339,True,True,True,False
PBY462,VMA2,YBR127C,VMA2 S380,380.0,S,A,True,False,True,point mutation to alanine,,380,380,source workbook coordinate,P16140,MATCH,102.0,102.0,7.0,1.8869000946881e-22,True,False,False,include: sequence-validated raw-screen strain,True,PBY462,0.111233442887499,0.270560461520166,0.466160448852926,VMA2 S380A,False,S1,0.0,-0.09,,,,1.0,1.0,0.0,gains,7.0,1.8869000946881e-22,7.0,1.8869000946881e-22,True,True,True,False
PBY463,VMA2,YBR127C,VMA2 S511,511.0,S,A,True,False,True,point mutation to alanine,"5 peptide occurrences in PMID 17330950|Mec1/ Tel1 dependent, Rad53 independent in PMID 17563356 (6 peptides)|PMID 19823750: 5,20 min 0.4M NaCl ratio (log2); 0.174,-0.424|PMID 19823750: best predicted motif = CK2|PMID 21126336: Predicted protein kinase = CKA2, accumulates in nat3 cells.",511,511,source workbook coordinate,P16140,MATCH,102.0,102.0,0.0,0.596493686139688,True,False,False,include: sequence-validated raw-screen strain,True,PBY463,-0.106827145174631,0.290114127437007,0.481105927999703,VMA2 S511A,False,S1,1.0,-0.96,,9.0,0.0,19.0,0.0,,unchanged,0.0,0.596493686139688,0.0,0.596493686139688,False,True,True,False
PBY471,VMA2,YBR127C,VMA2 Y485,485.0,Y,A,True,False,True,point mutation to alanine,"Possible PKA site PMID 19795423|PMID 19823750: 5,20 min 0.4M NaCl ratio (log2); 0.113,0.376|PMID 19823750: best predicted motif = SRC.",485,485,source workbook coordinate,P16140,MATCH,102.0,102.0,4.0,0.00112110938664762,True,False,False,include: sequence-validated raw-screen strain,True,PBY471,0.183143852438874,0.0681714235663993,0.193801618424478,VMA2 Y485A,False,,0.0,-0.17,,2.0,,,0.0,-0.0665167752759168,unknown,4.0,0.00112110938664762,4.0,0.00112110938664762,True,True,True,False
PBY473,VMA2,YBR127C,VMA2 Y284,284.0,Y,A,True,False,True,point mutation to alanine,,284,284,source workbook coordinate,P16140,MATCH,96.0,96.0,15.0,4.9523631318396e-22,True,False,False,include: sequence-validated raw-screen strain,True,PBY473,0.695504601870772,5.22860022286496e-15,1.89180262609114e-13,VMA2 Y284A,False,Y0,0.0,-0.03,,,,1.0,5.0,-0.00489959795725244,losses,15.0,4.9523631318396e-22,15.0,4.9523631318396e-22,True,True,True,False
PBY475,VMA2,YBR127C,VMA2 Y370,370.0,Y,A,True,False,True,point mutation to alanine,,370,370,source workbook coordinate,P16140,MATCH,102.0,102.0,1.0,0.00945177471401041,True,False,False,include: sequence-validated raw-screen strain,True,PBY475,-0.0459349450014515,0.649962733132083,0.787555373384739,VMA2 Y370A,False,Y0,0.0,-0.01,,,,1.0,0.0,-0.0143014392345316,unknown,1.0,0.00945177471401041,1.0,0.00945177471401041,True,True,True,False
PBY477,VMA2,YBR127C,VMA2 Y407,407.0,Y,A,True,False,True,point mutation to alanine,,407,407,source workbook coordinate,P16140,MATCH,102.0,102.0,0.0,0.292522841918777,True,False,False,include: sequence-validated raw-screen strain,True,PBY477,-0.00113613157588307,0.991049137508376,0.99604177705549,VMA2 Y407A,False,Y0,0.0,-0.03,,1.0,,1.0,0.0,0.0,unchanged,0.0,0.292522841918777,0.0,0.292522841918777,False,True,True,False
PBY483,GCN5,YGR252W,GCN5 S204,204.0,S,A,True,False,True,point mutation to alanine,A Gcn5-4A mutation inhibits Snf1-dependent activation of HIS3.,204,204,source workbook coordinate,Q03330,MATCH,102.0,102.0,2.0,0.0106565042982829,True,False,False,include: sequence-validated raw-screen strain,True,PBY483,0.289053652692973,0.00321403680053946,0.017766481202982,GCN5 S204A,True,Y0,0.0,-0.01,N-acetyltransferase,1.0,,1.0,0.0,-0.233915735755561,unknown,2.0,0.0106565042982829,2.0,0.0106565042982829,True,True,True,False
PBY485,GCN5,YGR252W,GCN5 S64,64.0,S,A,True,False,True,point mutation to alanine,PMID 21126336: Predicted protein kinase = CKA2,64,64,source workbook coordinate,Q03330,MATCH,102.0,102.0,2.0,6.87636034111024e-05,True,False,False,include: sequence-validated raw-screen strain,True,PBY485,-0.190848095257945,0.0546792716296479,0.162405597825372,GCN5 S64A,False,,1.0,-0.9,,1.0,,,0.0,-0.746080604414334,unknown,2.0,6.87636034111024e-05,2.0,6.87636034111024e-05,True,True,True,False
PBY486,YCR087C-A,YCR087C-A,YCR087C-A T49,49.0,T,A,True,False,True,point mutation to alanine,Deletion of protein Kinase YDR477W/SNF1 causes Fold Change logFC 2.808 - PMID 21177495|Deletion of protein Kinase YOR061W/CKA2 causes Fold Change logFC 1.643 - PMID 21177495.,49,49,source workbook coordinate,P37263,MATCH,102.0,102.0,0.0,0.249108180044325,True,False,False,include: sequence-validated raw-screen strain,True,PBY486,-0.077848981385264,0.439043430118893,0.640070641711793,YCR087C-A T49A,False,S1,0.0,-0.01,,1.0,0.0,2.0,0.0,-0.0218779158738827,unchanged,0.0,0.249108180044325,0.0,0.249108180044325,False,True,True,False
PBY488,ASF1,YJL115W,ASF1 S264A,264.0,S,A,True,False,True,point mutation to alanine,PMID 21126336: Predicted protein kinase = CKA2|Deletion of protein Kinase YOL045W/PSK2 causes Fold Change logFC -1.596 - PMID 21177495.,264,264,source workbook coordinate,P32447,MATCH,102.0,102.0,1.0,6.66918586082762e-24,True,False,False,include: sequence-validated raw-screen strain,True,PBY488,-0.0476702212305879,0.635937939595042,0.779761180718625,ASF1 S264A,False,S1,1.0,-0.97,,7.0,0.0,9.0,1.0,,unknown,1.0,6.66918586082762e-24,1.0,6.66918586082762e-24,True,True,False,False
PBY489,LHP1,YDL051W,LHP1 S263 ,263.0,S,A,True,False,True,point mutation to alanine,"PMID 21126336: Predicted protein kinase = CKA2, accumulates in nat3 cells.",263,263,source workbook coordinate,P33399,MATCH,102.0,102.0,11.0,0.000640149793466243,True,False,False,include: sequence-validated raw-screen strain,True,PBY489,0.146484677410484,0.143816327193142,0.31278086460585,LHP1 S263A,False,S1,1.0,-0.99,,2.0,,2.0,0.0,,gains,11.0,0.000640149793466243,11.0,0.000640149793466243,True,True,False,False
PBY490,NHP10,YDL002C,NHP10 Y150 ,150.0,Y,A,True,False,True,point mutation to alanine,,150,150,source workbook coordinate,Q03435,MATCH,102.0,102.0,2.0,4.67516654364331e-06,True,False,False,include: sequence-validated raw-screen strain,True,PBY490,0.247155341596561,0.0127115865372115,0.0562134604645575,NHP10 Y150A,False,,0.0,-0.37,,1.0,,,0.0,0.0,unknown,2.0,4.67516654364331e-06,2.0,4.67516654364331e-06,True,True,False,False
PBY491,SIT4,YDL047W,SIT4 S209 ,209.0,S,A,True,False,True,point mutation to alanine,,209,209,source workbook coordinate,P20604,MATCH,102.0,102.0,23.0,1.36799667486401e-30,True,False,False,include: sequence-validated raw-screen strain,True,PBY491,0.551290250721909,2.78397731254282e-09,5.54011485196021e-08,SIT4 S209A,False,,0.0,-0.04,,1.0,,,8.0,-0.00626728807561236,losses,23.0,1.36799667486401e-30,23.0,1.36799667486401e-30,True,True,True,False
PBY493,SLT2,YHR030C,SLT2 S416 ,416.0,S,A,True,False,True,point mutation to alanine,,416,416,source workbook coordinate,Q00772,MATCH,102.0,102.0,0.0,0.243144191804922,True,False,False,include: sequence-validated raw-screen strain,True,PBY493,-0.317516985172827,0.00152927326515175,0.00981694773436124,SLT2 S416A,False,,1.0,-0.98,,1.0,,,1.0,-0.337000825192999,unknown,0.0,0.243144191804922,0.0,0.243144191804922,False,True,True,False
PBY495,SLT2,YHR030C,SLT2 S428 ,428.0,S,A,True,False,True,point mutation to alanine,"Observed in response to caffeine, through the cell wall integrity stress pathway.",428,428,source workbook coordinate,Q00772,MATCH,102.0,102.0,1.0,0.0272651644017771,True,False,False,include: sequence-validated raw-screen strain,True,PBY495,0.140583814629782,0.169605582114334,0.344058941221688,SLT2 S428A,False,,1.0,-0.95,,3.0,,,0.0,-0.610171425794407,unknown,1.0,0.0272651644017771,1.0,0.0272651644017771,True,True,True,False
PBY498,SNF4,YGL115W,SNF4 S7 ,7.0,S,A,True,False,True,point mutation to alanine,,7,7,source workbook coordinate,P12904,MATCH,102.0,102.0,0.0,0.798275773285035,True,False,False,include: sequence-validated raw-screen strain,True,PBY498,-0.121130109816058,0.227571311965296,0.413577087498575,SNF4 S7A,False,S1,1.0,-0.73,,,,1.0,0.0,-0.646866340649022,unchanged,0.0,0.798275773285035,0.0,0.798275773285035,False,True,True,False
PBY499,SNF4,YGL115W,SNF4 S73 ,73.0,S,A,True,False,True,point mutation to alanine,,73,73,source workbook coordinate,P12904,MATCH,102.0,102.0,0.0,0.321329271285561,True,False,False,include: sequence-validated raw-screen strain,True,PBY499,0.0805748230894537,0.423136810973187,0.628389741669136,SNF4 S73A,False,,0.0,-0.01,CBS 1,1.0,,,0.0,-0.297376223478612,unchanged,0.0,0.321329271285561,0.0,0.321329271285561,False,True,True,False
PBY500,SNF4,YGL115W,SNF4 T81,81.0,T,A,True,False,True,point mutation to alanine,,81,81,source workbook coordinate,P12904,MATCH,102.0,102.0,0.0,0.197571023894247,True,False,False,include: sequence-validated raw-screen strain,True,PBY500,-0.129639112143537,0.196322495306563,0.377470304985565,SNF4 T81A,False,,0.0,-0.01,CBS 1,1.0,,,0.0,-0.364441718697094,unchanged,0.0,0.197571023894247,0.0,0.197571023894247,False,True,True,False
PBY501,VMA2,YBR127C,VMA2 S503,503.0,S,A,True,False,True,point mutation to alanine,Deletion of protein Kinase YDR477W/SNF1 causes Decreased logFC -10.912 - PMID 21177495.,503,503,source workbook coordinate,P16140,MATCH,102.0,102.0,2.0,5.8016029954374e-06,True,False,False,include: sequence-validated raw-screen strain,True,PBY501,-0.178390382400809,0.0757743763058946,0.205157835168341,VMA2 S503A,False,S1,1.0,-0.99,,4.0,3.0,8.0,0.0,,unknown,2.0,5.8016029954374e-06,2.0,5.8016029954374e-06,True,True,True,False
PBY502,ASF1,YJL115W,ASF1 S269,269.0,S,A,True,False,True,point mutation to alanine,,269,269,source workbook coordinate,P32447,MATCH,102.0,102.0,0.0,0.344196047692671,True,False,False,include: sequence-validated raw-screen strain,True,PBY502,-0.268171186803166,0.00670009477559029,0.0321281653094571,ASF1 S269A,False,,1.0,-0.97,,1.0,0.0,,0.0,,unknown,0.0,0.344196047692671,0.0,0.344196047692671,False,True,False,False
PBY504,RPL19B,YBL027W,RPL19B S13 ,13.0,S,A,True,False,True,point mutation to alanine,PMID 21126336: Predicted protein kinase = SNF1,13,13,source workbook coordinate,P0CX83,MATCH,102.0,102.0,0.0,0.21949671347052,True,False,False,include: sequence-validated raw-screen strain,True,PBY504,-0.0871303494264085,0.388693047362564,0.599611755233722,RPL19B S13A,False,S1,0.0,-0.02,,2.0,,1.0,0.0,-0.167818647663979,unchanged,0.0,0.21949671347052,0.0,0.21949671347052,False,True,False,False
PBY505,RPL19B,YBL027W,RPL19B T29 ,29.0,T,A,True,False,True,point mutation to alanine,1 peptide occurrence in PMID 17330950.,29,29,source workbook coordinate,P0CX83,MATCH,102.0,102.0,0.0,0.402801359621904,True,False,False,include: sequence-validated raw-screen strain,True,PBY505,-0.0735395040746171,0.467143451250354,0.666391016478999,RPL19B T29A,False,,0.0,-0.04,,1.0,,,0.0,-0.338304441536366,unchanged,0.0,0.402801359621904,0.0,0.402801359621904,False,True,False,False
PBY506,RPL19B,YBL027W,RPL19B S37 ,37.0,S,A,True,False,True,point mutation to alanine,,37,37,source workbook coordinate,P0CX83,MATCH,102.0,102.0,0.0,0.308314660142781,True,False,False,include: sequence-validated raw-screen strain,True,PBY506,0.232763211851956,0.0197810934254245,0.0771850508168524,RPL19B S37A,False,S1,0.0,-0.06,,1.0,,3.0,0.0,0.0,unchanged,0.0,0.308314660142781,0.0,0.308314660142781,False,True,False,False
PBY507,RPL19B,YBL027W,RPL19B T63 ,63.0,T,A,True,False,True,point mutation to alanine,,63,63,source workbook coordinate,P0CX83,MATCH,102.0,102.0,0.0,0.13803203174494,True,False,False,include: sequence-validated raw-screen strain,True,PBY507,-0.174610166306963,0.0822948217179194,0.21131186479827,RPL19B T63A,False,S1,0.0,-0.26,,,,1.0,0.0,-0.949669198604955,unchanged,0.0,0.13803203174494,0.0,0.13803203174494,False,True,False,False
PBY509,RPL19B,YBL027W,RPL19B S91 ,91.0,S,A,True,False,True,point mutation to alanine,,91,91,source workbook coordinate,P0CX83,MATCH,102.0,102.0,11.0,8.43106029216921e-17,True,False,False,include: sequence-validated raw-screen strain,True,PBY509,0.48218806746146,3.77890766590082e-07,5.49066483649256e-06,RPL19B S91A,False,Y0,0.0,-0.15,,2.0,0.0,2.0,0.0,-0.787006546716952,gains,11.0,8.43106029216921e-17,11.0,8.43106029216921e-17,True,True,False,False
PBY511,RPS14A,YCR031C,RPS14A S11,11.0,S,A,True,False,True,point mutation to alanine,PMID 21126336: Predicted protein kinase = CLA4,11,11,source workbook coordinate,P06367,MATCH,102.0,102.0,0.0,0.385580041011584,True,False,False,include: sequence-validated raw-screen strain,True,PBY511,0.172273601667317,0.0849459486458514,0.216721074109287,RPS14A S11A,False,Y2,0.0,-0.18,,5.0,0.0,18.0,0.0,-0.0848401712222668,unchanged,0.0,0.385580041011584,0.0,0.385580041011584,False,True,False,False
PBY513,SHP1,YBL058W,SHP1 S106 ,106.0,S,A,True,False,True,point mutation to alanine,"Similar to PKD site, PMID 19795423|PMID 19823750: 5,20 min 0.4M NaCl ratio (log2); 0.795,0.65|PMID 19823750: best predicted motif = PKA|PMID 19684113: Up-regulated by rapamycin|Deletion of protein Kinase YLL019C/KNS1 causes Fold Change logFC -4.266 - PMID 21177495|Deletion of protein Kinase YCR008W/SAT4 causes Fold Change logFC 1.56 - PMID 21177495|Deletion of protein Phosphatase YDL134C/PPH21 causes Fold Change logFC 1.837 - PMID 21177495|Deletion of protein Phosphatase YDL230W/PTP1 causes Fold Change logFC -1.94 - PMID 21177495|Deletion of protein Kinase YDR466W/PKH3 causes Fold Change logFC 2.932 - PMID 21177495|Deletion of protein Kinase YDR477W/SNF1 causes Fold Change logFC -1.727 - PMID 21177495|Deletion of protein Kinase YGR188C/BUB1 causes Fold Change logFC 2.849 - PMID 21177495|Deletion of protein Phosphatase YGR203W/YCH1 causes Fold Change logFC -2.648 - PMID 21177495|Deletion of protein Kinase YHR135C/YCK1 causes Fold Change logFC -2.133 - PMID 21177495|Deletion of protein Kinase YKL171W/NNK1 causes Fold Change logFC 2.873 - PMID 21177495|Deletion of protein Phosphatase YLR433C/CNA1 causes Fold Change logFC -1.997 - PMID 21177495|Deletion of protein Kinase YNL020C/ARK1 causes Fold Change logFC 1.95 - PMID 21177495|Deletion of protein Kinase YNR031C/SSK2 causes Fold Change logFC 2.67 - PMID 21177495|Deletion of protein Kinase YOL045W/PSK2 causes Fold Change logFC -1.984 - PMID 21177495|Deletion of protein Phosphatase YOR208W/PTP2 causes Fold Change logFC 2.531 - PMID 21177495.",106,106,source workbook coordinate,P34223,MATCH,102.0,102.0,6.0,0.0143257483924167,True,False,False,include: sequence-validated raw-screen strain,True,PBY513,0.182153077609278,0.0697029439756728,0.196750153917147,SHP1 S106A,False,Y2,1.0,-0.96,,5.0,8.0,9.0,0.0,-0.622630128031237,unknown,6.0,0.0143257483924167,6.0,0.0143257483924167,True,True,False,False
PBY514,SIC1,YLR079W,SIC1 T45 ,45.0,T,A,True,False,True,point mutation to alanine,"Phosphorylation of SIC1 at T45, T48, S146, T173 and S201 is insufficient to trigger degradation.",45,45,source workbook coordinate,P38634,MATCH,102.0,102.0,22.0,1.5016114890895e-11,True,False,False,include: sequence-validated raw-screen strain,True,PBY514,0.582007903765366,1.73266363930829e-10,4.59733418963133e-09,SIC1 T45A,False,,1.0,-0.95,,4.0,,,0.0,0.0,losses,22.0,1.5016114890895e-11,22.0,1.5016114890895e-11,True,True,False,False
PBY515,EFT2,YDR385W,EFT2 T466,466.0,T,A,True,False,True,point mutation to alanine,,466,466,source workbook coordinate,P32324,MATCH,102.0,102.0,7.0,2.11801315064861e-44,True,False,False,include: sequence-validated raw-screen strain,True,PBY515,-0.059234627675287,0.556258610545506,0.730294677597207,EFT2 T466A,False,S1,0.0,-0.03,,1.0,,1.0,2.0,-0.111424418113706,gains,7.0,2.11801315064861e-44,7.0,2.11801315064861e-44,True,True,True,False
PBY517,ELO2,YCR034W,ELO2 T334,334.0,T,A,True,False,True,point mutation to alanine,"16 peptide occurrences in PMID 17330950|PMID 21126336: Predicted protein kinase = PHO85, accumulates in nat3 cells|Deletion of protein Kinase YNL307C/MCK1 causes Fold Change logFC -4.357 - PMID 21177495|Deletion of protein Kinase YDL214C/PRR2 causes Fold Change logFC 1.5 - PMID 21177495|Deletion of protein Phosphatase YDR075W/PPH3 causes Fold Change logFC 1.912 - PMID 21177495|Deletion of protein Kinase YJL095W/BCK1 causes Fold Change logFC 1.537 - PMID 21177495|Deletion of protein Kinase YLR240W/VPS34 causes Fold Change logFC -2.184 - PMID 21177495|Deletion of protein Kinase YPL203W/TPK2 causes Fold Change logFC 1.54 - PMID 21177495.",334,334,source workbook coordinate,P25358,MATCH,102.0,102.0,13.0,2.32543901516748e-05,True,False,False,include: sequence-validated raw-screen strain,True,PBY517,0.0704627409493403,0.483803435778837,0.675627254175358,ELO2 T334A,False,Y0,1.0,-0.99,,9.0,9.0,76.0,0.0,,gains,13.0,2.32543901516748e-05,13.0,2.32543901516748e-05,True,True,False,False
PBY521,NEW1,YPL226W,NEW1 T1191 ,1191.0,T,A,True,False,True,point mutation to alanine,"25 peptide occurrences in PMID 17330950|PMID 19823750: 5,20 min 0.4M NaCl ratio (log2); -0.119,-0.105|PMID 19823750: best predicted motif = CK2.",1191,1191,source workbook coordinate,Q08972,MATCH,102.0,102.0,12.0,2.68287002039858e-31,True,False,False,include: sequence-validated raw-screen strain,True,PBY521,-0.192932988688729,0.0532336732864963,0.159300766676884,NEW1 T1191A,False,Y0,1.0,-0.87,,10.0,1.0,64.0,2.0,-0.0159028232886209,gains,12.0,2.68287002039858e-31,12.0,2.68287002039858e-31,True,True,True,False
PBY524,RPS14A,YCR031C,RPS14A T93,93.0,T,A,True,False,True,point mutation to alanine,,93,93,source workbook coordinate,P06367,MATCH,102.0,102.0,0.0,0.528644818884085,True,False,False,include: sequence-validated raw-screen strain,True,PBY524,0.160421982497993,0.109033880345757,0.258306454628639,RPS14A T93A,False,Y0,0.0,-0.07,,1.0,,3.0,0.0,-0.224417427004,unchanged,0.0,0.528644818884085,0.0,0.528644818884085,False,True,False,False
PBY525,APL1,YJR005W,APL1 T632,632.0,T,A,True,False,True,point mutation to alanine,,632,632,source workbook coordinate,P27351,MATCH,102.0,102.0,0.0,0.656522522669878,True,False,False,include: sequence-validated raw-screen strain,True,PBY525,-0.136845796855346,0.17238075731976,0.344058941221688,APL1 T632A,False,S1,1.0,-0.97,,,,,0.0,-0.752388284478593,unchanged,0.0,0.656522522669878,0.0,0.656522522669878,False,True,False,False
PBY527,APL1,YJR005W,APL1 S649,649.0,S,A,True,False,True,point mutation to alanine,,649,649,source workbook coordinate,P27351,MATCH,102.0,102.0,0.0,0.353360831352023,True,False,False,include: sequence-validated raw-screen strain,True,PBY527,0.102344667593968,0.308475703819791,0.504716056316145,APL1 S649A,False,S1,1.0,-0.98,,1.0,,2.0,1.0,-0.758352744586082,unchanged,0.0,0.353360831352023,0.0,0.353360831352023,False,True,False,False
PBY529,APL1,YJR005W,APL1 S683,683.0,S,A,True,False,True,point mutation to alanine,,683,683,source workbook coordinate,P27351,MATCH,102.0,102.0,0.0,0.748811491172755,True,False,False,include: sequence-validated raw-screen strain,True,PBY529,-0.0665949295479983,0.508179371479318,0.69755457088218,APL1 S683A,False,S1,1.0,-0.97,,1.0,,1.0,1.0,-0.39830423703765,unchanged,0.0,0.748811491172755,0.0,0.748811491172755,False,True,False,False
PBY531,APL1,YJR005W,APL1 Y536,536.0,Y,A,True,False,True,point mutation to alanine,,536,536,source workbook coordinate,P27351,MATCH,102.0,102.0,1.0,0.0442293998177888,True,False,False,include: sequence-validated raw-screen strain,True,PBY531,-0.0200885577457367,0.841954034964271,0.915567502502131,APL1 Y536A,False,Y0,0.0,-0.01,,,,1.0,1.0,0.0,unknown,1.0,0.0442293998177888,1.0,0.0442293998177888,True,True,False,False
PBY532,APL1,YJR005W,APL1 S541,541.0,S,A,True,False,True,point mutation to alanine,,541,541,source workbook coordinate,P27351,MATCH,102.0,102.0,0.0,0.29042811731649,True,False,False,include: sequence-validated raw-screen strain,True,PBY532,-0.22144525875492,0.0260474664584972,0.0947013182373125,APL1 S541A,False,Y0,0.0,-0.03,,,,1.0,0.0,-0.0902698389036097,unchanged,0.0,0.29042811731649,0.0,0.29042811731649,False,True,False,False
PBY534,APL1,YJR005W,APL1 S687,687.0,S,A,True,False,True,point mutation to alanine,,687,687,source workbook coordinate,P27351,MATCH,102.0,102.0,1.0,0.0301630791284421,True,False,False,include: sequence-validated raw-screen strain,True,PBY534,0.0431998764831351,0.667959828987501,0.798342378189266,APL1 S687A,False,Y1,1.0,-0.89,,2.0,0.0,4.0,0.0,-0.0397716707087452,unknown,1.0,0.0301630791284421,1.0,0.0301630791284421,True,True,False,False
PBY536,YPR091C,YPR091C,YPR091C S591,591.0,S,A,True,False,True,point mutation to alanine,1 peptide occurrence in PMID 17330950.,591,591,source workbook coordinate,Q06833,MATCH,102.0,102.0,0.0,0.327710420214168,True,False,False,include: sequence-validated raw-screen strain,True,PBY536,-0.230421990943513,0.020439806865015,0.0782215685795766,YPR091C S591A,False,S1,1.0,-0.97,,2.0,,1.0,0.0,-0.67812158077523,unchanged,0.0,0.327710420214168,0.0,0.327710420214168,False,True,False,False
PBY537,YPR091C,YPR091C,YPR091C T624,624.0,T,A,True,False,True,point mutation to alanine,"Possible site for CK1 PMID 19795423|PMID 19823750: 5,20 min 0.4M NaCl ratio (log2); -0.154,0.155|PMID 19823750: best predicted motif = CK1.",624,624,source workbook coordinate,Q06833,MATCH,98.0,98.0,5.0,0.00225771716117078,True,False,False,include: sequence-validated raw-screen strain,True,PBY537,0.0539730952024564,0.599537882228513,0.753278251797916,YPR091C T624A,False,S1,1.0,-0.98,,3.0,0.0,3.0,0.0,-0.70448424500039,unknown,5.0,0.00225771716117078,5.0,0.00225771716117078,True,True,False,False
PBY539,YPR091C,YPR091C,YPR091C S646,646.0,S,A,True,False,True,point mutation to alanine,"Possible CK2 site, PMID 19795423|PMID 19823750: 5,20 min 0.4M NaCl ratio (log2); -0.25,0.166|PMID 19823750: best predicted motif = PKA.",646,646,source workbook coordinate,Q06833,MATCH,102.0,102.0,0.0,0.0897924226216881,True,False,False,include: sequence-validated raw-screen strain,True,PBY539,0.260646640408017,0.00847514793561617,0.0392221962601772,YPR091C S646A,False,S1,1.0,-0.98,,2.0,0.0,4.0,1.0,-0.790449373763012,unknown,0.0,0.0897924226216881,0.0,0.0897924226216881,False,True,False,False
PBY541,SKY1,YMR216C,SKY1 T455,455.0,T,A,True,False,True,point mutation to alanine,1 peptide occurrence in PMID 17330950|PMID 19684113: Down-regulated by rapamycin|Deletion of protein Kinase YKL139W/CTK1 causes Fold Change logFC -1.707 - PMID 21177495.,455,455,source workbook coordinate,Q03656,MATCH,102.0,102.0,0.0,0.0590655757476063,True,False,False,include: sequence-validated raw-screen strain,True,PBY541,-0.0130000874867642,0.897335119862169,0.942320257797212,SKY1 T455A,False,S1,1.0,-0.9,Protein kinase,4.0,1.0,8.0,0.0,-1.0,unchanged,0.0,0.0590655757476063,0.0,0.0590655757476063,False,True,True,False
PBY542,SKY1,YMR216C,SKY1 S453,453.0,S,A,True,False,True,point mutation to alanine,1 peptide occurrence in PMID 17330950|PMID 19684113: Down-regulated by rapamycin|Deletion of protein Kinase YBR059C/AKL1 causes Fold Change logFC -1.553 - PMID 21177495|Deletion of protein Kinase YDR477W/SNF1 causes Fold Change logFC 1.729 - PMID 21177495|Deletion of protein Kinase YJR059W/PTK2 causes Fold Change logFC 1.71 - PMID 21177495|Deletion of protein Kinase YKL139W/CTK1 causes Fold Change logFC -1.707 - PMID 21177495.,453,453,source workbook coordinate,Q03656,MATCH,102.0,102.0,0.0,0.16722352750331,True,False,False,include: sequence-validated raw-screen strain,True,PBY542,0.0237426173294519,0.813686024395802,0.892140599750769,SKY1 S453A,False,S1,1.0,-0.91,Protein kinase,6.0,2.0,13.0,0.0,-0.39278064639483,unchanged,0.0,0.16722352750331,0.0,0.16722352750331,False,True,True,False
PBY544,SKY1,YMR216C,SKY1 S449,449.0,S,A,True,False,True,point mutation to alanine,2 peptide occurrences in PMID 17330950|PMID 19684113: Down-regulated by rapamycin|Deletion of protein Phosphatase YNL099C/OCA1 causes Fold Change logFC 2.134 - PMID 21177495|Deletion of protein Phosphatase YCR079W/PTC6 causes Fold Change logFC 2.04 - PMID 21177495|Deletion of protein Kinase YDR477W/SNF1 causes Fold Change logFC 1.505 - PMID 21177495|Deletion of protein Kinase YGL059W/PKP2 causes Fold Change logFC 2.509 - PMID 21177495|Deletion of protein Kinase YHR135C/YCK1 causes Fold Change logFC 1.507 - PMID 21177495|Deletion of protein Kinase YJR059W/PTK2 causes Fold Change logFC 1.627 - PMID 21177495|Deletion of protein Kinase YMR291W/TDA1 causes Fold Change logFC 1.84 - PMID 21177495.,449,449,source workbook coordinate,Q03656,MATCH,102.0,102.0,0.0,0.302803611947763,True,False,False,include: sequence-validated raw-screen strain,True,PBY544,-0.0600358531325041,0.550920681535711,0.730294677597207,SKY1 S449A,False,S1,1.0,-0.93,Protein kinase,7.0,7.0,40.0,0.0,-0.755659700148289,unchanged,0.0,0.302803611947763,0.0,0.302803611947763,False,True,True,False
PBY545,SKY1,YMR216C,SKY1 T386,386.0,T,A,True,False,True,point mutation to alanine,,386,386,source workbook coordinate,Q03656,MATCH,102.0,102.0,0.0,0.209872587594994,True,False,False,include: sequence-validated raw-screen strain,True,PBY545,0.214989905489604,0.0308469096348278,0.104932222518474,SKY1 T386A,False,S1,1.0,-0.98,Protein kinase,1.0,,2.0,15.0,0.0,unchanged,0.0,0.209872587594994,0.0,0.209872587594994,False,True,True,False
PBY547,VPS74,YDR372C,VPS74 S14,14.0,S,A,True,False,True,point mutation to alanine,PMID 21126336: Predicted protein kinase = RIM11|Deletion of protein Kinase YDR477W/SNF1 causes Decreased logFC -7.685 - PMID 21177495|Deletion of protein Kinase YJR059W/PTK2 causes Decreased logFC -7.56 - PMID 21177495|Deletion of protein Phosphatase YLL010C/PSR1 causes Fold Change logFC -2.106 - PMID 21177495|Deletion of protein Phosphatase YDL230W/PTP1 causes Fold Change logFC -1.787 - PMID 21177495.,14,14,source workbook coordinate,Q06385,MATCH,102.0,102.0,41.0,6.23349012109029e-65,True,False,False,include: sequence-validated raw-screen strain,True,PBY547,0.86797890869301,7.37694818514717e-32,2.93602537768857e-29,VPS74 S14A,False,Y0,1.0,-0.96,,8.0,5.0,15.0,0.0,-0.293588148472327,losses,41.0,6.23349012109029e-65,41.0,6.23349012109029e-65,True,True,True,False
PBY549,VPS74,YDR372C,VPS74 S19,19.0,S,A,True,False,True,point mutation to alanine,Deletion of protein Kinase YJR059W/PTK2 causes Decreased logFC -7.56 - PMID 21177495|Deletion of protein Phosphatase YLL010C/PSR1 causes Fold Change logFC -2.106 - PMID 21177495.,19,19,source workbook coordinate,Q06385,MATCH,102.0,102.0,19.0,3.05238969746973e-25,True,False,False,include: sequence-validated raw-screen strain,True,PBY549,0.724801672598819,1.04726879422783e-17,6.94688300171128e-16,VPS74 S19A,False,S1,1.0,-0.97,,5.0,1.0,9.0,1.0,-0.595364966352626,losses,19.0,3.05238969746973e-25,19.0,3.05238969746973e-25,True,True,True,False
PBY552,VPS74,YDR372C,VPS74 S22,22.0,S,A,True,False,True,point mutation to alanine,,22,22,source workbook coordinate,Q06385,MATCH,102.0,102.0,0.0,0.292980591768175,True,False,False,include: sequence-validated raw-screen strain,True,PBY552,0.0209904638162566,0.834956693950982,0.912097719591687,VPS74 S22A,False,S1,1.0,-0.98,,,0.0,2.0,0.0,-0.769447995433388,unchanged,0.0,0.292980591768175,0.0,0.292980591768175,False,True,True,False
PBY554,LSP1,YPL004C,LSP1 S27,27.0,S,A,True,False,True,point mutation to alanine,Deletion of protein Kinase YBL016W/FUS3 causes Fold Change logFC 1.774 - PMID 21177495|Deletion of protein Kinase YKL126W/YPK1 causes Fold Change logFC 1.599 - PMID 21177495|Deletion of protein Kinase YKL139W/CTK1 causes Fold Change logFC 2.009 - PMID 21177495.,27,27,source workbook coordinate,Q12230,MATCH,102.0,102.0,5.0,0.012678221101717,True,False,False,include: sequence-validated raw-screen strain,True,PBY554,0.360096105094628,0.000216652711207402,0.00191617286801213,LSP1 S27A,False,S1,1.0,-0.98,,1.0,,2.0,0.0,-0.269313107509237,unknown,5.0,0.012678221101717,5.0,0.012678221101717,True,True,False,False
PBY555,LSP1,YPL004C,LSP1 T28,28.0,T,A,True,False,True,point mutation to alanine,Deletion of protein Phosphatase YDR075W/PPH3 causes Fold Change logFC -1.521 - PMID 21177495|Deletion of protein Kinase YNL307C/MCK1 causes Fold Change logFC -1.91 - PMID 21177495|Deletion of protein Kinase YPL203W/TPK2 causes Fold Change logFC -2.964 - PMID 21177495.,28,28,source workbook coordinate,Q12230,MATCH,102.0,102.0,1.0,0.0365586926585879,True,False,False,include: sequence-validated raw-screen strain,True,PBY555,0.350263113704205,0.00032974659386186,0.00257331655602001,LSP1 T28A,False,S1,1.0,-0.98,,1.0,0.0,3.0,3.0,-0.169730374429901,unknown,1.0,0.0365586926585879,1.0,0.0365586926585879,True,True,False,False
PBY557,NSR1,YGR159C,NSR1 S176,176.0,S,A,True,False,True,point mutation to alanine,,176,176,source workbook coordinate,P27476,MATCH,102.0,102.0,0.0,0.306447292245573,True,False,False,include: sequence-validated raw-screen strain,True,PBY557,-0.126959642153001,0.205809194016472,0.391923728318449,NSR1 S176A,False,S1,0.0,-0.01,RRM 1,,,1.0,0.0,0.0,unchanged,0.0,0.306447292245573,0.0,0.306447292245573,False,True,False,False
PBY558,SQS1,YNL224C,SQS1 S343,343.0,S,A,True,False,True,point mutation to alanine,3 peptide occurrences in PMID 17330950|PMID 21126336: Predicted protein kinase = CDC28|Deletion of protein Kinase YPR161C/SGV1 causes Fold Change logFC 1.91 - PMID 21177495.,343,343,source workbook coordinate,P53866,MATCH,102.0,102.0,0.0,0.237615795130892,True,False,False,include: sequence-validated raw-screen strain,True,PBY558,-0.0709998224066673,0.4827051181433,0.675627254175358,SQS1 S343A,False,S1,1.0,-0.96,,7.0,1.0,15.0,1.0,-0.500239826400461,unchanged,0.0,0.237615795130892,0.0,0.237615795130892,False,True,False,False
PBY559,SQS1,YNL224C,SQS1 S375,375.0,S,A,True,False,True,point mutation to alanine,,375,375,source workbook coordinate,P53866,MATCH,102.0,102.0,4.0,1.84840647616444e-09,True,False,False,include: sequence-validated raw-screen strain,True,PBY559,-0.0967443202736494,0.33830059059696,0.542917883296734,SQS1 S375A,False,S1,1.0,-0.93,,,,2.0,7.0,-0.465574964315703,unknown,4.0,1.84840647616444e-09,4.0,1.84840647616444e-09,True,True,False,False
PBY561,SQS1,YNL224C,SQS1 S294,294.0,S,A,True,False,True,point mutation to alanine,,294,294,source workbook coordinate,P53866,MATCH,102.0,102.0,22.0,5.3645887883716e-18,True,False,False,include: sequence-validated raw-screen strain,True,PBY561,0.0252050284081971,0.803421948208834,0.88332026350032,SQS1 S294A,False,Y1,1.0,-0.98,,,,1.0,0.0,-0.492171980449827,gains,22.0,5.3645887883716e-18,22.0,5.3645887883716e-18,True,True,False,False
PBY562,RAD55,YDR076W,RAD55 S14,14.0,S,A,True,False,True,point mutation to alanine,"Mutation of Rad55 S2, S8 and S14 causes sensitivity to genotoxic stress.",14,14,source workbook coordinate,P38953,MATCH,102.0,102.0,22.0,1.28750757244776e-56,True,False,False,include: sequence-validated raw-screen strain,True,PBY562,0.152834245157531,0.127053309303778,0.285690492106801,RAD55 S14A,True,,0.0,-0.26,,1.0,,,1.0,-0.788980485474007,gains,22.0,1.28750757244776e-56,22.0,1.28750757244776e-56,True,True,True,False
PBY564,RAD9,YDR217C,RAD9 S989,989.0,S,A,True,False,True,point mutation to alanine,"Site is ambiguous because of clustered S/T residues|Mec1/ Tel1 dependent, Rad53 independent in PMID 17563356 (3 peptides).",989,989,source workbook coordinate,P14737,MATCH,102.0,102.0,0.0,0.398252491058502,True,False,False,include: sequence-validated raw-screen strain,True,PBY564,0.0149734122495235,0.88245336170441,0.938376267678005,RAD9 S989A,False,S1,1.0,-0.87,,3.0,,1.0,0.0,-0.675132397790901,unchanged,0.0,0.398252491058502,0.0,0.398252491058502,False,True,False,False
PBY565,RAD9,YDR217C,RAD9 S990,990.0,S,A,True,False,True,point mutation to alanine,Site is ambiguous because of clustered S/T residues.,990,990,source workbook coordinate,P14737,MATCH,102.0,102.0,0.0,0.52501694002294,True,False,False,include: sequence-validated raw-screen strain,True,PBY565,0.142010810697804,0.158714593738132,0.332465306883034,RAD9 S990A,False,,1.0,-0.85,,2.0,,,1.0,-0.844131516616972,unchanged,0.0,0.52501694002294,0.0,0.52501694002294,False,True,False,False
PBY570,ENO1,YGR254W,ENO1 Y12,12.0,Y,A,True,False,True,point mutation to alanine,,12,12,source workbook coordinate,P00924,MATCH,102.0,102.0,0.0,0.367556865169801,True,False,False,include: sequence-validated raw-screen strain,True,PBY570,0.478786604568474,3.57646942522649e-07,5.47474935092363e-06,ENO1 Y12A,False,Y1,0.0,-0.02,,,,1.0,0.0,-0.0125928835575933,unknown,0.0,0.367556865169801,0.0,0.367556865169801,False,True,True,False
PBY571,ENO1,YGR254W,ENO1 S10,10.0,S,A,True,False,True,point mutation to alanine,,10,10,source workbook coordinate,P00924,MATCH,102.0,102.0,0.0,0.396922419912938,True,False,False,include: sequence-validated raw-screen strain,True,PBY571,0.53232459866838,8.49691484353925e-09,1.61036767034696e-07,ENO1 S10A,False,Y1,0.0,-0.01,,4.0,,4.0,0.0,-0.0219793226684544,unknown,0.0,0.396922419912938,0.0,0.396922419912938,False,True,True,False
PBY572,MKK1,YOR231W,MKK1 S163,163.0,S,A,True,False,True,point mutation to alanine,,163,163,source workbook coordinate,P32490,MATCH,102.0,102.0,1.0,0.0187928028333063,True,False,False,include: sequence-validated raw-screen strain,True,PBY572,0.232237068090362,0.020068889866248,0.0775477491919099,MKK1 S163A,False,,1.0,-0.97,,1.0,,,0.0,-0.862255579074236,unknown,1.0,0.0187928028333063,1.0,0.0187928028333063,True,True,True,False
PBY573,MKK1,YOR231W,MKK1 S191,191.0,S,A,True,False,True,point mutation to alanine,,191,191,source workbook coordinate,P32490,MATCH,102.0,102.0,0.0,0.373158548260427,True,False,False,include: sequence-validated raw-screen strain,True,PBY573,0.0825998761324593,0.413921954182784,0.624018703654349,MKK1 S191A,False,,1.0,-0.98,,2.0,,,0.0,-0.947981565214684,unchanged,0.0,0.373158548260427,0.0,0.373158548260427,False,True,True,False
PBY574,SLT2,YHR030C,SLT2 T190,190.0,T,A,True,False,True,point mutation to alanine,,190,190,source workbook coordinate,Q00772,MATCH,101.0,101.0,28.0,3.79744107932824e-143,True,False,False,include: sequence-validated raw-screen strain,True,PBY574,0.86079334542639,1.28823920125843e-29,2.56359601050427e-27,SLT2 T190A,True,Y0,0.0,-0.02,Protein kinase,4.0,,2.0,0.0,0.0,losses,28.0,3.79744107932824e-143,28.0,3.79744107932824e-143,True,True,True,False
PBY575,SLT2,YHR030C,SLT2 Y192,192.0,Y,A,True,False,True,point mutation to alanine,2 peptide occurrences in PMID 17330950.,192,192,source workbook coordinate,Q00772,MATCH,100.0,100.0,28.0,2.3286657935162e-137,True,False,False,include: sequence-validated raw-screen strain,True,PBY575,0.84480248676377,1.52421755867441e-27,2.02212862784138e-25,SLT2 Y192A,True,Y0,0.0,-0.01,Protein kinase,4.0,,2.0,0.0,0.0,losses,28.0,2.3286657935162e-137,28.0,2.3286657935162e-137,True,True,True,False
PBY578,VMA2,YBR127C,VMA2 T83,83.0,T,A,True,False,True,point mutation to alanine,,83,83,source workbook coordinate,P16140,MATCH,102.0,102.0,0.0,0.0649878753453478,True,False,False,include: sequence-validated raw-screen strain,True,PBY578,0.129836511688075,0.19792047129198,0.378713209491384,VMA2 T83A,False,,0.0,-0.03,,1.0,,,0.0,-0.0168272020582285,unchanged,0.0,0.0649878753453478,0.0,0.0649878753453478,False,True,True,False
PBY579,GCN5,YGR252W,GCN5 Y212,212.0,Y,A,True,False,True,point mutation to alanine,A Gcn5-4A mutation inhibits Snf1-dependent activation of HIS3.,212,212,source workbook coordinate,Q03330,MATCH,102.0,102.0,3.0,0.000545126146495998,True,False,False,include: sequence-validated raw-screen strain,True,PBY579,-0.00728164952644041,0.942096058577372,0.970742631408079,GCN5 Y212A,True,,0.0,-0.01,N-acetyltransferase,1.0,,,0.0,0.0,unknown,3.0,0.000545126146495998,3.0,0.000545126146495998,True,True,True,False
PBY580,MKK1,YOR231W,MKK1 S180,180.0,S,A,True,False,True,point mutation to alanine,,180,180,source workbook coordinate,P32490,MATCH,102.0,102.0,0.0,0.0566922673808374,True,False,False,include: sequence-validated raw-screen strain,True,PBY580,0.0185333467826043,0.854783055164384,0.919469340420067,MKK1 S180A,False,Y2,1.0,-0.98,,,,,0.0,-0.765491092915862,unchanged,0.0,0.0566922673808374,0.0,0.0566922673808374,False,True,True,False
PBY581,PIL1,YGR086C,PIL1 S163,163.0,S,A,True,False,True,point mutation to alanine,4 peptide occurrences in PMID 17330950.,163,163,source workbook coordinate,P53252,MATCH,102.0,102.0,8.0,0.00125694319719676,True,False,False,include: sequence-validated raw-screen strain,True,PBY581,0.0784877735110808,0.435285726359553,0.636925437834934,PIL1 S163A,False,Y1,0.0,-0.25,,4.0,2.0,20.0,0.0,-0.0152018532766482,gains,8.0,0.00125694319719676,8.0,0.00125694319719676,True,True,False,False
PBY582,PIL1,YGR086C,PIL1 T101,101.0,T,A,True,False,True,point mutation to alanine,,101,101,source workbook coordinate,P53252,MATCH,102.0,102.0,1.0,0.0369029136689705,True,False,False,include: sequence-validated raw-screen strain,True,PBY582,-0.431974582919485,6.46376482726329e-06,7.14605111458553e-05,PIL1 T101A,False,S1,0.0,-0.05,,,,1.0,2.0,-0.130074008013918,unknown,1.0,0.0369029136689705,1.0,0.0369029136689705,True,True,False,False
PBY583,PIL1,YGR086C,PIL1 S16,16.0,S,A,True,False,True,point mutation to alanine,Deletion of protein Kinase YDL108W/KIN28 causes Fold Change logFC 1.523 - PMID 21177495|Deletion of protein Phosphatase YDL134C/PPH21 causes Fold Change logFC -3.1 - PMID 21177495|Deletion of protein Kinase YPL026C/SKS1 causes Fold Change logFC -1.99 - PMID 21177495|Deletion of protein Kinase YPL042C/SSN3 causes Fold Change logFC 1.761 - PMID 21177495.,16,16,source workbook coordinate,P53252,MATCH,102.0,102.0,0.0,0.19244856899946,True,False,False,include: sequence-validated raw-screen strain,True,PBY583,0.295574157794479,0.00269218094653181,0.0153069716674237,PIL1 S16A,False,S1,1.0,-0.98,,3.0,3.0,3.0,0.0,-0.327732938519734,unknown,0.0,0.19244856899946,0.0,0.19244856899946,False,True,False,False
PBY584,PIL1,YGR086C,PIL1 S59,59.0,S,A,True,False,True,point mutation to alanine,PMID 21126336: Predicted protein kinase = CLA4,59,59,source workbook coordinate,P53252,MATCH,102.0,102.0,8.0,3.58647872585437e-10,True,False,False,include: sequence-validated raw-screen strain,True,PBY584,0.466493066695393,8.79376475018935e-07,1.0937244908048e-05,PIL1 S59A,False,Y2,0.0,-0.02,,3.0,0.0,10.0,0.0,-0.642831795818188,gains,8.0,3.58647872585437e-10,8.0,3.58647872585437e-10,True,True,False,False
PBY585,SLA1,YBL007C,SLA1 T904,904.0,T,A,True,False,True,point mutation to alanine,,904,904,source workbook coordinate,P32790,MATCH,102.0,102.0,0.0,0.227889772089932,True,False,False,include: sequence-validated raw-screen strain,True,PBY585,-0.0883533941786065,0.382043698754827,0.593958562907895,SLA1 T904A,False,S1,1.0,-0.98,,2.0,,3.0,0.0,-0.163157116781724,unchanged,0.0,0.227889772089932,0.0,0.227889772089932,False,True,False,False
PBY586,SLA1,YBL007C,SLA1 T1075,1075.0,T,A,True,False,True,point mutation to alanine,,1075,1075,source workbook coordinate,P32790,MATCH,102.0,102.0,14.0,2.01635905760355e-67,True,False,False,include: sequence-validated raw-screen strain,True,,,,,,,,,,,,,,,,,,,14.0,2.01635905760355e-67,True,False,False,False
PBY587,SLA1,YBL007C,SLA1 S787,787.0,S,A,True,False,True,point mutation to alanine,,787,787,source workbook coordinate,P32790,MATCH,102.0,102.0,0.0,0.123003531856908,True,False,False,include: sequence-validated raw-screen strain,True,PBY587,-0.239662139986618,0.0163234820372277,0.066293325008333,SLA1 S787A,False,S1,1.0,-0.96,,,,1.0,1.0,-0.837032250355222,unchanged,0.0,0.123003531856908,0.0,0.123003531856908,False,True,False,False
PBY588,SLA1,YBL007C,SLA1 S996,996.0,S,A,True,False,True,point mutation to alanine,,996,996,source workbook coordinate,P32790,MATCH,102.0,102.0,10.0,0.000750532133511679,True,False,False,include: sequence-validated raw-screen strain,True,PBY588,0.285516809411382,0.00398349956164157,0.0208609582307019,SLA1 S996A,False,S1,1.0,-0.98,,2.0,0.0,1.0,23.0,-0.798795774363867,gains,10.0,0.000750532133511679,10.0,0.000750532133511679,True,True,False,False
PBY589,SLA1,YBL007C,SLA1 T877,877.0,T,A,True,False,True,point mutation to alanine,,877,877,source workbook coordinate,P32790,MATCH,102.0,102.0,0.0,0.344357659521183,True,False,False,include: sequence-validated raw-screen strain,True,PBY589,-0.150530156078761,0.134938373692965,0.298363737387778,SLA1 T877A,False,,1.0,-0.98,,1.0,,,0.0,-0.0197499830489798,unchanged,0.0,0.344357659521183,0.0,0.344357659521183,False,True,False,False
PBY590,SKY1,YMR216C,SKY1 S445,445.0,S,A,True,False,True,point mutation to alanine,PMID 19684113: Down-regulated by rapamycin|PMID 20702584: down-regulated in rapamycin treated cells.,445,445,source workbook coordinate,Q03656,MATCH,102.0,102.0,4.0,0.000727220683850761,True,False,False,include: sequence-validated raw-screen strain,True,PBY590,-0.081451957510749,0.41808986001592,0.627923638816362,SKY1 S445A,False,S1,1.0,-0.91,Protein kinase,5.0,1.0,28.0,0.0,-0.29605798138482,unknown,4.0,0.000727220683850761,4.0,0.000727220683850761,True,True,True,False
PBY592,SKY1,YMR216C,SKY1 S417,417.0,S,A,True,False,True,point mutation to alanine,,417,417,source workbook coordinate,Q03656,MATCH,102.0,102.0,0.0,0.245013787390774,True,False,False,include: sequence-validated raw-screen strain,True,PBY592,0.00736259285122298,0.941747939977589,0.970742631408079,SKY1 S417A,False,,1.0,-0.91,Protein kinase,1.0,,,1.0,-0.626613269358972,unchanged,0.0,0.245013787390774,0.0,0.245013787390774,False,True,True,False
PBY593,SKY1,YMR216C,SKY1 T338,338.0,T,A,True,False,True,point mutation to alanine,,338,338,source workbook coordinate,Q03656,MATCH,101.0,101.0,8.0,1.62587029036118e-06,True,False,False,include: sequence-validated raw-screen strain,True,PBY593,-0.143437269856882,0.154529699847477,0.325411748885164,SKY1 T338A,False,,1.0,-0.96,Protein kinase,1.0,,,3.0,-1.0,gains,8.0,1.62587029036118e-06,8.0,1.62587029036118e-06,True,True,True,False
PBY595,LHP1,YDL051W,LHP1 S19,19.0,S,A,True,False,True,point mutation to alanine,14 peptide occurrences in PMID 17330950|PMID 19684113: Up-regulated by rapamycin|Tap42-dependent PMID 20702584: down-regulated in rapamycin treated cells|PMID 21126336: Predicted protein kinase = TPK1|Deletion of protein Kinase YHR030C/SLT2 causes Fold Change logFC 1.98 - PMID 21177495|Deletion of protein Kinase YJL164C/TPK1 causes Fold Change logFC 1.663 - PMID 21177495|Deletion of protein Phosphatase YPL179W/PPQ1 causes Fold Change logFC 1.559 - PMID 21177495.,19,19,source workbook coordinate,P33399,MATCH,102.0,102.0,28.0,1.32236186704426e-20,True,False,False,include: sequence-validated raw-screen strain,True,PBY595,0.217011597719656,0.0292692848231819,0.103090047430322,LHP1 S19A,False,Y1,1.0,-0.82,,10.0,10.0,75.0,0.0,-0.322200205553399,gains,28.0,1.32236186704426e-20,28.0,1.32236186704426e-20,True,True,False,False
PBY596,LHP1,YDL051W,LHP1 S259,259.0,S,A,True,False,True,point mutation to alanine,,259,259,source workbook coordinate,P33399,MATCH,102.0,102.0,1.0,2.81570241824974e-19,True,False,False,include: sequence-validated raw-screen strain,True,PBY596,-0.0489438750755167,0.626932600671311,0.774904270394975,LHP1 S259A,False,S1,1.0,-0.99,,,,1.0,1.0,,unknown,1.0,2.81570241824974e-19,1.0,2.81570241824974e-19,True,True,False,False
PBY598,PIL1,YGR086C,PIL1 S299,299.0,S,A,True,False,True,point mutation to alanine,,299,299,source workbook coordinate,P53252,MATCH,102.0,102.0,7.0,3.458472929757e-10,True,False,False,include: sequence-validated raw-screen strain,True,PBY598,0.24182394718966,0.0148373111275594,0.0630109082672326,PIL1 S299A,False,S1,1.0,-0.98,,,,1.0,2.0,-0.764546150269366,gains,7.0,3.458472929757e-10,7.0,3.458472929757e-10,True,True,False,False
PBY600,PIL1,YGR086C,PIL1 S45,45.0,S,A,True,False,True,point mutation to alanine,PMID 21126336: Predicted protein kinase = CLA4,45,45,source workbook coordinate,P53252,MATCH,102.0,102.0,12.0,1.35114205947482e-08,True,False,False,include: sequence-validated raw-screen strain,True,PBY600,0.38341403820878,7.56879064843899e-05,0.000753094669519679,PIL1 S45A,False,S1,0.0,-0.47,,3.0,0.0,11.0,0.0,-0.58302543614063,gains,12.0,1.35114205947482e-08,12.0,1.35114205947482e-08,True,True,False,False
PBY605,PIL1,YGR086C,PIL1 S230,230.0,S,A,True,False,True,point mutation to alanine,Deletion of protein Phosphatase YDL006W/PTC1 causes Fold Change logFC 1.636 - PMID 21177495.,230,230,source workbook coordinate,P53252,MATCH,102.0,102.0,19.0,2.1413050323194701e-38,True,False,False,include: sequence-validated raw-screen strain,True,PBY605,0.293668378233383,0.00287676618404494,0.0161260977640829,PIL1 S230A,False,Y1,0.0,-0.06,,3.0,0.0,8.0,1.0,-0.207953663163035,gains,19.0,2.1413050323194701e-38,19.0,2.1413050323194701e-38,True,True,False,False
PBY607,PIL1,YGR086C,PIL1 Y158,158.0,Y,A,True,False,True,point mutation to alanine,,158,158,source workbook coordinate,P53252,MATCH,102.0,102.0,0.0,0.19244856899946,True,False,False,include: sequence-validated raw-screen strain,True,PBY607,0.0475571982540973,0.636739657621993,0.779761180718625,PIL1 Y158A,False,Y1,0.0,-0.26,,1.0,,1.0,10.0,-0.31508377361409,unchanged,0.0,0.19244856899946,0.0,0.19244856899946,False,True,False,False
PBY610,VMA2,YBR127C,VMA2 S137,137.0,S,A,True,False,True,point mutation to alanine,,137,137,source workbook coordinate,P16140,MATCH,102.0,102.0,0.0,0.115300438018315,True,False,False,include: sequence-validated raw-screen strain,True,PBY610,-0.0559331313020876,0.580446853934271,0.746403947034319,VMA2 S137A,False,Y0,0.0,-0.02,,2.0,0.0,2.0,0.0,-0.770064179513379,unchanged,0.0,0.115300438018315,0.0,0.115300438018315,False,True,True,False
PBY615,PIL1,YGR086C,PIL1 T27,27.0,T,A,True,False,True,point mutation to alanine,Deletion of protein Kinase YDR477W/SNF1 causes Fold Change logFC -1.562 - PMID 21177495|Deletion of protein Kinase YKL139W/CTK1 causes Fold Change logFC 1.818 - PMID 21177495|Deletion of protein Kinase YOR231W/MKK1 causes Fold Change logFC -2.057 - PMID 21177495|Deletion of protein Kinase YPL042C/SSN3 causes Fold Change logFC 1.761 - PMID 21177495.,27,27,source workbook coordinate,P53252,MATCH,102.0,102.0,2.0,0.00621464393928717,True,False,False,include: sequence-validated raw-screen strain,True,PBY615,0.243017772078973,0.0143362315332985,0.0620914110304365,PIL1 T27A,False,S1,1.0,-0.98,,1.0,0.0,2.0,0.0,-0.150962664749539,unknown,2.0,0.00621464393928717,2.0,0.00621464393928717,True,True,False,False
PBY617,SLA1,YBL007C,SLA1 S785,785.0,S,A,True,False,True,point mutation to alanine,,785,785,source workbook coordinate,P32790,MATCH,102.0,102.0,35.0,1.82301836597647e-33,True,False,False,include: sequence-validated raw-screen strain,True,,,,,,,,,,,,,,,,,,,35.0,1.82301836597647e-33,True,False,False,False
PBY618,SLA1,YBL007C,SLA1 S901,901.0,S,A,True,False,True,point mutation to alanine,,901,901,source workbook coordinate,P32790,MATCH,102.0,102.0,1.0,6.66918586082762e-24,True,False,False,include: sequence-validated raw-screen strain,True,PBY618,0.177625918395873,0.0770583707938149,0.206082547875946,SLA1 S901A,False,S1,1.0,-0.98,,1.0,,1.0,0.0,-0.684891092599426,unknown,1.0,6.66918586082762e-24,1.0,6.66918586082762e-24,True,True,False,False
PBY619,SLA1,YBL007C,SLA1 T984,984.0,T,A,True,False,True,point mutation to alanine,,984,984,source workbook coordinate,P32790,MATCH,102.0,102.0,0.0,0.496913011210665,True,False,False,include: sequence-validated raw-screen strain,True,PBY619,-0.0419873378628294,0.678304773997742,0.805866567316721,SLA1 T984A,False,S1,1.0,-0.98,,2.0,0.0,23.0,0.0,-0.317785459281654,unchanged,0.0,0.496913011210665,0.0,0.496913011210665,False,True,False,False
PBY620,SLA1,YBL007C,SLA1 T818,818.0,T,A,True,False,True,point mutation to alanine,"PMID 19823750: 5,20 min 0.4M NaCl ratio (log2); 0.434,0.894|PMID 19823750: best predicted motif = Polo box.",818,818,source workbook coordinate,P32790,MATCH,102.0,102.0,0.0,0.590132522988244,True,False,False,include: sequence-validated raw-screen strain,True,PBY620,-0.0659174346418473,0.51466175605829,0.703901645742953,SLA1 T818A,False,S1,1.0,-0.98,,5.0,5.0,2.0,3.0,-0.723315554772879,unchanged,0.0,0.590132522988244,0.0,0.590132522988244,False,True,False,False
PBY622,SLA1,YBL007C,SLA1 T955,955.0,T,A,True,False,True,point mutation to alanine,,955,955,source workbook coordinate,P32790,MATCH,102.0,102.0,1.0,0.000318351830012078,True,False,False,include: sequence-validated raw-screen strain,True,PBY622,-0.0510944205909666,0.613663966711683,0.765637174768808,SLA1 T955A,False,S1,1.0,-0.97,,,,1.0,0.0,-0.129871704787663,unknown,1.0,0.000318351830012078,1.0,0.000318351830012078,True,True,False,False
PBY623,PIL1,YGR086C,PIL1 S98,98.0,S,A,True,False,True,point mutation to alanine,,98,98,source workbook coordinate,P53252,MATCH,102.0,102.0,4.0,5.01330393472826e-07,True,False,False,include: sequence-validated raw-screen strain,True,PBY623,0.168954174211098,0.0912196938894846,0.22822036957927,PIL1 S98A,False,Y1,0.0,-0.08,,,,4.0,1.0,0.0,unknown,4.0,5.01330393472826e-07,4.0,5.01330393472826e-07,True,True,False,False
PBY625,PIL1,YGR086C,PIL1 S180,180.0,S,A,True,False,True,point mutation to alanine,,180,180,source workbook coordinate,P53252,MATCH,102.0,102.0,0.0,0.105541607145151,True,False,False,include: sequence-validated raw-screen strain,True,PBY625,0.357142328592601,0.000246139786354253,0.00212964423845637,PIL1 S180A,False,,0.0,-0.07,,1.0,,,1.0,-0.425884077145671,unknown,0.0,0.105541607145151,0.0,0.105541607145151,False,True,False,False
PBY626,PIL1,YGR086C,PIL1 T14,14.0,T,A,True,False,True,point mutation to alanine,"PMID 21126336: Predicted protein kinase = SNF1, accumulates in nat3 cells|Deletion of protein Phosphatase YDL230W/PTP1 causes Fold Change logFC -1.675 - PMID 21177495|Deletion of protein Kinase YJL165C/HAL5 causes Fold Change logFC -1.609 - PMID 21177495|Deletion of protein Phosphatase YNL099C/OCA1 causes Fold Change logFC -3.596 - PMID 21177495.",14,14,source workbook coordinate,P53252,MATCH,102.0,102.0,0.0,0.526456578959529,True,False,False,include: sequence-validated raw-screen strain,True,PBY626,0.198428898139741,0.0466801974322985,0.146289122661849,PIL1 T14A,False,Y1,1.0,-0.98,,4.0,2.0,6.0,2.0,-0.794229018405863,unchanged,0.0,0.526456578959529,0.0,0.526456578959529,False,True,False,False
PBY627,SIC1,YLR079W,SIC1 S145,145.0,S,A,True,False,True,point mutation to alanine,"Phosphorylation of SIC1 at T45, T48, S146, T173 and S201 is insufficient to trigger degradation|Reported as S146 in PMID 16776651.",145,145,source workbook coordinate,P38634,MATCH,102.0,102.0,0.0,0.313907079361963,True,False,False,include: sequence-validated raw-screen strain,True,PBY627,-0.113724104122415,0.257480988181257,0.45144243742793,SIC1 S145A,False,,1.0,-0.68,,2.0,,,0.0,-1.0,unchanged,0.0,0.313907079361963,0.0,0.313907079361963,False,True,False,False
PBY629,SIC1,YLR079W,SIC1 S191,191.0,S,A,True,False,True,point mutation to alanine,BindS CDC4 WD40 domain|Deletion of protein Kinase YAL017W/PSK1 causes Fold Change logFC -1.715 - PMID 21177495|Deletion of protein Phosphatase YDL047W/SIT4 causes Fold Change logFC 1.634 - PMID 21177495|Deletion of protein Kinase YHR030C/SLT2 causes Fold Change logFC -1.583 - PMID 21177495|Deletion of protein Kinase YIL095W/PRK1 causes Fold Change logFC -1.548 - PMID 21177495|Deletion of protein Kinase YKL139W/CTK1 causes Fold Change logFC 1.801 - PMID 21177495|Deletion of protein Phosphatase YNR032W/PPG1 causes Fold Change logFC -1.715 - PMID 21177495|Deletion of protein Kinase YOL045W/PSK2 causes Fold Change logFC -2.016 - PMID 21177495|Deletion of protein Kinase YPL140C/MKK2 causes Fold Change logFC 2.859 - PMID 21177495.,191,191,source workbook coordinate,P38634,MATCH,102.0,102.0,0.0,0.440312231941198,True,False,False,include: sequence-validated raw-screen strain,True,PBY629,0.0378751872746468,0.706888681531788,0.829916505161215,SIC1 S191A,True,S1,0.0,-0.47,,6.0,11.0,4.0,2.0,-0.221432107958805,unchanged,0.0,0.440312231941198,0.0,0.440312231941198,False,True,False,False
PBY631,SIC1,YLR079W,SIC1 S201,201.0,S,A,True,False,True,point mutation to alanine,S to A mutation inhibits CLB5/CDC28|Phosphorylated Sic1 was a more effective inhibitor of Cdk2/cyclinA in vitro; 2 peptide occurrences in PMID 17330950.,201,201,source workbook coordinate,P38634,MATCH,102.0,102.0,3.0,4.74095400219754e-05,True,False,False,include: sequence-validated raw-screen strain,True,PBY631,0.527426166899344,1.4541644257657e-08,2.63071564297612e-07,SIC1 S201A,True,S1,1.0,-0.84,,7.0,1.0,11.0,0.0,-0.537698099019084,losses,3.0,4.74095400219754e-05,3.0,4.74095400219754e-05,True,True,False,False
PBY633,SIC1,YLR079W,SIC1 S198,198.0,S,A,True,False,True,point mutation to alanine,PMID 21126336: Predicted protein kinase = CKA2|Deletion of protein Kinase YAL017W/PSK1 causes Fold Change logFC -1.556 - PMID 21177495.,198,198,source workbook coordinate,P38634,MATCH,102.0,102.0,0.0,0.385607072009929,True,False,False,include: sequence-validated raw-screen strain,True,PBY633,0.476506184789267,4.72753001297511e-07,6.44272131071226e-06,SIC1 S198A,False,S1,1.0,-0.86,,6.0,0.0,7.0,1.0,-0.824961424307332,unknown,0.0,0.385607072009929,0.0,0.385607072009929,False,True,False,False
PBY635,SIC1,YLR079W,SIC1 T2,2.0,T,A,True,False,True,point mutation to alanine,"Bind CDC4 WD40 domain, phosphorylation at a minimum of 6 CDC28-dependent sites are required for interaction with CDC4|PMID 21126336: Predicted protein kinase = CDC28",2,2,source workbook coordinate,P38634,MATCH,102.0,102.0,0.0,0.271137965105278,True,False,False,include: sequence-validated raw-screen strain,True,PBY635,0.138641638238318,0.16676441937926,0.342124942850235,SIC1 T2A,True,,1.0,-0.94,,2.0,,,0.0,-0.0336781898109854,unchanged,0.0,0.271137965105278,0.0,0.271137965105278,False,True,False,False
PBY637,SIC1,YLR079W,SIC1 T33,33.0,T,A,True,False,True,point mutation to alanine,"Bind CDC4 WD40 domain, phosphorylation at a minimum of 6 CDC28-dependent sites are required for interaction with CDC4.",33,33,source workbook coordinate,P38634,MATCH,102.0,102.0,17.0,1.55162411723191e-20,True,False,False,include: sequence-validated raw-screen strain,True,PBY637,0.301873763247429,0.00215540468407971,0.0126154568274077,SIC1 T33A,True,,1.0,-0.98,,4.0,,,0.0,-0.84582017168693,gains,17.0,1.55162411723191e-20,17.0,1.55162411723191e-20,True,True,False,False
PBY638,ELM1,YKL048C,ELM1 S516,516.0,S,A,True,False,True,point mutation to alanine,,516,516,source workbook coordinate,P32801,MATCH,102.0,102.0,0.0,0.150359834331953,True,False,False,include: sequence-validated raw-screen strain,True,PBY638,-0.195357452311415,0.0526463455707713,0.159300766676884,ELM1 S516A,False,S1,1.0,-0.95,,1.0,0.0,2.0,0.0,-0.812994154670191,unchanged,0.0,0.150359834331953,0.0,0.150359834331953,False,True,True,False
PBY639,RPS14A,YCR031C,RPS14A S123,123.0,S,A,True,False,True,point mutation to alanine,,123,123,source workbook coordinate,P06367,MATCH,102.0,102.0,9.0,0.000238661660095204,True,False,False,include: sequence-validated raw-screen strain,True,PBY639,-0.0861770827244039,0.391508800868295,0.601623562724253,RPS14A S123A,False,S1,0.0,-0.25,,1.0,,1.0,0.0,-0.501641533437672,gains,9.0,0.000238661660095204,9.0,0.000238661660095204,True,True,False,False
PBY641,RAD55,YDR076W,RAD55 S2,2.0,S,A,True,False,True,point mutation to alanine,"Mutation of Rad55 S2, S8 and S14 causes sensitivity to genotoxic stress.",2,2,source workbook coordinate,P38953,MATCH,102.0,102.0,0.0,0.334676995076706,True,False,False,include: sequence-validated raw-screen strain,True,PBY641,0.17639775299261,0.077635374122813,0.206082547875946,RAD55 S2A,True,,0.0,-0.47,,1.0,,,0.0,-0.188876508474341,unchanged,0.0,0.334676995076706,0.0,0.334676995076706,False,True,True,False
PBY644,SKY1,YMR216C,SKY1 S362,362.0,S,A,True,False,True,point mutation to alanine,,362,362,source workbook coordinate,Q03656,MATCH,102.0,102.0,3.0,0.00020313471243073,True,False,False,include: sequence-validated raw-screen strain,True,PBY644,-0.124392815553341,0.215200458244324,0.396526770283522,SKY1 S362A,False,S1,1.0,-0.97,Protein kinase,,,,1.0,-0.19883682388854,unknown,3.0,0.00020313471243073,3.0,0.00020313471243073,True,True,True,False
PBY647,EFT2,YDR385W,EFT2 S569,569.0,S,A,True,False,True,point mutation to alanine,,569,569,source workbook coordinate,P32324,MATCH,102.0,102.0,4.0,0.00682367410340653,True,False,False,include: sequence-validated raw-screen strain,True,PBY647,0.241350281609307,0.0150402921743394,0.0630109082672326,EFT2 S569A,False,,0.0,-0.11,,1.0,0.0,,0.0,-0.762995754333331,unknown,4.0,0.00682367410340653,4.0,0.00682367410340653,True,True,True,False
PBY648,ELM1,YKL048C,ELM1 S580,580.0,S,A,True,False,True,point mutation to alanine,,580,580,source workbook coordinate,P32801,MATCH,102.0,102.0,0.0,0.407210643837567,True,False,False,include: sequence-validated raw-screen strain,True,PBY648,0.110293311848924,0.27713099678502,0.46935377327846,ELM1 S580A,False,S1,1.0,-0.97,,,,2.0,0.0,-0.592058696497219,unchanged,0.0,0.407210643837567,0.0,0.407210643837567,False,True,True,False
PBY650,ELM1,YKL048C,ELM1 S581,581.0,S,A,True,False,True,point mutation to alanine,,581,581,source workbook coordinate,P32801,MATCH,102.0,102.0,0.0,0.0609038925610995,True,False,False,include: sequence-validated raw-screen strain,True,PBY650,0.337783461324084,0.000627827156506006,0.00471462657149793,ELM1 S581A,False,Y2,1.0,-0.97,,,1.0,1.0,1.0,-0.47139290863434,unknown,0.0,0.0609038925610995,0.0,0.0609038925610995,False,True,True,False
PBY652,RPS6B,YBR181C,RPS6B S148,148.0,S,A,True,False,True,point mutation to alanine,,148,148,source workbook coordinate,P0CX38,MATCH,102.0,102.0,0.0,0.536829882120947,True,False,False,include: sequence-validated raw-screen strain,True,PBY652,0.0590020065585228,0.557813020074249,0.730294677597207,RPS6B S148A,False,S1,0.0,-0.12,,1.0,,4.0,0.0,-0.0449535439994281,unchanged,0.0,0.536829882120947,0.0,0.536829882120947,False,True,False,False
PBY653,SHP1,YBL058W,SHP1 S93,93.0,S,A,True,False,True,point mutation to alanine,"1 peptide occurrence in PMID 17330950|Possible PKA site PMID 19795423|PMID 19823750: 5,20 min 0.4M NaCl ratio (log2); 1.675,0.983|PMID 19823750: best predicted motif = GSK3|PMID 21126336: Predicted protein kinase = RIM11|Deletion of protein Kinase YHR135C/YCK1 causes Fold Change logFC -2.071 - PMID 21177495|Deletion of protein Kinase YIL042C/PKP1 causes Fold Change logFC 1.798 - PMID 21177495|Deletion of protein Kinase YOR061W/CKA2 causes Fold Change logFC 1.509 - PMID 21177495|Deletion of protein Kinase YOR231W/MKK1 causes Fold Change logFC 1.793 - PMID 21177495.",93,93,source workbook coordinate,P34223,MATCH,102.0,102.0,4.0,0.000155511296071182,True,False,False,include: sequence-validated raw-screen strain,True,PBY653,-0.0906527577259109,0.369730130230738,0.581630797754284,SHP1 S93A,False,S1,1.0,-0.93,,6.0,3.0,8.0,0.0,-0.772465097797554,unknown,4.0,0.000155511296071182,4.0,0.000155511296071182,True,True,False,False
PBY654,SHP1,YBL058W,SHP1 S94,94.0,S,A,True,False,True,point mutation to alanine,"Possible site for CK1 PMID 19795423|PMID 19823750: 5,20 min 0.4M NaCl ratio (log2); 0.451,1.538|Deletion of protein Kinase YAL017W/PSK1 causes Fold Change logFC 1.785 - PMID 21177495|Deletion of protein Kinase YIL042C/PKP1 causes Fold Change logFC 1.798 - PMID 21177495|Deletion of protein Phosphatase YML057W/CMP2 causes Fold Change logFC 1.928 - PMID 21177495|Deletion of protein Kinase YOR231W/MKK1 causes Fold Change logFC 1.619 - PMID 21177495|Deletion of protein Kinase YOR231W/MKK1 causes Fold Change logFC 1.793 - PMID 21177495.",94,94,source workbook coordinate,P34223,MATCH,102.0,102.0,0.0,0.440731565004471,True,False,False,include: sequence-validated raw-screen strain,True,PBY654,0.306136351197863,0.00195091812449659,0.0117646274780249,SHP1 S94A,False,S1,1.0,-0.95,,4.0,1.0,6.0,0.0,-0.40493114772743,unknown,0.0,0.440731565004471,0.0,0.440731565004471,False,True,False,False
PBY655,SHP1,YBL058W,SHP1 S97,97.0,S,A,True,False,True,point mutation to alanine,"PMID 19823750: 5,20 min 0.4M NaCl ratio (log2); 0.7,1.567|PMID 19823750: best predicted motif = CK1|Deletion of protein Kinase YAL017W/PSK1 causes Fold Change logFC 1.785 - PMID 21177495|Deletion of protein Phosphatase YML057W/CMP2 causes Fold Change logFC 1.928 - PMID 21177495|Deletion of protein Kinase YOR061W/CKA2 causes Fold Change logFC 1.509 - PMID 21177495|Deletion of protein Kinase YOR231W/MKK1 causes Fold Change logFC 1.619 - PMID 21177495.",97,97,source workbook coordinate,P34223,MATCH,102.0,102.0,0.0,0.572113984333543,True,False,False,include: sequence-validated raw-screen strain,True,PBY655,-0.162280977589888,0.106718634958405,0.254335429421828,SHP1 S97A,False,S1,1.0,-0.97,,5.0,3.0,13.0,1.0,-0.993011949893767,unchanged,0.0,0.572113984333543,0.0,0.572113984333543,False,True,False,False
PBY657,MIG1,YGL035C,MIG1 S278,278.0,S,A,True,False,True,point mutation to alanine,PMID 19684113: Down-regulated by cycloheximide|A Mig1-4A mutation prevents nuclear export|Deletion of protein Kinase YAL017W/PSK1 causes Fold Change logFC -2.191 - PMID 21177495|Deletion of protein Phosphatase YDL047W/SIT4 causes Fold Change logFC -2.915 - PMID 21177495|Deletion of protein Kinase YGL059W/PKP2 causes Fold Change logFC -1.686 - PMID 21177495|Deletion of protein Kinase YJL106W/IME2 causes Fold Change logFC -1.612 - PMID 21177495|Deletion of protein Kinase YJR066W/TOR1 causes Fold Change logFC -2.639 - PMID 21177495|Deletion of protein Kinase YKL139W/CTK1 causes Fold Change logFC 2.293 - PMID 21177495|Deletion of protein Kinase YKL166C/TPK3 causes Fold Change logFC -1.519 - PMID 21177495|Deletion of protein Phosphatase YLR433C/CNA1 causes Decreased logFC -6.857 - PMID 21177495|Deletion of protein Kinase YOR231W/MKK1 causes Fold Change logFC -1.856 - PMID 21177495|Deletion of protein Kinase YPL203W/TPK2 causes Fold Change logFC -1.579 - PMID 21177495.,278,278,source workbook coordinate,P27705,MATCH,102.0,102.0,0.0,0.340502294518915,True,False,False,include: sequence-validated raw-screen strain,True,PBY657,-0.481842115991656,3.86277928195456e-07,5.49066483649256e-06,MIG1 S278A,True,Y2,1.0,-0.94,,8.0,7.0,6.0,0.0,0.0,unknown,0.0,0.340502294518915,0.0,0.340502294518915,False,True,False,False
PBY659,MIG1,YGL035C,MIG1 S377,377.0,S,A,True,False,True,point mutation to alanine,Deletion of protein Kinase YAL017W/PSK1 causes Fold Change logFC -1.69 - PMID 21177495|Deletion of protein Phosphatase YDL047W/SIT4 causes Fold Change logFC -1.84 - PMID 21177495|Deletion of protein Phosphatase YDL188C/PPH22 causes Fold Change logFC -2.288 - PMID 21177495|Deletion of protein Kinase YDR477W/SNF1 causes Fold Change logFC -1.83 - PMID 21177495|Deletion of protein Kinase YGR262C/BUD32 causes Fold Change logFC -1.637 - PMID 21177495|Deletion of protein Kinase YOL100W/PKH2 causes Fold Change logFC -1.823 - PMID 21177495|Deletion of protein Kinase YOR061W/CKA2 causes Fold Change logFC -2.154 - PMID 21177495.,377,377,source workbook coordinate,P27705,MATCH,102.0,102.0,0.0,0.139009232758959,True,False,False,include: sequence-validated raw-screen strain,True,PBY659,0.188069114439816,0.060957505872724,0.175804980705392,MIG1 S377A,False,Y2,1.0,-0.99,,4.0,6.0,6.0,0.0,,unchanged,0.0,0.139009232758959,0.0,0.139009232758959,False,True,False,False
PBY662,EFT2,YDR385W,EFT2 T566,566.0,T,A,True,False,True,point mutation to alanine,,566,566,source workbook coordinate,P32324,MATCH,102.0,102.0,12.0,3.06766740014872e-12,True,False,False,include: sequence-validated raw-screen strain,True,PBY662,-0.0696461849710921,0.488896991677155,0.680353156250027,EFT2 T566A,False,,0.0,-0.05,,,,,1.0,-0.0193194542289605,gains,7.5,1.53383370007436e-12,12.0,3.06766740014872e-12,True,True,True,False
PBY663,EFT2,YDR385W,EFT2 T566A,566.0,T,A,True,False,True,point mutation to alanine,,566,566,source workbook coordinate,P32324,MATCH,102.0,102.0,3.0,3.37513718897214e-57,True,False,False,include: sequence-validated raw-screen strain,True,PBY663,0.0322565993888295,0.748799241159831,0.851491708518893,EFT2 T566A,False,,0.0,-0.05,,,,,1.0,-0.0193194542289605,unknown,7.5,1.53383370007436e-12,3.0,3.37513718897214e-57,True,True,True,False
PBY695,APL1,YJR005W,APL1 S641,641.0,S,A,True,False,True,point mutation to alanine,,641,641,source workbook coordinate,P27351,MATCH,102.0,102.0,0.0,0.626476352801396,True,False,False,include: sequence-validated raw-screen strain,True,PBY695,0.0207950748263861,0.836471526761221,0.912097719591687,APL1 S641A,False,S1,1.0,-0.98,,,,,0.0,-0.810177783856215,unchanged,0.0,0.626476352801396,0.0,0.626476352801396,False,True,False,False
PBY696,BIM1,YER016W,BIM1 S166,166.0,S,A,True,False,True,point mutation to alanine,,166,166,source workbook coordinate,P40013,MATCH,102.0,102.0,0.0,0.0764857498443233,True,False,False,include: sequence-validated raw-screen strain,True,PBY696,-0.107351827836166,0.28284729251016,0.472996732853125,BIM1 S166A,False,S1,1.0,-0.78,,4.0,0.0,4.0,1.0,-0.172187483371748,unchanged,0.0,0.0764857498443233,0.0,0.0764857498443233,False,True,False,False
PBY697,BIM1,YER016W,BIM1 S165,165.0,S,A,True,False,True,point mutation to alanine,,165,165,source workbook coordinate,P40013,MATCH,102.0,102.0,1.0,0.00818470751257422,True,False,False,include: sequence-validated raw-screen strain,True,PBY697,-0.0742398497841448,0.458348417847248,0.658565596762472,BIM1 S165A,False,S1,1.0,-0.8,,2.0,0.0,7.0,0.0,-1.0,unknown,1.0,0.00818470751257422,1.0,0.00818470751257422,True,True,False,False
PBY699,BIM1,YER016W,BIM1 T142,142.0,T,A,True,False,True,point mutation to alanine,,142,142,source workbook coordinate,P40013,MATCH,102.0,102.0,26.0,2.32894218644793e-44,True,False,False,include: sequence-validated raw-screen strain,True,PBY699,-0.221961170357923,0.0249538626047302,0.0928190403428284,BIM1 T142A,False,S1,1.0,-0.72,,,,1.0,0.0,-0.800887372792326,gains,26.0,2.32894218644793e-44,26.0,2.32894218644793e-44,True,True,False,False
PBY700,BIM1,YER016W,BIM1 S139,139.0,S,A,True,False,True,point mutation to alanine,"PMID 19823750: 5,20 min 0.4M NaCl ratio (log2); 0.188,0.247|PMID 19823750: best predicted motif = CAMK2.",139,139,source workbook coordinate,P40013,MATCH,102.0,102.0,0.0,0.274845186840237,True,False,False,include: sequence-validated raw-screen strain,True,PBY700,0.0350066307921535,0.726864555497499,0.840965386883734,BIM1 S139A,False,S1,1.0,-0.71,,2.0,0.0,2.0,1.0,-0.647767949243522,unchanged,0.0,0.274845186840237,0.0,0.274845186840237,False,True,False,False
PBY701,BIM1,YER016W,BIM1 S172,172.0,S,A,True,False,True,point mutation to alanine,,172,172,source workbook coordinate,P40013,MATCH,101.0,101.0,0.0,0.359643368926366,True,False,False,include: sequence-validated raw-screen strain,True,PBY701,0.0324045430237601,0.74768564177996,0.851491708518893,BIM1 S172A,False,S1,1.0,-0.82,,1.0,0.0,1.0,2.0,-1.0,unchanged,0.0,0.359643368926366,0.0,0.359643368926366,False,True,False,False
PBY702,BIM1,YER016W,BIM1 S154,154.0,S,A,True,False,True,point mutation to alanine,Deletion of protein Phosphatase YOR208W/PTP2 causes Fold Change logFC 1.658 - PMID 21177495.,154,154,source workbook coordinate,P40013,MATCH,102.0,102.0,36.0,6.28114946132517e-31,True,False,False,include: sequence-validated raw-screen strain,True,PBY702,0.324133590394232,0.000889122682622354,0.0062082601348017,BIM1 S154A,False,S1,1.0,-0.89,,2.0,0.0,4.0,0.0,-0.791511520176527,gains,36.0,6.28114946132517e-31,36.0,6.28114946132517e-31,True,True,False,False
PBY703,BIM1,YER016W,BIM1 T152,152.0,T,A,True,False,True,point mutation to alanine,,152,152,source workbook coordinate,P40013,MATCH,102.0,102.0,0.0,0.277932758691835,True,False,False,include: sequence-validated raw-screen strain,True,PBY703,-0.00599057961964706,0.952349366252699,0.974383156217415,BIM1 T152A,False,S1,1.0,-0.9,,2.0,0.0,4.0,0.0,-0.583200335714818,unchanged,0.0,0.277932758691835,0.0,0.277932758691835,False,True,False,False
PBY704,BIM1,YER016W,BIM1 S149,149.0,S,A,True,False,True,point mutation to alanine,,149,149,source workbook coordinate,P40013,MATCH,102.0,102.0,0.0,0.50695525824377,True,False,False,include: sequence-validated raw-screen strain,True,PBY704,0.0561472008234592,0.575129822536769,0.743187238213098,BIM1 S149A,False,Y0,1.0,-0.88,,3.0,0.0,6.0,1.0,-0.792657614608605,unchanged,0.0,0.50695525824377,0.0,0.50695525824377,False,True,False,False
PBY705,BIM1,YER016W,BIM1 S148,148.0,S,A,True,False,True,point mutation to alanine,1 peptide occurrence in PMID 17330950|Deletion of protein Phosphatase YOR208W/PTP2 causes Fold Change logFC 1.658 - PMID 21177495.,148,148,source workbook coordinate,P40013,MATCH,102.0,102.0,0.0,0.634562410494294,True,False,False,include: sequence-validated raw-screen strain,True,PBY705,-0.263042272255824,0.00756106403020734,0.035403570400265,BIM1 S148A,False,S1,1.0,-0.88,,5.0,1.0,8.0,0.0,-0.780387614724173,unknown,0.0,0.634562410494294,0.0,0.634562410494294,False,True,False,False
PBY707,CDC40,YDR364C,CDC40 S10,10.0,S,A,True,False,True,point mutation to alanine,,10,10,source workbook coordinate,P40968,MATCH,102.0,102.0,5.0,0.0153031714270705,True,False,False,include: sequence-validated raw-screen strain,True,PBY707,0.109180209475575,0.277106386996194,0.46935377327846,CDC40 S10A,False,S1,1.0,-0.81,,,,1.0,0.0,-0.394118548403244,unknown,5.0,0.0153031714270705,5.0,0.0153031714270705,True,True,False,False
PBY712,ENO1,YGR254W,ENO1 S188,188.0,S,A,True,False,True,point mutation to alanine,1 peptide occurrence in PMID 17330950.,188,188,source workbook coordinate,P00924,MATCH,98.0,98.0,6.0,0.00548946462954284,True,False,False,include: sequence-validated raw-screen strain,True,PBY712,0.579313599286076,4.11975396988973e-10,9.6450710589183e-09,ENO1 S188A,False,Y1,0.0,-0.01,,5.0,0.0,31.0,0.0,-1.0,losses,6.0,0.00548946462954284,6.0,0.00548946462954284,True,True,True,False
PBY714,GLO3,YER122C,GLO3 S390,390.0,S,A,True,False,True,point mutation to alanine,"Possible PKA site PMID 19795423|PMID 19823750: 5,20 min 0.4M NaCl ratio (log2); -1.792,-0.067|PMID 21126336: Predicted protein kinase = CKA2",390,390,source workbook coordinate,P38682,MATCH,102.0,102.0,9.0,0.000436173828438894,True,False,False,include: sequence-validated raw-screen strain,True,PBY714,-0.000497333441715193,0.99604177705549,0.99604177705549,GLO3 S390A,False,S1,1.0,-0.94,,4.0,,1.0,0.0,0.0,gains,9.0,0.000436173828438894,9.0,0.000436173828438894,True,True,False,False
PBY715,GLO3,YER122C,GLO3 S398,398.0,S,A,True,False,True,point mutation to alanine,"3 peptide occurrences in PMID 17330950|Possible PKA site PMID 19795423|PMID 19823750: 5,20 min 0.4M NaCl ratio (log2); 0.2,0.238|PMID 19823750: best predicted motif = PKA.",398,398,source workbook coordinate,P38682,MATCH,102.0,102.0,0.0,0.464856709618833,True,False,False,include: sequence-validated raw-screen strain,True,PBY715,-0.138023093575288,0.166537376585991,0.342124942850235,GLO3 S398A,False,Y2,1.0,-0.9,,8.0,5.0,39.0,3.0,-0.252366954488442,unchanged,0.0,0.464856709618833,0.0,0.464856709618833,False,True,False,False
PBY716,LHP1,YDL051W,LHP1 S230,230.0,S,A,True,False,True,point mutation to alanine,,230,230,source workbook coordinate,P33399,MATCH,102.0,102.0,0.0,0.526456578959529,True,False,False,include: sequence-validated raw-screen strain,True,PBY716,-0.214145879536969,0.0315265014668598,0.106335149015341,LHP1 S230A,False,S1,1.0,-0.96,,1.0,,2.0,0.0,-0.252898585632365,unchanged,0.0,0.526456578959529,0.0,0.526456578959529,False,True,False,False
PBY717,LSP1,YPL004C,LSP1 S30,30.0,S,A,True,False,True,point mutation to alanine,,30,30,source workbook coordinate,Q12230,MATCH,102.0,102.0,0.0,0.0621257480325211,True,False,False,include: sequence-validated raw-screen strain,True,PBY717,0.221018405440685,0.0263439133130064,0.0947013182373125,LSP1 S30A,False,S1,1.0,-0.96,,,,2.0,0.0,-0.409834076792631,unchanged,0.0,0.0621257480325211,0.0,0.0621257480325211,False,True,False,False
PBY718,LSP1,YPL004C,LSP1 S41,41.0,S,A,True,False,True,point mutation to alanine,"Possible site for CK1 PMID 19795423|PMID 19823750: 5,20 min 0.4M NaCl ratio (log2); 0.375,1.961|PMID 19823750: best predicted motif = CK1.",41,41,source workbook coordinate,Q12230,MATCH,102.0,102.0,16.0,1.0976158789546e-45,True,False,False,include: sequence-validated raw-screen strain,True,PBY718,-0.069041180254807,0.492689192419651,0.683241458477426,LSP1 S41A,False,S1,1.0,-0.79,,2.0,,2.0,1.0,-0.661528628691025,gains,16.0,1.0976158789546e-45,16.0,1.0976158789546e-45,True,True,False,False
PBY720,LSP1,YPL004C,LSP1 S6,6.0,S,A,True,False,True,point mutation to alanine,,6,6,source workbook coordinate,Q12230,MATCH,102.0,102.0,0.0,0.26272011586453,True,False,False,include: sequence-validated raw-screen strain,True,PBY720,-0.311795845046068,0.0015034160806262,0.00981694773436124,LSP1 S6A,False,Y1,1.0,-0.92,,,,1.0,1.0,0.0,unknown,0.0,0.26272011586453,0.0,0.26272011586453,False,True,False,False
PBY721,LSP1,YPL004C,LSP1 T14,14.0,T,A,True,False,True,point mutation to alanine,"PMID 21126336: Predicted protein kinase = SNF1, accumulates in nat3 cells|Deletion of protein Kinase YKL139W/CTK1 causes Fold Change logFC 2.009 - PMID 21177495.",14,14,source workbook coordinate,Q12230,MATCH,102.0,102.0,0.0,0.230885469793568,True,False,False,include: sequence-validated raw-screen strain,True,PBY721,0.192966306585617,0.0531917754423303,0.159300766676884,LSP1 T14A,False,Y1,1.0,-0.98,,3.0,0.0,8.0,1.0,-0.590890342292377,unchanged,0.0,0.230885469793568,0.0,0.230885469793568,False,True,False,False
PBY723,NSR1,YGR159C,NSR1 T403,403.0,T,A,True,False,True,point mutation to alanine,PMID 21126336: Predicted protein kinase = CLA4,403,403,source workbook coordinate,P27476,MATCH,102.0,102.0,0.0,0.118730433536659,True,False,False,include: sequence-validated raw-screen strain,True,PBY723,0.202400559816888,0.042372651274677,0.133843771486678,NSR1 T403A,False,,1.0,-0.94,,1.0,,,0.0,,unchanged,0.0,0.118730433536659,0.0,0.118730433536659,False,True,False,False
PBY725,PHO23,YNL097C,PHO23 S234,234.0,S,A,True,False,True,point mutation to alanine,,234,234,source workbook coordinate,P50947,MATCH,102.0,102.0,0.0,0.355669680001583,True,False,False,include: sequence-validated raw-screen strain,True,PBY725,0.132378919540702,0.186952600537106,0.366537610905262,PHO23 S234A,False,S1,1.0,-0.98,,1.0,0.0,1.0,0.0,-0.814278431776783,unchanged,0.0,0.355669680001583,0.0,0.355669680001583,False,True,True,False
PBY726,PIL1,YGR086C,PIL1 S41,41.0,S,A,True,False,True,point mutation to alanine,,41,41,source workbook coordinate,P53252,MATCH,102.0,102.0,14.0,1.20600322487667e-36,True,False,False,include: sequence-validated raw-screen strain,True,PBY726,0.13949073621808,0.164156596607186,0.340282945050313,PIL1 S41A,False,S1,1.0,-0.68,,3.0,0.0,6.0,0.0,-0.692225113138655,gains,14.0,1.20600322487667e-36,14.0,1.20600322487667e-36,True,True,False,False
PBY728,RPS14A,YCR031C,RPS14A S125,125.0,S,A,True,False,True,point mutation to alanine,,125,125,source workbook coordinate,P06367,MATCH,102.0,102.0,4.0,0.00945177471401041,True,False,False,include: sequence-validated raw-screen strain,True,PBY728,-0.19696878467051,0.0483523796545116,0.150345680488247,RPS14A S125A,False,Y0,0.0,-0.37,,2.0,0.0,1.0,2.0,-0.151762281417254,unknown,4.0,0.00945177471401041,4.0,0.00945177471401041,True,True,False,False
PBY730,RPS6B,YBR181C,RPS6B T180,180.0,T,A,True,False,True,point mutation to alanine,,180,180,source workbook coordinate,P0CX38,MATCH,102.0,102.0,0.0,0.403984496829354,True,False,False,include: sequence-validated raw-screen strain,True,PBY730,0.0642753726908251,0.523096280928274,0.712987396607716,RPS6B T180A,False,Y0,0.0,-0.04,,,,1.0,0.0,-0.0407734464832672,unchanged,0.0,0.403984496829354,0.0,0.403984496829354,False,True,False,False
PBY732,RPS6B,YBR181C,RPS6B S233,233.0,S,A,True,False,True,point mutation to alanine,"Similar to NIMA-related kinase site, PMID 19795423|PMID 19823750: 5,20 min 0.4M NaCl ratio (log2); -0.276,-0.124|PMID 19823750: best predicted motif = CAMK2|Deletion of protein Kinase YBR028C/YPK3 causes Decreased logFC -7.606 - PMID 21177495|Deletion of protein Kinase YAL017W/PSK1 causes Decreased logFC -6.363 - PMID 21177495|Deletion of protein Phosphatase YDL134C/PPH21 causes Decreased logFC -6.641 - PMID 21177495|Deletion of protein Phosphatase YML057W/CMP2 causes Decreased logFC -6.401 - PMID 21177495.",233,233,source workbook coordinate,P0CX38,MATCH,102.0,102.0,0.0,0.717002870036633,True,False,False,include: sequence-validated raw-screen strain,True,PBY732,-0.0796428743088629,0.428537444921911,0.633765146667981,RPS6B S233A,False,Y0,1.0,-0.83,,8.0,0.0,21.0,0.0,,unchanged,0.0,0.717002870036633,0.0,0.717002870036633,False,True,False,False
PBY734,RRT14,YIL127C,RRT14 S202,202.0,S,A,True,False,True,point mutation to alanine,,202,202,source workbook coordinate,P40470,MATCH,102.0,102.0,3.0,0.00539361066652127,True,False,False,include: sequence-validated raw-screen strain,True,PBY734,0.310017440750934,0.00151945013078975,0.00981694773436124,RRT14 S202A,False,Y2,1.0,-0.96,,,,7.0,0.0,,unknown,3.0,0.00539361066652127,3.0,0.00539361066652127,True,True,False,False
PBY736,SHP1,YBL058W,SHP1 Y100,100.0,Y,A,True,False,True,point mutation to alanine,,100,100,source workbook coordinate,P34223,MATCH,102.0,102.0,0.0,0.743889088406169,True,False,False,include: sequence-validated raw-screen strain,True,PBY736,-0.0332862477565382,0.742330525610529,0.851491708518893,SHP1 Y100A,False,S1,1.0,-0.95,,1.0,0.0,1.0,0.0,-0.522702739959186,unchanged,0.0,0.743889088406169,0.0,0.743889088406169,False,True,False,False
PBY737,SKY1,YMR216C,SKY1 S414,414.0,S,A,True,False,True,point mutation to alanine,PMID 19684113: Up-regulated by cycloheximide.,414,414,source workbook coordinate,Q03656,MATCH,102.0,102.0,0.0,0.590132522988244,True,False,False,include: sequence-validated raw-screen strain,True,PBY737,-0.0826875760548157,0.411039782688782,0.62202978520964,SKY1 S414A,False,S1,1.0,-0.92,Protein kinase,2.0,0.0,4.0,0.0,-0.390792957591084,unchanged,0.0,0.590132522988244,0.0,0.590132522988244,False,True,True,False
PBY738,SKY1,YMR216C,SKY1 S410,410.0,S,A,True,False,True,point mutation to alanine,PMID 19684113: Up-regulated by cycloheximide.,410,410,source workbook coordinate,Q03656,MATCH,102.0,102.0,0.0,0.190004378535822,True,False,False,include: sequence-validated raw-screen strain,True,PBY738,0.050202128251993,0.618089582430726,0.768748918148215,SKY1 S410A,False,S1,1.0,-0.95,Protein kinase,2.0,,5.0,1.0,-0.153601212261166,unchanged,0.0,0.190004378535822,0.0,0.190004378535822,False,True,True,False
PBY741,SKY1,YMR216C,SKY1 S360,360.0,S,A,True,False,True,point mutation to alanine,,360,360,source workbook coordinate,Q03656,MATCH,102.0,102.0,0.0,0.163811670638429,True,False,False,include: sequence-validated raw-screen strain,True,PBY741,0.0510059112929149,0.612468866728372,0.765637174768808,SKY1 S360A,False,S1,1.0,-0.97,Protein kinase,,,,0.0,-0.441206835302512,unchanged,0.0,0.163811670638429,0.0,0.163811670638429,False,True,True,False
PBY742,SLA1,YBL007C,SLA1 S990,990.0,S,A,True,False,True,point mutation to alanine,Deletion of protein Phosphatase YLR019W/PSR2 causes Fold Change logFC 2.17 - PMID 21177495.,990,990,source workbook coordinate,P32790,MATCH,102.0,102.0,0.0,0.122466620289377,True,False,False,include: sequence-validated raw-screen strain,True,PBY742,0.0754566958097295,0.455579929683404,0.656959463818821,SLA1 S990A,False,S1,1.0,-0.99,,2.0,1.0,3.0,0.0,-0.372135197935667,unchanged,0.0,0.122466620289377,0.0,0.122466620289377,False,True,False,False
PBY743,SLA1,YBL007C,SLA1 T923,923.0,T,A,True,False,True,point mutation to alanine,,923,923,source workbook coordinate,P32790,MATCH,102.0,102.0,0.0,0.129202295195476,True,False,False,include: sequence-validated raw-screen strain,True,PBY743,-0.0397583523477291,0.694511329827338,0.820224063119526,SLA1 T923A,False,,1.0,-0.97,,1.0,,,1.0,-0.435266786700358,unchanged,0.0,0.129202295195476,0.0,0.129202295195476,False,True,False,False
PBY744,SLA1,YBL007C,SLA1 T831,831.0,T,A,True,False,True,point mutation to alanine,,831,831,source workbook coordinate,P32790,MATCH,102.0,102.0,0.0,0.0658435586273673,True,False,False,include: sequence-validated raw-screen strain,True,PBY744,-0.0083864556265155,0.934001332651449,0.968053464571033,SLA1 T831A,False,Y1,1.0,-0.97,,4.0,0.0,2.0,0.0,-0.0396941307145005,unchanged,0.0,0.0658435586273673,0.0,0.0658435586273673,False,True,False,False
PBY745,SLT2,YHR030C,SLT2 T413,413.0,T,A,True,False,True,point mutation to alanine,,413,413,source workbook coordinate,Q00772,MATCH,102.0,102.0,0.0,0.090268511859258,True,False,False,include: sequence-validated raw-screen strain,True,PBY745,-0.0296821205489549,0.772880722395807,0.865482458972011,SLT2 T413A,False,,1.0,-0.98,,1.0,,,0.0,-0.749234093492976,unchanged,0.0,0.090268511859258,0.0,0.090268511859258,False,True,True,False
PBY747,VMA2,YBR127C,VMA2 S84,84.0,S,A,True,False,True,point mutation to alanine,,84,84,source workbook coordinate,P16140,MATCH,102.0,102.0,0.0,0.303685624977941,True,False,False,include: sequence-validated raw-screen strain,True,PBY747,-0.18387386687636,0.0670605046203452,0.19201497006401,VMA2 S84A,False,,0.0,-0.04,,1.0,,,0.0,-0.209176488192839,unchanged,0.0,0.303685624977941,0.0,0.303685624977941,False,True,True,False
PBY748,YJR056C,YJR056C,YJR056C S221,221.0,S,A,True,False,True,point mutation to alanine,Deletion of protein Phosphatase YIR026C/YVH1 causes Fold Change logFC 2.054 - PMID 21177495|Deletion of protein Kinase YGL059W/PKP2 causes Fold Change logFC 1.651 - PMID 21177495|Deletion of protein Phosphatase YGR203W/YCH1 causes Fold Change logFC 2.825 - PMID 21177495|Deletion of protein Kinase YKL171W/NNK1 causes Fold Change logFC 1.652 - PMID 21177495|Deletion of protein Phosphatase YLR433C/CNA1 causes Fold Change logFC 1.661 - PMID 21177495|Deletion of protein Phosphatase YNL032W/SIW14 causes Fold Change logFC 1.751 - PMID 21177495.,221,221,source workbook coordinate,P47115,MATCH,102.0,102.0,4.0,0.00710080864488398,True,False,False,include: sequence-validated raw-screen strain,True,PBY748,0.0681584053145816,0.498250205056639,0.688554102821328,YJR056C S221A,False,Y1,1.0,-0.59,,3.0,4.0,8.0,0.0,,unknown,4.0,0.00710080864488398,4.0,0.00710080864488398,True,True,False,False
PBY749,YJR056C,YJR056C,YJR056C S223,223.0,S,A,True,False,True,point mutation to alanine,,223,223,source workbook coordinate,P47115,MATCH,102.0,102.0,2.0,0.00369555675751255,True,False,False,include: sequence-validated raw-screen strain,True,PBY749,-0.0712762821817759,0.478757016834744,0.673304921202219,YJR056C S223A,False,Y1,1.0,-0.6,,1.0,0.0,2.0,0.0,,unknown,2.0,0.00369555675751255,2.0,0.00369555675751255,True,True,False,False
PBY753,DBF2,YGR092W,DBF2 S51,51.0,S,A,True,False,True,point mutation to alanine,,51,51,source workbook coordinate,P22204,MATCH,102.0,102.0,23.0,1.28721102508989e-23,True,False,False,include: sequence-validated raw-screen strain,True,PBY753,0.696605335283698,6.01496820663876e-16,2.99244668280278e-14,DBF2 S51A,False,Y2,1.0,-0.97,,1.0,,7.0,0.0,-0.796086569668732,losses,23.0,1.28721102508989e-23,23.0,1.28721102508989e-23,True,True,True,False
PBY757,LHP1,YDL051W,LHP1 S235,235.0,S,A,True,False,True,point mutation to alanine,Deletion of protein Phosphatase YML057W/CMP2 causes Fold Change logFC 2.225 - PMID 21177495|Deletion of protein Kinase YAL017W/PSK1 causes Fold Change logFC 1.802 - PMID 21177495|Deletion of protein Kinase YCR008W/SAT4 causes Fold Change logFC 1.822 - PMID 21177495|Deletion of protein Kinase YDR247W/VHS1 causes Fold Change logFC 2.164 - PMID 21177495|Deletion of protein Kinase YDR466W/PKH3 causes Fold Change logFC 1.688 - PMID 21177495|Deletion of protein Kinase YIL042C/PKP1 causes Fold Change logFC 1.604 - PMID 21177495|Deletion of protein Kinase YKL166C/TPK3 causes Fold Change logFC 1.505 - PMID 21177495.,235,235,source workbook coordinate,P33399,MATCH,102.0,102.0,0.0,0.407755433730979,True,False,False,include: sequence-validated raw-screen strain,True,PBY757,-0.0252732284575517,0.801913577334554,0.88332026350032,LHP1 S235A,False,Y1,1.0,-0.97,,3.0,5.0,7.0,0.0,-0.196464312679987,unchanged,0.0,0.407755433730979,0.0,0.407755433730979,False,True,False,False
PBY759,LHP1,YDL051W,LHP1 S233,233.0,S,A,True,False,True,point mutation to alanine,,233,233,source workbook coordinate,P33399,MATCH,102.0,102.0,0.0,0.230105162235775,True,False,False,include: sequence-validated raw-screen strain,True,PBY759,-0.102667994819128,0.306941762280877,0.504716056316145,LHP1 S233A,False,S1,1.0,-0.97,,1.0,,3.0,0.0,-0.753921775711304,unchanged,0.0,0.230105162235775,0.0,0.230105162235775,False,True,False,False
PBY761,LSP1,YPL004C,LSP1 S336,336.0,S,A,True,False,True,point mutation to alanine,,336,336,source workbook coordinate,Q12230,MATCH,102.0,102.0,0.0,0.210958013937859,True,False,False,include: sequence-validated raw-screen strain,True,PBY761,-0.0551648094432502,0.583749444727191,0.746403947034319,LSP1 S336A,False,,1.0,-0.97,,1.0,,,0.0,,unchanged,0.0,0.210958013937859,0.0,0.210958013937859,False,True,False,False
PBY762,LSP1,YPL004C,LSP1 S59,59.0,S,A,True,False,True,point mutation to alanine,"PMID 19823750: 5,20 min 0.4M NaCl ratio (log2); 0.637,0.585|PMID 19823750: best predicted motif = CHK1/2.",59,59,source workbook coordinate,Q12230,MATCH,102.0,102.0,0.0,0.448337872186658,True,False,False,include: sequence-validated raw-screen strain,True,PBY762,-0.0331037264595166,0.742429805700579,0.851491708518893,LSP1 S59A,False,Y1,0.0,-0.02,,3.0,,3.0,0.0,-0.665544115653459,unchanged,0.0,0.448337872186658,0.0,0.448337872186658,False,True,False,False
PBY768,PHO23,YNL097C,PHO23 S267,267.0,S,A,True,False,True,point mutation to alanine,,267,267,source workbook coordinate,P50947,MATCH,102.0,102.0,0.0,0.106837964379697,True,False,False,include: sequence-validated raw-screen strain,True,PBY768,0.0293085145160118,0.771094820113944,0.865482458972011,PHO23 S267A,False,S1,1.0,-0.97,,,,1.0,0.0,-0.770430040392139,unchanged,0.0,0.106837964379697,0.0,0.106837964379697,False,True,True,False
PBY769,RPS14A,YCR031C,RPS14A T119,119.0,T,A,True,False,True,point mutation to alanine,PMID 21126336: Predicted protein kinase = CDC28,119,119,source workbook coordinate,P06367,MATCH,102.0,102.0,5.0,1.68463095935613e-05,True,False,False,include: sequence-validated raw-screen strain,True,PBY769,0.416079996554083,1.50872920667842e-05,0.000158019532699477,RPS14A T119A,False,Y0,0.0,-0.04,,1.0,,1.0,0.0,-0.00548809640412317,unknown,6.0,8.70421016781102e-06,5.0,1.68463095935613e-05,True,True,False,False
PBY771,RPS6B,YBR181C,RPS6B T163,163.0,T,A,True,False,True,point mutation to alanine,,163,163,source workbook coordinate,P0CX38,MATCH,102.0,102.0,0.0,0.402801359621904,True,False,False,include: sequence-validated raw-screen strain,True,PBY771,0.0742008596160668,0.460851904280368,0.65978078382585,RPS6B T163A,False,S1,0.0,-0.19,,,,3.0,0.0,-0.750144175424983,unchanged,0.0,0.402801359621904,0.0,0.402801359621904,False,True,False,False
PBY773,RPS6B,YBR181C,RPS6B S232,232.0,S,A,True,False,True,point mutation to alanine,"PMID 19823750: 5,20 min 0.4M NaCl ratio (log2); -0.773,0.121|PMID 19823750: best predicted motif = PKA/AKT|Deletion of protein Kinase YBR028C/YPK3 causes Decreased logFC -7.606 - PMID 21177495|Deletion of protein Kinase YAL017W/PSK1 causes Decreased logFC -6.363 - PMID 21177495|Deletion of protein Phosphatase YDL134C/PPH21 causes Decreased logFC -6.641 - PMID 21177495|Deletion of protein Phosphatase YML057W/CMP2 causes Decreased logFC -6.401 - PMID 21177495.",232,232,source workbook coordinate,P0CX38,MATCH,102.0,102.0,0.0,0.354234382602569,True,False,False,include: sequence-validated raw-screen strain,True,PBY773,-0.123949079986568,0.216854296604789,0.396714205272402,RPS6B S232A,False,Y0,1.0,-0.81,,8.0,0.0,19.0,0.0,-0.0819728018740117,unchanged,0.0,0.354234382602569,0.0,0.354234382602569,False,True,False,False
PBY775,RRT14,YIL127C,RRT14 S197,197.0,S,A,True,False,True,point mutation to alanine,PMID 19823750: best predicted motif = CK2.,197,197,source workbook coordinate,P40470,MATCH,102.0,102.0,17.0,1.29929298277194e-61,True,False,False,include: sequence-validated raw-screen strain,True,PBY775,0.273598946443745,0.00539487422619189,0.0271792397724604,RRT14 S197A,False,Y1,1.0,-0.81,,5.0,,6.0,1.0,,gains,17.0,1.29929298277194e-61,17.0,1.29929298277194e-61,True,True,False,False
PBY777,SKY1,YMR216C,SKY1 S427,427.0,S,A,True,False,True,point mutation to alanine,,427,427,source workbook coordinate,Q03656,MATCH,102.0,102.0,2.0,0.0136554214948102,True,False,False,include: sequence-validated raw-screen strain,True,PBY777,-0.0543932653877426,0.589030496651893,0.748990855167583,SKY1 S427A,False,S1,1.0,-0.89,Protein kinase,2.0,0.0,3.0,9.0,-0.849530442448274,unknown,2.0,0.0136554214948102,2.0,0.0136554214948102,True,True,True,False
PBY779,SKY1,YMR216C,SKY1 S388,388.0,S,A,True,False,True,point mutation to alanine,,388,388,source workbook coordinate,Q03656,MATCH,102.0,102.0,6.0,0.000497705958523277,True,False,False,include: sequence-validated raw-screen strain,True,PBY779,0.176377908442795,0.0776693019632962,0.206082547875946,SKY1 S388A,False,Y1,1.0,-0.98,Protein kinase,2.0,0.0,4.0,0.0,0.0,unknown,6.0,0.000497705958523277,6.0,0.000497705958523277,True,True,True,False
PBY782,SWI3,YJL176C,SWI3 S230,230.0,S,A,True,False,True,point mutation to alanine,PMID 21126336: Predicted protein kinase = SNF1,230,230,source workbook coordinate,P32591,MATCH,102.0,102.0,0.0,0.183225143902534,True,False,False,include: sequence-validated raw-screen strain,True,PBY782,0.0109177805687283,0.914147703683403,0.954936446367439,SWI3 S230A,False,S1,1.0,-0.97,,2.0,0.0,4.0,0.0,-0.758671845026993,unchanged,0.0,0.183225143902534,0.0,0.183225143902534,False,True,False,False
PBY783,SWI3,YJL176C,SWI3 S231,231.0,S,A,True,False,True,point mutation to alanine,"Possible site for GSK3 PMID 19795423|PMID 19823750: 5,20 min 0.4M NaCl ratio (log2); -0.143,-0.181.",231,231,source workbook coordinate,P32591,MATCH,102.0,102.0,0.0,0.473306373952067,True,False,False,include: sequence-validated raw-screen strain,True,PBY783,0.176279478516061,0.0793622591313967,0.20718744208309,SWI3 S231A,False,Y1,1.0,-0.97,,5.0,0.0,4.0,1.0,-0.800248955058017,unchanged,0.0,0.473306373952067,0.0,0.473306373952067,False,True,False,False
PBY784,SWI3,YJL176C,SWI3 S237,237.0,S,A,True,False,True,point mutation to alanine,"Possible PKA site PMID 19795423|PMID 19823750: 5,20 min 0.4M NaCl ratio (log2); 1.312,0.601.",237,237,source workbook coordinate,P32591,MATCH,102.0,102.0,26.0,8.28889227986137e-24,True,False,False,include: sequence-validated raw-screen strain,True,,,,,,,,,,,,,,,,,,,26.0,8.28889227986137e-24,True,False,False,False
PBY786,YCR087C-A,YCR087C-A,YCR087C-A Y121,121.0,Y,A,True,False,True,point mutation to alanine,,121,121,source workbook coordinate,P37263,MATCH,102.0,102.0,24.0,1.89234520712342e-65,True,False,False,include: sequence-validated raw-screen strain,True,PBY786,-0.211632898213239,0.0336252177445768,0.112460812288585,YCR087C-A Y121A,False,Y1,0.0,-0.11,,,,1.0,0.0,-0.134649977323897,gains,24.0,1.89234520712342e-65,24.0,1.89234520712342e-65,True,True,True,False
PBY788,YCR087C-A,YCR087C-A,YCR087C-A S53,53.0,S,A,True,False,True,point mutation to alanine,Deletion of protein Kinase YKL101W/HSL1 causes Fold Change logFC 2.277 - PMID 21177495|Deletion of protein Kinase YKL101W/HSL1 causes Fold Change logFC 2.736 - PMID 21177495|Deletion of protein Kinase YOR231W/MKK1 causes Fold Change logFC 4.267 - PMID 21177495.,53,53,source workbook coordinate,P37263,MATCH,102.0,102.0,0.0,0.626272913484416,True,False,False,include: sequence-validated raw-screen strain,True,PBY788,-0.0633680646269816,0.528990746577189,0.717522270763938,YCR087C-A S53A,False,Y1,0.0,-0.01,,1.0,1.0,2.0,0.0,-0.0209276406138412,unchanged,0.0,0.626272913484416,0.0,0.626272913484416,False,True,True,False
PBY789,YCR087C-A,YCR087C-A,YCR087C-A T126,126.0,T,A,True,False,True,point mutation to alanine,,126,126,source workbook coordinate,P37263,MATCH,102.0,102.0,0.0,0.177825894080998,True,False,False,include: sequence-validated raw-screen strain,True,PBY789,0.0452775986045449,0.65299817391197,0.787555373384739,YCR087C-A T126A,False,S1,0.0,-0.13,,,,1.0,0.0,-0.993588201769991,unchanged,0.0,0.177825894080998,0.0,0.177825894080998,False,True,True,False
PBY791,NVJ2,YPR091C,NVJ2 S669,669.0,S,A,True,False,True,point mutation to alanine,7 peptide occurrences in PMID 17330950|Deletion of protein Phosphatase YLR433C/CNA1 causes Fold Change logFC 1.52 - PMID 21177495.,669,669,source workbook coordinate,Q06833,MATCH,102.0,102.0,0.0,0.530441002173554,True,False,False,include: sequence-validated raw-screen strain,True,PBY791,-0.30561062831648,0.00188466665874759,0.0115399589258698,NVJ2 S669A,False,S1,1.0,-0.98,,9.0,0.0,39.0,3.0,-0.798466395866893,unknown,0.0,0.530441002173554,0.0,0.530441002173554,False,True,False,False
PBY792,NVJ2,YPR091C,NVJ2 S723,723.0,S,A,True,False,True,point mutation to alanine,"1 peptide occurrence in PMID 17330950|PMID 19823750: 5,20 min 0.4M NaCl ratio (log2); -0.82,-1.724|PMID 19823750: best predicted motif = CK1|Deletion of protein Phosphatase YIR026C/YVH1 causes Fold Change logFC -1.517 - PMID 21177495.",723,723,source workbook coordinate,Q06833,MATCH,102.0,102.0,0.0,0.288398747821036,True,False,False,include: sequence-validated raw-screen strain,True,PBY792,0.108131475776819,0.281774827318409,0.472996732853125,NVJ2 S723A,False,S1,1.0,-0.99,,7.0,1.0,22.0,0.0,-0.659977815063171,unchanged,0.0,0.288398747821036,0.0,0.288398747821036,False,True,False,False
PBY793,NVJ2,YPR091C,NVJ2 S593,593.0,S,A,True,False,True,point mutation to alanine,1 peptide occurrence in PMID 17330950.,593,593,source workbook coordinate,Q06833,MATCH,102.0,102.0,0.0,0.420883353138692,True,False,False,include: sequence-validated raw-screen strain,True,PBY793,0.0597114311096234,0.55307905573251,0.730294677597207,NVJ2 S593A,False,,1.0,-0.97,,1.0,,,1.0,-0.682642177633441,unchanged,0.0,0.420883353138692,0.0,0.420883353138692,False,True,False,False
PBY794,NVJ2,YPR091C,NVJ2 S714,714.0,S,A,True,False,True,point mutation to alanine,"Possible site for CDK, PMID 19795423|PMID 19823750: 5,20 min 0.4M NaCl ratio (log2); 0.097,0.229|PMID 19823750: best predicted motif = CAMK2|PMID 21126336: Predicted protein kinase = SCH9|Deletion of protein Kinase YBR274W/CHK1 causes Fold Change logFC -1.767 - PMID 21177495|Deletion of protein Phosphatase YIR026C/YVH1 causes Fold Change logFC -1.517 - PMID 21177495|Deletion of protein Kinase YKL101W/HSL1 causes Fold Change logFC -1.915 - PMID 21177495.",714,714,source workbook coordinate,Q06833,MATCH,102.0,102.0,22.0,2.21277134416762e-48,True,False,False,include: sequence-validated raw-screen strain,True,PBY794,-0.0261102761306635,0.795494061649896,0.881912636592363,NVJ2 S714A,False,Y2,1.0,-0.99,,6.0,2.0,4.0,0.0,-0.0354029025969601,gains,22.0,2.21277134416762e-48,22.0,2.21277134416762e-48,True,True,False,False
PBY796,NVJ2,YPR091C,NVJ2 S716,716.0,S,A,True,False,True,point mutation to alanine,1 peptide occurrence in PMID 17330950|Deletion of protein Kinase YBR274W/CHK1 causes Fold Change logFC -1.767 - PMID 21177495|Deletion of protein Phosphatase YIR026C/YVH1 causes Fold Change logFC -1.517 - PMID 21177495|Deletion of protein Kinase YKL101W/HSL1 causes Fold Change logFC -1.915 - PMID 21177495.,716,716,source workbook coordinate,Q06833,MATCH,102.0,102.0,1.0,0.0420654282427994,True,False,False,include: sequence-validated raw-screen strain,True,PBY796,-0.144855831761264,0.14837434957947,0.315791396431171,NVJ2 S716A,False,Y2,1.0,-0.99,,3.0,2.0,4.0,0.0,-0.806262635197829,unknown,1.0,0.0420654282427994,1.0,0.0420654282427994,True,True,False,False
PBY798,RPA34,YJL148W,RPA34 Y8,8.0,Y,A,True,False,True,point mutation to alanine,,8,8,source workbook coordinate,P47006,MATCH,102.0,102.0,1.0,0.0319660158606074,True,False,False,include: sequence-validated raw-screen strain,True,PBY798,0.352724044346404,0.00031907344979361,0.00253982466035714,RPA34 Y8A,False,,1.0,-0.92,,1.0,,,0.0,-0.0191188275296684,unknown,1.0,0.0319660158606074,1.0,0.0319660158606074,True,True,False,False
PBY800,RPA34,YJL148W,RPA34 Y150,150.0,Y,A,True,False,True,point mutation to alanine,,150,150,source workbook coordinate,P47006,MATCH,102.0,102.0,0.0,0.198244274119323,True,False,False,include: sequence-validated raw-screen strain,True,PBY800,0.3573827245935,0.000262017879940608,0.00221878970673111,RPA34 Y150A,False,S1,0.0,-0.02,,,,1.0,2.0,-0.0197307550805719,unknown,0.0,0.198244274119323,0.0,0.198244274119323,False,True,False,False
PBY802,RPA34,YJL148W,RPA34 S113,113.0,S,A,True,False,True,point mutation to alanine,,113,113,source workbook coordinate,P47006,MATCH,102.0,102.0,0.0,0.374892540651397,True,False,False,include: sequence-validated raw-screen strain,True,PBY802,0.0552448828161271,0.585120682097255,0.746403947034319,RPA34 S113A,False,S1,0.0,-0.08,,,,,1.0,-0.452489270712544,unchanged,0.0,0.374892540651397,0.0,0.374892540651397,False,True,False,False
PBY804,RPA34,YJL148W,RPA34 S12,12.0,S,A,True,False,True,point mutation to alanine,1 peptide occurrence in PMID 17330950.,12,12,source workbook coordinate,P47006,MATCH,102.0,102.0,0.0,0.541279418902755,True,False,False,include: sequence-validated raw-screen strain,True,PBY804,0.0462624794460706,0.64763273819984,0.787555373384739,RPA34 S12A,False,Y1,1.0,-0.93,,4.0,,20.0,0.0,-0.182360081868445,unchanged,0.0,0.541279418902755,0.0,0.541279418902755,False,True,False,False
PBY805,RPA43,YOR340C,RPA43 S269,269.0,S,A,True,False,True,point mutation to alanine,,269,269,source workbook coordinate,P46669,MATCH,102.0,102.0,23.0,1.08248524061707e-52,True,False,False,include: sequence-validated raw-screen strain,True,PBY805,,,1.0,RPA43 S269A,False,,1.0,-0.93,,1.0,0.0,,5.0,-0.496352933810956,gains,23.0,1.08248524061707e-52,23.0,1.08248524061707e-52,True,True,False,False
PBY806,RPA43,YOR340C,RPA43 S251,251.0,S,A,True,False,True,point mutation to alanine,,251,251,source workbook coordinate,P46669,MATCH,102.0,102.0,0.0,0.124729522189189,True,False,False,include: sequence-validated raw-screen strain,True,PBY806,,,1.0,RPA43 S251A,False,,0.0,-0.1,,2.0,0.0,,1.0,-0.635921041949309,unchanged,0.0,0.124729522189189,0.0,0.124729522189189,False,True,False,False
PBY808,RPA43,YOR340C,RPA43 S208,208.0,S,A,True,False,True,point mutation to alanine,1 peptide occurrence in PMID 17330950.,208,208,source workbook coordinate,P46669,MATCH,102.0,102.0,1.0,0.0404121226604487,True,False,False,include: sequence-validated raw-screen strain,True,PBY808,,,1.0,RPA43 S208A,False,,1.0,-0.61,,1.0,,,0.0,-0.766600924589565,unknown,1.0,0.0404121226604487,1.0,0.0404121226604487,True,True,False,False
PBY810,RPA43,YOR340C,RPA43 T25,25.0,T,A,True,False,True,point mutation to alanine,PMID 21126336: Predicted protein kinase = SNF1,25,25,source workbook coordinate,P46669,MATCH,102.0,102.0,0.0,0.0589136435188703,True,False,False,include: sequence-validated raw-screen strain,True,PBY810,,,1.0,RPA43 T25A,False,,1.0,-0.85,,1.0,,,1.0,-0.153400348579319,unchanged,0.0,0.0589136435188703,0.0,0.0589136435188703,False,True,False,False
PBY811,RPA43,YOR340C,RPA43 S285,285.0,S,A,True,False,True,point mutation to alanine,"1 peptide occurrence in PMID 17330950|PMID 19823750: 5,20 min 0.4M NaCl ratio (log2); -0.276,-0.159|PMID 19823750: best predicted motif = PLK1.",285,285,source workbook coordinate,P46669,MATCH,102.0,102.0,0.0,0.487307202065336,True,False,False,include: sequence-validated raw-screen strain,True,PBY811,,,1.0,RPA43 S285A,False,Y2,1.0,-0.94,,6.0,0.0,18.0,0.0,-0.395801890245608,unchanged,0.0,0.487307202065336,0.0,0.487307202065336,False,True,False,False
PBY813,RPA43,YOR340C,RPA43 S265,265.0,S,A,True,False,True,point mutation to alanine,PMID 21126336: Predicted protein kinase = CKA2,265,265,source workbook coordinate,P46669,MATCH,102.0,102.0,0.0,0.509414854355498,True,False,False,include: sequence-validated raw-screen strain,True,PBY813,,,1.0,RPA43 S265A,False,Y2,1.0,-0.93,,4.0,0.0,6.0,2.0,-0.759223652777967,unchanged,0.0,0.509414854355498,0.0,0.509414854355498,False,True,False,False
PBY815,RPA43,YOR340C,RPA43 S263,263.0,S,A,True,False,True,point mutation to alanine,1 peptide occurrence in PMID 17330950.,263,263,source workbook coordinate,P46669,MATCH,102.0,102.0,4.0,0.00362577250184206,True,False,False,include: sequence-validated raw-screen strain,True,PBY815,,,1.0,RPA43 S263A,False,S1,1.0,-0.89,,3.0,,3.0,17.0,-0.604599539461958,unknown,4.0,0.00362577250184206,4.0,0.00362577250184206,True,True,False,False
PBY817,RPA43,YOR340C,RPA43 S262,262.0,S,A,True,False,True,point mutation to alanine,1 peptide occurrence in PMID 17330950.,262,262,source workbook coordinate,P46669,MATCH,102.0,102.0,0.0,0.434586950950504,True,False,False,include: sequence-validated raw-screen strain,True,PBY817,,,1.0,RPA43 S262A,False,S1,1.0,-0.84,,2.0,,3.0,0.0,-0.809268135728932,unchanged,0.0,0.434586950950504,0.0,0.434586950950504,False,True,False,False
PBY819,RPA49,YNL248C,RPA49 S8,8.0,S,A,True,False,True,point mutation to alanine,,8,8,source workbook coordinate,Q01080,MATCH,102.0,102.0,0.0,0.407755433730979,True,False,False,include: sequence-validated raw-screen strain,True,PBY819,0.167708674018444,0.0936662361095847,0.231547589885806,RPA49 S8A,False,,0.0,-0.32,,1.0,,,0.0,-1.0,unchanged,0.0,0.407755433730979,0.0,0.407755433730979,False,True,False,False
PBY820,RPA49,YNL248C,RPA49 S169,169.0,S,A,True,False,True,point mutation to alanine,,169,169,source workbook coordinate,Q01080,MATCH,102.0,102.0,0.0,0.123003531856908,True,False,False,include: sequence-validated raw-screen strain,True,PBY820,-0.0571423542467055,0.570313744951429,0.741780622518526,RPA49 S169A,False,S1,1.0,-0.5,,,,1.0,2.0,-0.0237615827832323,unchanged,0.0,0.123003531856908,0.0,0.123003531856908,False,True,False,False
PBY822,RPA49,YNL248C,RPA49 T167,167.0,T,A,True,False,True,point mutation to alanine,,167,167,source workbook coordinate,Q01080,MATCH,102.0,102.0,0.0,0.18973127734026,True,False,False,include: sequence-validated raw-screen strain,True,PBY822,0.155509430440774,0.120456506141329,0.275526950829016,RPA49 T167A,False,S1,0.0,-0.46,,,,1.0,0.0,-0.6155006370762,unchanged,0.0,0.18973127734026,0.0,0.18973127734026,False,True,False,False
PBY827,RPC53,YDL150W,RPC53 S116,116.0,S,A,True,False,True,point mutation to alanine,PMID 21126336: Predicted protein kinase = SNF1,116,116,source workbook coordinate,P25441,MATCH,102.0,102.0,0.0,0.655114636665616,True,False,False,include: sequence-validated raw-screen strain,True,PBY827,,,1.0,RPC53 S116A,False,,1.0,-0.98,,1.0,,,0.0,-0.448642544340386,unchanged,0.0,0.655114636665616,0.0,0.655114636665616,False,True,False,False
PBY828,RPC53,YDL150W,RPC53 T232,232.0,T,A,True,False,True,point mutation to alanine,"5.5 Reciprocal SILAC ratio pheromone treated:untreated PMID:15665377|Possible site for Aurora Kinase/ Ipl1, PMID 19795423|PMID 19823750: 5,20 min 0.4M NaCl ratio (log2); 0.468,0.855|PMID 19823750: best predicted motif = CAMK2|Deletion of protein Kinase YNL307C/MCK1 causes Decreased logFC -8.137 - PMID 21177495|Deletion of protein Kinase YLL019C/KNS1 causes Fold Change logFC -3.777 - PMID 21177495.",232,232,source workbook coordinate,P25441,MATCH,102.0,102.0,7.0,0.00570936159642404,True,False,False,include: sequence-validated raw-screen strain,True,PBY828,,,1.0,RPC53 T232A,False,Y1,1.0,-0.7,,8.0,7.0,10.0,0.0,0.0,gains,7.0,0.00570936159642404,7.0,0.00570936159642404,True,True,False,False
PBY830,RPC53,YDL150W,RPC53 S224,224.0,S,A,True,False,True,point mutation to alanine,"4 peptide occurrences in PMID 17330950|PMID 19823750: 5,20 min 0.4M NaCl ratio (log2); 0.011,0.304|Deletion of protein Kinase YNL307C/MCK1 causes Decreased logFC -8.137 - PMID 21177495|Deletion of protein Kinase YDL108W/KIN28 causes Fold Change logFC -1.775 - PMID 21177495|Deletion of protein Kinase YLL019C/KNS1 causes Fold Change logFC -3.777 - PMID 21177495|Deletion of protein Kinase YPL031C/PHO85 causes Fold Change logFC -1.86 - PMID 21177495.",224,224,source workbook coordinate,P25441,MATCH,102.0,102.0,0.0,0.509711998633551,True,False,False,include: sequence-validated raw-screen strain,True,PBY830,,,1.0,RPC53 S224A,False,Y2,1.0,-0.85,,9.0,7.0,41.0,3.0,0.0,unchanged,0.0,0.509711998633551,0.0,0.509711998633551,False,True,False,False
PBY831,RPC53,YDL150W,RPC53 S182,182.0,S,A,True,False,True,point mutation to alanine,5 peptide occurrences in PMID 17330950|PMID 19684113: Up-regulated by rapamycin.,182,182,source workbook coordinate,P25441,MATCH,102.0,102.0,31.0,1.33739928596457e-17,True,False,False,include: sequence-validated raw-screen strain,True,PBY831,,,1.0,RPC53 S182A,False,Y2,1.0,-0.96,,3.0,0.0,12.0,2.0,-0.629558327902093,gains,31.0,1.33739928596457e-17,31.0,1.33739928596457e-17,True,True,False,False
PBY832,RPC53,YDL150W,RPC53 S178,178.0,S,A,True,False,True,point mutation to alanine,"4 peptide occurrences in PMID 17330950|PMID 19823750: 5,20 min 0.4M NaCl ratio (log2); -1.254,-3.527|PMID 19823750: best predicted motif = GSK3|PMID 19684113: Up-regulated by rapamycin.",178,178,source workbook coordinate,P25441,MATCH,102.0,102.0,0.0,0.717701447242188,True,False,False,include: sequence-validated raw-screen strain,True,PBY832,,,1.0,RPC53 S178A,False,S1,1.0,-0.97,,6.0,0.0,23.0,1.0,-0.334770342509771,unchanged,0.0,0.717701447242188,0.0,0.717701447242188,False,True,False,False
PBY834,RPC53,YDL150W,RPC53 S138,138.0,S,A,True,False,True,point mutation to alanine,"PMID 19823750: 5,20 min 0.4M NaCl ratio (log2); -0.01,0.262|PMID 19823750: best predicted motif = CK2.",138,138,source workbook coordinate,P25441,MATCH,102.0,102.0,0.0,0.096146785978519,True,False,False,include: sequence-validated raw-screen strain,True,PBY834,,,1.0,RPC53 S138A,False,S1,1.0,-0.99,,6.0,0.0,17.0,0.0,-0.849561021075068,unchanged,0.0,0.096146785978519,0.0,0.096146785978519,False,True,False,False
PBY836,RPC53,YDL150W,RPC53 T130,130.0,T,A,True,False,True,point mutation to alanine,"PMID 21126336: Predicted protein kinase = CKA2, accumulates in nat3 cells.",130,130,source workbook coordinate,P25441,MATCH,102.0,102.0,0.0,0.236093577687394,True,False,False,include: sequence-validated raw-screen strain,True,PBY836,,,1.0,RPC53 T130A,False,S1,1.0,-0.97,,2.0,,2.0,3.0,-1.0,unchanged,0.0,0.236093577687394,0.0,0.236093577687394,False,True,False,False
PBY838,RPC53,YDL150W,RPC53 S119,119.0,S,A,True,False,True,point mutation to alanine,"PMID 19823750: 5,20 min 0.4M NaCl ratio (log2); -0.393,0.054|PMID 19823750: best predicted motif = CK1.",119,119,source workbook coordinate,P25441,MATCH,102.0,102.0,0.0,0.247509386338965,True,False,False,include: sequence-validated raw-screen strain,True,PBY838,,,1.0,RPC53 S119A,False,S1,1.0,-0.97,,3.0,0.0,1.0,3.0,-0.312750424938145,unchanged,0.0,0.247509386338965,0.0,0.247509386338965,False,True,False,False
PBY839,RPC53,YDL150W,RPC53 S27,27.0,S,A,True,False,True,point mutation to alanine,,27,27,source workbook coordinate,P25441,MATCH,102.0,102.0,0.0,0.153178067135897,True,False,False,include: sequence-validated raw-screen strain,True,PBY839,,,1.0,RPC53 S27A,False,S1,1.0,-0.85,,1.0,,1.0,1.0,-0.766499442568038,unchanged,0.0,0.153178067135897,0.0,0.153178067135897,False,True,False,False
PBY840,RPC82,YPR190C,RPC82 Y494,494.0,Y,A,True,False,True,point mutation to alanine,,494,494,source workbook coordinate,P32349,MATCH,102.0,102.0,0.0,0.510848591637485,True,False,False,include: sequence-validated raw-screen strain,True,PBY840,,,1.0,RPC82 Y494A,False,S1,0.0,-0.01,,,,1.0,0.0,-0.972988763908188,unchanged,0.0,0.510848591637485,0.0,0.510848591637485,False,True,False,False
PBY842,RPC82,YPR190C,RPC82 Y492,492.0,Y,A,True,False,True,point mutation to alanine,,492,492,source workbook coordinate,P32349,MATCH,102.0,102.0,0.0,0.627334278267794,True,False,False,include: sequence-validated raw-screen strain,True,PBY842,,,1.0,RPC82 Y492A,False,Y2,0.0,-0.01,,,,1.0,0.0,-0.00647555451418565,unchanged,0.0,0.627334278267794,0.0,0.627334278267794,False,True,False,False
PBY844,RPC82,YPR190C,RPC82 Y106,106.0,Y,A,True,False,True,point mutation to alanine,,106,106,source workbook coordinate,P32349,MATCH,102.0,102.0,11.0,6.25398608459726e-06,True,False,False,include: sequence-validated raw-screen strain,True,PBY844,,,1.0,RPC82 Y106A,False,S1,0.0,-0.04,,,,1.0,1.0,-0.0207117365439122,gains,11.0,6.25398608459726e-06,11.0,6.25398608459726e-06,True,True,False,False
PBY845,RPO21,YDL140C,RPO21 T1471,1471.0,T,A,True,False,True,point mutation to alanine,,1471,1471,source workbook coordinate,P04050,MATCH,102.0,102.0,0.0,0.110091863125234,True,False,False,include: sequence-validated raw-screen strain,True,PBY845,,,1.0,RPO21 T1471A,False,Y0,1.0,-0.7,,2.0,0.0,1.0,3.0,-0.268119919299768,unchanged,0.0,0.110091863125234,0.0,0.110091863125234,False,True,True,False
PBY847,RPO21,YDL140C,RPO21 T1460,1460.0,T,A,True,False,True,point mutation to alanine,,1460,1460,source workbook coordinate,P04050,MATCH,102.0,102.0,0.0,0.471414250067525,True,False,False,include: sequence-validated raw-screen strain,True,PBY847,,,1.0,RPO21 T1460A,False,S1,1.0,-0.93,,,,1.0,2.0,-0.874469583395115,unchanged,0.0,0.471414250067525,0.0,0.471414250067525,False,True,True,False
PBY850,MSL5,YLR116W,MSL5 Y100,100.0,Y,A,True,False,True,point mutation to alanine,Deletion of protein Kinase YBR274W/CHK1 causes Fold Change logFC 1.807 - PMID 21177495|Deletion of protein Kinase YLL019C/KNS1 causes Fold Change logFC -1.855 - PMID 21177495.,100,100,source workbook coordinate,Q12186,MATCH,102.0,102.0,2.0,0.0214962252422644,True,False,False,include: sequence-validated raw-screen strain,True,PBY850,,,1.0,MSL5 Y100A,False,S1,0.0,-0.34,,2.0,1.0,3.0,0.0,0.0,unknown,2.0,0.0214962252422644,2.0,0.0214962252422644,True,True,False,False
PBY852,PRM15,YMR278W,PRM15 S158,158.0,S,A,True,False,True,point mutation to alanine,"1 peptide occurrence in PMID 17330950|PMID 19823750: 5,20 min 0.4M NaCl ratio (log2); -0.051,0.207.",158,158,source workbook coordinate,Q03262,MATCH,102.0,102.0,1.0,0.0187928028333063,True,False,False,include: sequence-validated raw-screen strain,True,PBY852,0.117586677525568,0.241562639521416,0.43346882876003,PRM15 S158A,False,Y0,0.0,-0.1,,6.0,0.0,12.0,0.0,0.0,unknown,1.0,0.0187928028333063,1.0,0.0187928028333063,True,True,True,True
PBY853,PUP2,YGR253C,PUP2 S16,16.0,S,A,True,False,True,point mutation to alanine,Deletion of protein Phosphatase YNL099C/OCA1 causes Fold Change logFC -1.586 - PMID 21177495.,16,16,source workbook coordinate,P32379,MATCH,102.0,102.0,0.0,0.0949311161426169,True,False,False,include: sequence-validated raw-screen strain,True,PBY853,,,1.0,PUP2 S16A,False,Y0,0.0,-0.05,,3.0,1.0,2.0,0.0,0.0,unchanged,0.0,0.0949311161426169,0.0,0.0949311161426169,False,True,False,False
PBY854,DBP5,YOR046C,DBP5 S86,86.0,S,A,True,False,True,point mutation to alanine,"1 peptide occurrence in PMID 17330950|PMID 21126336: Predicted protein kinase = PHO85, accumulates in nat3 cells.",86,86,source workbook coordinate,P20449,MATCH,102.0,102.0,0.0,0.618809250739345,True,False,False,include: sequence-validated raw-screen strain,True,PBY854,,,1.0,DBP5 S86A,False,Y0,0.0,-0.12,,3.0,,2.0,1.0,-0.00909595156348883,unchanged,0.0,0.618809250739345,0.0,0.618809250739345,False,True,True,False
PBY857,TDH3,YGR192C,TDH3 T151,151.0,T,A,True,False,True,point mutation to alanine,,151,151,source workbook coordinate,P00359,MATCH,102.0,102.0,1.0,3.25929658388168e-12,True,False,False,include: sequence-validated raw-screen strain,True,PBY857,0.564255940926734,7.99785156269514e-10,1.67533943260667e-08,TDH3 T151A,False,S1,0.0,-0.01,,2.0,0.0,1.0,0.0,0.0,losses,1.0,3.25929658388168e-12,1.0,3.25929658388168e-12,True,True,True,True
PBY858,RPS14A,YCR031C,RPS14A T120,119.0,T,A,True,False,True,point mutation to alanine,PMID 21126336: Predicted protein kinase = CDC28,119,119,source workbook coordinate,P06367,MATCH,102.0,102.0,7.0,5.62110742060757e-07,True,False,False,include: sequence-validated raw-screen strain,True,PBY858,0.524081820959171,1.86070764291318e-08,3.2198332255628e-07,RPS14A T119A,False,Y0,0.0,-0.04,,1.0,,1.0,0.0,-0.00548809640412317,losses,6.0,8.70421016781102e-06,7.0,5.62110742060757e-07,True,True,False,False
PBY860,TDH3,YGR192C,TDH3 S149,149.0,S,A,True,False,True,point mutation to alanine,"PMID 19823750: 5,20 min 0.4M NaCl ratio (log2); -0.121,0.021|PMID 19823750: best predicted motif = CK1.",149,149,source workbook coordinate,P00359,MATCH,102.0,102.0,1.0,0.000208853392548523,True,False,False,include: sequence-validated raw-screen strain,True,PBY860,0.380827404479128,8.53910296187445e-05,0.000828917799713666,TDH3 S149A,False,Y0,0.0,-0.01,,5.0,0.0,5.0,0.0,-0.00948986874785712,unknown,1.0,0.000208853392548523,1.0,0.000208853392548523,True,True,True,True
PBY861,STE11,YLR362W,STE11 T231,231.0,T,A,True,False,True,point mutation to alanine,PMID 21126336: Predicted protein kinase = SNF1,231,231,source workbook coordinate,P23561,MATCH,102.0,102.0,0.0,0.29152882155617,True,False,False,include: sequence-validated raw-screen strain,True,PBY861,0.109886906912752,0.276439140020356,0.46935377327846,STE11 T231A,False,,1.0,-0.92,,1.0,,,0.0,-0.375735529156781,unchanged,0.0,0.29152882155617,0.0,0.29152882155617,False,True,True,False
PBY863,STE11,YLR362W,STE11 S387,387.0,S,A,True,False,True,point mutation to alanine,,387,387,source workbook coordinate,P23561,MATCH,102.0,102.0,0.0,0.498003361577705,True,False,False,include: sequence-validated raw-screen strain,True,PBY863,0.179111232101953,0.0745794367651433,0.203305587894021,STE11 S387A,False,,1.0,-0.88,,1.0,,,1.0,-0.536979667182387,unchanged,0.0,0.498003361577705,0.0,0.498003361577705,False,True,True,False
PBY866,RPA34,YJL148W,RPA34 S151,151.0,S,A,True,False,True,point mutation to alanine,,151,151,source workbook coordinate,P47006,MATCH,102.0,102.0,1.0,8.94837339800323e-06,True,False,False,include: sequence-validated raw-screen strain,True,PBY866,0.191725297348534,0.0560153851691808,0.165141654054326,RPA34 S151A,False,S1,0.0,-0.03,,,,1.0,0.0,-0.0783700863183515,unknown,1.0,8.94837339800323e-06,1.0,8.94837339800323e-06,True,True,False,False
PBY868,RPA34,YJL148W,RPA34 S60,60.0,S,A,True,False,True,point mutation to alanine,,60,60,source workbook coordinate,P47006,MATCH,102.0,102.0,0.0,0.654962390940278,True,False,False,include: sequence-validated raw-screen strain,True,PBY868,0.0264344066089588,0.794041439377036,0.881912636592363,RPA34 S60A,False,S1,0.0,-0.01,,1.0,,1.0,0.0,-0.815903882995565,unchanged,0.0,0.654962390940278,0.0,0.654962390940278,False,True,False,False
PBY870,RPA34,YJL148W,RPA34 S14,14.0,S,A,True,False,True,point mutation to alanine,"1 peptide occurrence in PMID 17330950|Possible site for GSK3 PMID 19795423|PMID 19823750: 5,20 min 0.4M NaCl ratio (log2); 0.31,0.36|PMID 19823750: best predicted motif = CK2.",14,14,source workbook coordinate,P47006,MATCH,102.0,102.0,0.0,0.428588443854091,True,False,False,include: sequence-validated raw-screen strain,True,PBY870,-0.0377698128060302,0.709086896902823,0.830048779315657,RPA34 S14A,False,Y2,1.0,-0.87,,5.0,,20.0,1.0,-0.408583282490714,unchanged,0.0,0.428588443854091,0.0,0.428588443854091,False,True,False,False
PBY871,RPA43,YOR340C,RPA43 S244,244.0,S,A,True,False,True,point mutation to alanine,,244,244,source workbook coordinate,P46669,MATCH,102.0,102.0,1.0,0.0242061648761209,True,False,False,include: sequence-validated raw-screen strain,True,PBY871,,,1.0,RPA43 S244A,False,,0.0,-0.01,,1.0,,,0.0,-0.187981010202214,unknown,1.0,0.0242061648761209,1.0,0.0242061648761209,True,True,False,False
PBY876,RPA49,YNL248C,RPA49 S151,151.0,S,A,True,False,True,point mutation to alanine,,151,151,source workbook coordinate,Q01080,MATCH,102.0,102.0,22.0,2.79330843547001e-12,True,False,False,include: sequence-validated raw-screen strain,True,PBY876,0.0993133543978637,0.323099354078288,0.522737979362434,RPA49 S151A,False,Y2,0.0,-0.28,,1.0,0.0,3.0,0.0,-1.0,gains,22.0,2.79330843547001e-12,22.0,2.79330843547001e-12,True,True,False,False
PBY879,RPC53,YDL150W,RPC53 S234,234.0,S,A,True,False,True,point mutation to alanine,"Possible site for Rad53, PMID 19795423|PMID 19823750: 5,20 min 0.4M NaCl ratio (log2); -0.344,0.792|Deletion of protein Kinase YDL108W/KIN28 causes Fold Change logFC -1.775 - PMID 21177495|Deletion of protein Kinase YLL019C/KNS1 causes Fold Change logFC -1.906 - PMID 21177495|Deletion of protein Kinase YPL031C/PHO85 causes Fold Change logFC -1.86 - PMID 21177495.",234,234,source workbook coordinate,P25441,MATCH,102.0,102.0,0.0,0.0700582490166043,True,False,False,include: sequence-validated raw-screen strain,True,PBY879,,,1.0,RPC53 S234A,False,S1,1.0,-0.64,,3.0,4.0,2.0,0.0,-0.829804708751026,unchanged,0.0,0.0700582490166043,0.0,0.0700582490166043,False,True,False,False
PBY881,RPC53,YDL150W,RPC53 S181,181.0,S,A,True,False,True,point mutation to alanine,PMID 19684113: Up-regulated by rapamycin.,181,181,source workbook coordinate,P25441,MATCH,102.0,102.0,0.0,0.298585361274788,True,False,False,include: sequence-validated raw-screen strain,True,PBY881,,,1.0,RPC53 S181A,False,S1,1.0,-0.96,,3.0,0.0,9.0,0.0,-0.104028135174407,unchanged,0.0,0.298585361274788,0.0,0.298585361274788,False,True,False,False
PBY882,PDA1,YER178W,PDA1 S313,313.0,S,A,True,False,True,point mutation to alanine,"13 peptide occurrences in PMID 17330950|PMID 19684113: Up-regulated by cycloheximide|PMID 21126336: Predicted protein kinase = CKA2, accumulates in nat3 cells|Deletion of protein Kinase YIL042C/PKP1 causes Decreased logFC -10.47 - PMID 21177495|Deletion of protein Kinase YBR274W/CHK1 causes Fold Change logFC -2.571 - PMID 21177495|Deletion of protein Phosphatase YBR276C/PPS1 causes Fold Change logFC -2.594 - PMID 21177495|Deletion of protein Phosphatase YDL230W/PTP1 causes Fold Change logFC -3.728 - PMID 21177495|Deletion of protein Phosphatase YGR203W/YCH1 causes Fold Change logFC -3.435 - PMID 21177495|Deletion of protein Kinase YGR262C/BUD32 causes Fold Change logFC -3.551 - PMID 21177495|Deletion of protein Kinase YJL106W/IME2 causes Fold Change logFC -1.7 - PMID 21177495|Deletion of protein Kinase YJR066W/TOR1 causes Fold Change logFC -1.733 - PMID 21177495|Deletion of protein Kinase YKL139W/CTK1 causes Fold Change logFC -1.77 - PMID 21177495|Deletion of protein Phosphatase YNL099C/OCA1 causes Fold Change logFC -2.978 - PMID 21177495|Deletion of protein Kinase YNL298W/CLA4 causes Fold Change logFC -2.551 - PMID 21177495|Deletion of protein Phosphatase YNR032W/PPG1 causes Fold Change logFC -2.092 - PMID 21177495|Deletion of protein Kinase YOL045W/PSK2 causes Fold Change logFC -2.79 - PMID 21177495|Deletion of protein Kinase YOL100W/PKH2 causes Fold Change logFC -3.917 - PMID 21177495|Deletion of protein Kinase YOR061W/CKA2 causes Fold Change logFC -1.544 - PMID 21177495|Deletion of protein Kinase YPL026C/SKS1 causes Fold Change logFC -4.292 - PMID 21177495.",313,313,source workbook coordinate,P16387,MATCH,102.0,102.0,0.0,0.251946748243047,True,False,False,include: sequence-validated raw-screen strain,True,PBY882,0.208492415596122,0.0354756378849232,0.117660865651662,PDA1 S313A,False,Y0,0.0,-0.03,,13.0,14.0,27.0,0.0,0.0,unchanged,0.0,0.251946748243047,0.0,0.251946748243047,False,True,True,False
PBY886,PDA1,YER178W,PDA1 S315,315.0,S,A,True,False,True,point mutation to alanine,,315,315,source workbook coordinate,P16387,MATCH,102.0,102.0,2.0,0.0132339509352649,True,False,False,include: sequence-validated raw-screen strain,True,PBY886,0.124356407962559,0.213021665505787,0.39433778079676,PDA1 S315A,False,S1,0.0,-0.04,,2.0,0.0,4.0,0.0,0.0,unknown,2.0,0.0132339509352649,2.0,0.0132339509352649,True,True,True,False
PBY890,GLO3,YER122C,GLO3 S390,389.0,S,A,True,False,True,point mutation to alanine,"Possible site for Rad53, PMID 19795423|PMID 19823750: 5,20 min 0.4M NaCl ratio (log2); -1.949,-0.353|PMID 21126336: Predicted protein kinase = CKA2, accumulates in nat3 cells|Deletion of protein Kinase YKL139W/CTK1 causes Fold Change logFC 1.819 - PMID 21177495|Deletion of protein Kinase YPL042C/SSN3 causes Fold Change logFC 1.871 - PMID 21177495.",389,389,source workbook coordinate,P38682,MATCH,102.0,102.0,0.0,0.370175879814332,True,False,False,include: sequence-validated raw-screen strain,True,PBY890,0.0846906148114358,0.397377840520669,0.608293771258563,GLO3 S389A,False,Y0,1.0,-0.87,,9.0,0.0,18.0,1.0,0.0,unchanged,2.0,0.185087958657658,0.0,0.370175879814332,False,True,False,False
PBY894,ARP8,YOR141C,ARP8 T235,235.0,T,A,True,False,True,point mutation to alanine,,235,235,source workbook coordinate,Q12386,MATCH,102.0,102.0,0.0,0.412129837488248,True,False,False,include: sequence-validated raw-screen strain,True,PBY894,0.0628031094317431,0.534765167197761,0.717522270763938,ARP8 T235A,False,,1.0,-0.95,,1.0,0.0,,0.0,-0.659091894436698,unchanged,0.0,0.412129837488248,0.0,0.412129837488248,False,True,True,False
PBY895,STE11,YLR362W,STE11 S323,323.0,S,A,True,False,True,point mutation to alanine,3 peptide occurrences in PMID 17330950.,323,323,source workbook coordinate,P23561,MATCH,102.0,102.0,1.0,0.001442832588468,True,False,False,include: sequence-validated raw-screen strain,True,PBY895,0.250884608569808,0.0118120963464599,0.0528226330998995,STE11 S323A,False,S1,1.0,-0.96,,4.0,0.0,3.0,0.0,-0.721991954003843,unknown,1.0,0.001442832588468,1.0,0.001442832588468,True,True,True,False
PBY896,STE11,YLR362W,STE11 S616,616.0,S,A,True,False,True,point mutation to alanine,,616,616,source workbook coordinate,P23561,MATCH,96.0,96.0,7.0,0.000762694752273656,True,False,False,include: sequence-validated raw-screen strain,True,PBY896,0.528536099413021,4.36408257078913e-08,7.23710359655864e-07,STE11 S616A,False,Y1,0.0,-0.2,Protein kinase,1.0,0.0,3.0,7.0,0.0,losses,7.0,0.000762694752273656,7.0,0.000762694752273656,True,True,True,False
PBY897,ENO1,YGR254W,ENO1 Y290,290.0,Y,A,True,False,True,point mutation to alanine,,290,290,source workbook coordinate,P00924,MATCH,102.0,102.0,0.0,0.353682760523496,True,False,False,include: sequence-validated raw-screen strain,True,PBY897,0.367612381110071,0.000144151700067411,0.00133424131690301,ENO1 Y290A,False,,0.0,-0.01,,,,,0.0,-0.000855706390505454,unknown,0.0,0.353682760523496,0.0,0.353682760523496,False,True,True,False
PBY899,YPK1,YKL126W,YPK1 T508,508.0,T,A,True,False,True,point mutation to alanine,1 peptide occurrence in PMID 17330950.,508,508,source workbook coordinate,P12688,MATCH,102.0,102.0,25.0,4.81978753275192e-27,True,False,False,include: sequence-validated raw-screen strain,True,PBY899,-0.390395042127362,5.93404741244595e-05,0.000605577146193202,YPK1 T508A,False,Y1,1.0,-0.5,Protein kinase,1.0,,1.0,0.0,0.0,gains,25.0,4.81978753275192e-27,25.0,4.81978753275192e-27,True,True,True,False
